-- phpMyAdmin SQL Dump
-- version 4.0.10.14
-- http://www.phpmyadmin.net
--
-- Host: localhost:3306
-- Generation Time: Oct 12, 2016 at 11:47 AM
-- Server version: 5.6.28-76.1-log
-- PHP Version: 5.6.20

SET SQL_MODE = "NO_AUTO_VALUE_ON_ZERO";
SET time_zone = "+00:00";


/*!40101 SET @OLD_CHARACTER_SET_CLIENT=@@CHARACTER_SET_CLIENT */;
/*!40101 SET @OLD_CHARACTER_SET_RESULTS=@@CHARACTER_SET_RESULTS */;
/*!40101 SET @OLD_COLLATION_CONNECTION=@@COLLATION_CONNECTION */;
/*!40101 SET NAMES utf8 */;

--
-- Database: `shopboxf_pos`
--

-- --------------------------------------------------------

--
-- Table structure for table `aauth_groups`
--

CREATE TABLE IF NOT EXISTS `aauth_groups` (
  `id` int(11) unsigned NOT NULL AUTO_INCREMENT,
  `name` varchar(100) DEFAULT NULL,
  `definition` text,
  PRIMARY KEY (`id`)
) ENGINE=InnoDB  DEFAULT CHARSET=utf8 AUTO_INCREMENT=6 ;

--
-- Dumping data for table `aauth_groups`
--

INSERT INTO `aauth_groups` (`id`, `name`, `definition`) VALUES
(1, 'Admin', 'Super Admin Group'),
(2, 'Tenant', 'Supplier Team'),
(3, 'Cashier', 'Sales Team'),
(5, 'Default', 'Default Access Group');

-- --------------------------------------------------------

--
-- Table structure for table `aauth_perms`
--

CREATE TABLE IF NOT EXISTS `aauth_perms` (
  `id` int(11) unsigned NOT NULL AUTO_INCREMENT,
  `name` varchar(100) DEFAULT NULL,
  `definition` text,
  PRIMARY KEY (`id`)
) ENGINE=InnoDB  DEFAULT CHARSET=utf8 AUTO_INCREMENT=4 ;

--
-- Dumping data for table `aauth_perms`
--

INSERT INTO `aauth_perms` (`id`, `name`, `definition`) VALUES
(1, 'Admin_Perm', ''),
(2, 'Tenant_Perm', ''),
(3, 'Cashier_Perm', '');

-- --------------------------------------------------------

--
-- Table structure for table `aauth_perm_to_group`
--

CREATE TABLE IF NOT EXISTS `aauth_perm_to_group` (
  `perm_id` int(11) unsigned NOT NULL,
  `group_id` int(11) unsigned NOT NULL,
  PRIMARY KEY (`perm_id`,`group_id`)
) ENGINE=InnoDB DEFAULT CHARSET=utf8;

--
-- Dumping data for table `aauth_perm_to_group`
--

INSERT INTO `aauth_perm_to_group` (`perm_id`, `group_id`) VALUES
(1, 1),
(2, 2),
(3, 3);

-- --------------------------------------------------------

--
-- Table structure for table `aauth_perm_to_user`
--

CREATE TABLE IF NOT EXISTS `aauth_perm_to_user` (
  `perm_id` int(11) unsigned NOT NULL,
  `user_id` int(11) unsigned NOT NULL,
  PRIMARY KEY (`perm_id`,`user_id`)
) ENGINE=InnoDB DEFAULT CHARSET=utf8;

-- --------------------------------------------------------

--
-- Table structure for table `aauth_pms`
--

CREATE TABLE IF NOT EXISTS `aauth_pms` (
  `id` int(11) unsigned NOT NULL AUTO_INCREMENT,
  `sender_id` int(11) unsigned NOT NULL,
  `receiver_id` int(11) unsigned NOT NULL,
  `title` varchar(255) NOT NULL,
  `message` text,
  `date_sent` datetime DEFAULT NULL,
  `date_read` datetime DEFAULT NULL,
  PRIMARY KEY (`id`),
  KEY `full_index` (`id`,`sender_id`,`receiver_id`,`date_read`)
) ENGINE=InnoDB DEFAULT CHARSET=utf8 AUTO_INCREMENT=1 ;

-- --------------------------------------------------------

--
-- Table structure for table `aauth_system_variables`
--

CREATE TABLE IF NOT EXISTS `aauth_system_variables` (
  `id` int(11) unsigned NOT NULL AUTO_INCREMENT,
  `data_key` varchar(100) NOT NULL,
  `value` text,
  PRIMARY KEY (`id`)
) ENGINE=InnoDB DEFAULT CHARSET=utf8 AUTO_INCREMENT=1 ;

-- --------------------------------------------------------

--
-- Table structure for table `aauth_users`
--

CREATE TABLE IF NOT EXISTS `aauth_users` (
  `id` bigint(20) unsigned NOT NULL AUTO_INCREMENT,
  `email` varchar(100) NOT NULL,
  `pass` varchar(64) NOT NULL,
  `name` varchar(100) DEFAULT NULL,
  `letter_code` varchar(3) NOT NULL,
  `banned` tinyint(1) DEFAULT '0',
  `last_login` datetime DEFAULT NULL,
  `last_activity` datetime DEFAULT NULL,
  `last_login_attempt` datetime DEFAULT NULL,
  `forgot_exp` text,
  `remember_time` datetime DEFAULT NULL,
  `remember_exp` text,
  `verification_code` text,
  `totp_secret` varchar(16) DEFAULT NULL,
  `ip_address` text,
  `login_attempts` int(11) DEFAULT '0',
  PRIMARY KEY (`id`)
) ENGINE=InnoDB  DEFAULT CHARSET=utf8 AUTO_INCREMENT=201601000000112 ;

--
-- Dumping data for table `aauth_users`
--

INSERT INTO `aauth_users` (`id`, `email`, `pass`, `name`, `letter_code`, `banned`, `last_login`, `last_activity`, `last_login_attempt`, `forgot_exp`, `remember_time`, `remember_exp`, `verification_code`, `totp_secret`, `ip_address`, `login_attempts`) VALUES
(201601000000004, 'admin@qwerty.com', 'e2ac9ce1286167667ae2bbac774a8201d5e31029cf81ef4c3031d15997371e47', 'admin', 'ADM', 0, '2016-10-11 01:44:28', '2016-10-11 01:44:28', '2016-10-11 01:00:00', NULL, NULL, NULL, NULL, NULL, '112.198.102.55', NULL),
(201601000000005, 'tenant@qwerty.com', '8bd93dc687a9f7c61b145a7b7cfd70248c71271cda94ae40e278b99de2df5415', 'tenant', '', 0, '2016-08-12 01:12:20', '2016-08-12 01:12:20', '2016-08-12 01:00:00', NULL, NULL, NULL, NULL, NULL, '130.105.212.222', NULL),
(201601000000006, 'cashier@qwerty.com', '7db50360b75eb6f94b3865aa3d9e53bed7b1881ebe44b575f3d7e4244824fef1', 'cashier', '', 0, '2016-10-11 21:37:18', '2016-10-11 21:37:18', '2016-10-11 21:00:00', NULL, NULL, NULL, NULL, NULL, '180.191.95.27', NULL),
(201601000000100, 'MUGSY1222@YAHOO.COM', '4a20b33b2fc8dd62d6faab6e53b5b36d0365767fdd0f803206498355d72efe74', '8THGRAVITY', 'GRA', 0, '2016-10-09 06:58:30', '2016-10-09 06:58:30', '2016-10-09 06:00:00', NULL, NULL, NULL, NULL, NULL, '49.148.196.157', NULL),
(201601000000101, 'delacruz.may12@gmail.com', '07e3f2b832a0c92059d8db70c1efde5bf2c0d27eb9da5583342961fa4418b783', 'TWELFTHDISTRICT', 'TWE', 0, '2016-10-11 10:28:41', '2016-10-11 10:28:41', '2016-10-11 10:00:00', NULL, NULL, NULL, NULL, NULL, '112.198.98.68', NULL),
(201601000000102, 'saliebelen@yahoo.com', '0cdf725b6bf18418bc9c23b6b44833a2c7909e69d9d45ac6c95d6f02bf3af2e0', 'UCOMPLETEME', 'UCO', 0, '2016-10-10 21:41:32', '2016-10-10 21:41:32', '2016-10-10 21:00:00', NULL, NULL, NULL, NULL, NULL, '49.149.69.96', NULL),
(201601000000103, 'stylecrewclothing@gmail.com', '684d46cfdc4264f26af946500fc9f60c526b187717f06bbd3065214be45b17e6', 'STYLECREW', 'STY', 0, '2016-10-11 09:37:34', '2016-10-11 09:37:34', '2016-10-11 09:00:00', NULL, NULL, NULL, NULL, NULL, '49.148.196.157', NULL),
(201601000000104, 'draning.delacruz@facebook.com', 'a5cf4464b08fbc821361373f432ee7ac67856097bd060efc465d0f908350cf6b', '27THFASHION', '27T', 0, '2016-10-11 08:31:35', '2016-10-11 08:31:35', '2016-10-11 08:00:00', NULL, NULL, NULL, NULL, NULL, '49.148.196.157', NULL),
(201601000000105, 'thepurplerowclothing@yahoo.com', 'daa376fde602f4463a2c20408dffb2d81895c2907dedfa37784ec42357175fdd', 'PURPLEROW', 'PUR', 0, '2016-10-11 08:25:30', '2016-10-11 08:25:30', '2016-10-11 08:00:00', NULL, NULL, NULL, NULL, NULL, '121.54.44.191', NULL),
(201601000000106, 'novelyn_antonio04@ymail.com', '60b8891e5b1ed5ede298dd9ef8e339338a10ccb0628ce1a67fe3b259fc1c826e', 'GETGLAM', 'GET', 0, '2016-10-11 10:33:08', '2016-10-11 10:33:08', '2016-10-11 10:00:00', NULL, NULL, NULL, NULL, NULL, '49.148.74.76', NULL),
(201601000000107, 'fancylab@ymail.com', '2948a8e6a402c2ba3a2fb0b0a1893e9aa3a215ad02876bc5a8bbe45e4a9c2f44', 'FANCYLAB', 'FAN', 0, '2016-08-19 04:39:57', '2016-08-19 04:39:57', '2016-08-19 04:00:00', NULL, NULL, NULL, NULL, NULL, '112.198.102.158', NULL),
(201601000000108, 'mugsy1222@gmail.com', '84a6599012be1f0f20bae8c55ce6dcef1dc8255240af79d0250284761156c140', 'SKULMATE', 'SKU', 0, '2016-09-24 20:08:02', '2016-09-24 20:08:02', '2016-09-24 20:00:00', NULL, NULL, NULL, NULL, NULL, '130.105.225.153', NULL),
(201601000000109, 'ton2tamayo@yahoo.com', '6505afc9eb63721a1b3e528349ae62db139f411e93ffe9c905fc8ed14c07041f', 'ZERO2TEN', 'ZER', 0, '2016-10-10 23:48:23', '2016-10-10 23:48:23', '2016-10-10 23:00:00', NULL, NULL, NULL, NULL, NULL, '112.198.69.8', NULL),
(201601000000110, 'izalorenzo@yahoo.com', '5ab05b15998650ed7a3a2f51405e2ce33779e8b1cba8d58b88d9bb2e55e4579f', 'SIMPLYFAB', 'SIM', 0, '2016-08-20 01:25:24', '2016-08-20 01:25:24', '2016-08-20 01:00:00', NULL, NULL, NULL, NULL, NULL, '130.105.224.55', NULL),
(201601000000111, 'lizslopez05@gmail.com', '6995478b5e1cd7a2571e34f6092631f41d6d0039faab4d8182bf68b9a8ae043c', 'LIZPICKS', 'LIZ', 0, '2016-10-11 22:16:57', '2016-10-11 22:16:57', '2016-10-11 22:00:00', NULL, NULL, NULL, NULL, NULL, '112.198.101.15', NULL);

-- --------------------------------------------------------

--
-- Table structure for table `aauth_user_to_group`
--

CREATE TABLE IF NOT EXISTS `aauth_user_to_group` (
  `user_id` bigint(20) unsigned NOT NULL DEFAULT '0',
  `group_id` int(11) unsigned NOT NULL DEFAULT '0',
  PRIMARY KEY (`user_id`,`group_id`)
) ENGINE=InnoDB DEFAULT CHARSET=utf8;

--
-- Dumping data for table `aauth_user_to_group`
--

INSERT INTO `aauth_user_to_group` (`user_id`, `group_id`) VALUES
(201601000000004, 1),
(201601000000005, 2),
(201601000000006, 3),
(201601000000010, 4),
(201601000000011, 4),
(201601000000012, 2),
(201601000000012, 4),
(201601000000013, 2),
(201601000000013, 4),
(201601000000014, 2),
(201601000000015, 2),
(201601000000016, 2),
(201601000000017, 2),
(201601000000018, 3),
(201601000000018, 5),
(201601000000019, 3),
(201601000000019, 5),
(201601000000020, 2),
(201601000000020, 5),
(201601000000021, 3),
(201601000000021, 5),
(201601000000022, 2),
(201601000000022, 5),
(201601000000023, 2),
(201601000000023, 5),
(201601000000024, 2),
(201601000000024, 5),
(201601000000025, 2),
(201601000000025, 5),
(201601000000026, 2),
(201601000000026, 5),
(201601000000027, 2),
(201601000000027, 5),
(201601000000028, 2),
(201601000000028, 5),
(201601000000029, 2),
(201601000000029, 5),
(201601000000030, 2),
(201601000000030, 5),
(201601000000031, 2),
(201601000000031, 5),
(201601000000032, 2),
(201601000000032, 5),
(201601000000033, 2),
(201601000000033, 5),
(201601000000034, 2),
(201601000000034, 5),
(201601000000035, 2),
(201601000000035, 5),
(201601000000036, 2),
(201601000000036, 5),
(201601000000037, 2),
(201601000000037, 5),
(201601000000038, 2),
(201601000000038, 5),
(201601000000039, 2),
(201601000000039, 5),
(201601000000040, 2),
(201601000000040, 5),
(201601000000041, 2),
(201601000000041, 5),
(201601000000042, 2),
(201601000000042, 5),
(201601000000043, 2),
(201601000000043, 5),
(201601000000044, 2),
(201601000000044, 5),
(201601000000045, 2),
(201601000000045, 5),
(201601000000046, 2),
(201601000000046, 5),
(201601000000047, 2),
(201601000000047, 5),
(201601000000048, 2),
(201601000000048, 5),
(201601000000049, 2),
(201601000000049, 5),
(201601000000050, 2),
(201601000000050, 5),
(201601000000051, 2),
(201601000000051, 5),
(201601000000052, 2),
(201601000000052, 5),
(201601000000053, 2),
(201601000000053, 5),
(201601000000054, 2),
(201601000000054, 5),
(201601000000055, 2),
(201601000000055, 5),
(201601000000056, 2),
(201601000000056, 5),
(201601000000057, 2),
(201601000000057, 5),
(201601000000058, 2),
(201601000000058, 5),
(201601000000059, 2),
(201601000000059, 5),
(201601000000060, 2),
(201601000000060, 5),
(201601000000061, 2),
(201601000000061, 5),
(201601000000062, 2),
(201601000000062, 5),
(201601000000063, 2),
(201601000000063, 5),
(201601000000064, 2),
(201601000000064, 5),
(201601000000065, 2),
(201601000000065, 5),
(201601000000066, 2),
(201601000000066, 5),
(201601000000067, 2),
(201601000000067, 5),
(201601000000068, 2),
(201601000000068, 5),
(201601000000069, 2),
(201601000000069, 5),
(201601000000070, 2),
(201601000000070, 5),
(201601000000071, 2),
(201601000000071, 5),
(201601000000072, 2),
(201601000000072, 5),
(201601000000073, 2),
(201601000000073, 5),
(201601000000074, 2),
(201601000000074, 5),
(201601000000075, 2),
(201601000000075, 5),
(201601000000076, 2),
(201601000000076, 5),
(201601000000077, 2),
(201601000000077, 5),
(201601000000078, 2),
(201601000000078, 5),
(201601000000079, 2),
(201601000000079, 5),
(201601000000080, 2),
(201601000000080, 5),
(201601000000081, 2),
(201601000000081, 5),
(201601000000082, 2),
(201601000000082, 5),
(201601000000083, 2),
(201601000000083, 5),
(201601000000084, 2),
(201601000000084, 5),
(201601000000085, 2),
(201601000000085, 5),
(201601000000086, 2),
(201601000000086, 5),
(201601000000087, 2),
(201601000000087, 5),
(201601000000088, 2),
(201601000000088, 5),
(201601000000089, 2),
(201601000000089, 5),
(201601000000090, 2),
(201601000000090, 5),
(201601000000091, 2),
(201601000000091, 5),
(201601000000092, 2),
(201601000000092, 5),
(201601000000093, 2),
(201601000000093, 5),
(201601000000094, 2),
(201601000000094, 5),
(201601000000095, 2),
(201601000000095, 5),
(201601000000096, 2),
(201601000000096, 5),
(201601000000097, 2),
(201601000000097, 5),
(201601000000098, 2),
(201601000000098, 5),
(201601000000099, 2),
(201601000000099, 5),
(201601000000100, 2),
(201601000000100, 5),
(201601000000101, 2),
(201601000000101, 5),
(201601000000102, 2),
(201601000000102, 5),
(201601000000103, 2),
(201601000000103, 5),
(201601000000104, 2),
(201601000000104, 5),
(201601000000105, 2),
(201601000000105, 5),
(201601000000106, 2),
(201601000000106, 5),
(201601000000107, 2),
(201601000000107, 5),
(201601000000108, 2),
(201601000000108, 5),
(201601000000109, 2),
(201601000000109, 5),
(201601000000110, 2),
(201601000000110, 5),
(201601000000111, 2),
(201601000000111, 5);

-- --------------------------------------------------------

--
-- Table structure for table `aauth_user_variables`
--

CREATE TABLE IF NOT EXISTS `aauth_user_variables` (
  `id` int(11) unsigned NOT NULL AUTO_INCREMENT,
  `user_id` int(11) unsigned NOT NULL,
  `data_key` varchar(100) NOT NULL,
  `value` text,
  PRIMARY KEY (`id`),
  KEY `user_id_index` (`user_id`)
) ENGINE=InnoDB DEFAULT CHARSET=utf8 AUTO_INCREMENT=1 ;

-- --------------------------------------------------------

--
-- Table structure for table `overwatch_expense`
--

CREATE TABLE IF NOT EXISTS `overwatch_expense` (
  `expense_id` bigint(20) NOT NULL AUTO_INCREMENT,
  `expense_amount` float DEFAULT NULL,
  `expense_name` varchar(250) DEFAULT NULL,
  `expense_category` varchar(250) DEFAULT NULL,
  `expense_date_acquired` date DEFAULT NULL,
  `expense_date_input` date DEFAULT NULL,
  PRIMARY KEY (`expense_id`)
) ENGINE=InnoDB  DEFAULT CHARSET=latin1 AUTO_INCREMENT=1202000000101 ;

--
-- Dumping data for table `overwatch_expense`
--

INSERT INTO `overwatch_expense` (`expense_id`, `expense_amount`, `expense_name`, `expense_category`, `expense_date_acquired`, `expense_date_input`) VALUES
(1202000000008, 1000, 'John Dave Villaluz', 'Salary', '2015-10-26', '2015-11-03'),
(1202000000009, 1000, 'Ems Mosqueriola', 'Salary', '2015-10-26', '2015-11-03'),
(1202000000010, 100, 'JM Alvarez', 'Transportation', '2015-10-26', '2015-11-03'),
(1202000000011, 4500, 'Ems Mosqueriola (JFFC Seminar)', 'JFFC Seminar', '2015-10-26', '2015-11-03'),
(1202000000012, 1500, 'Ems Mosqueriola', 'Forwarded Salary', '2015-10-26', '2015-11-03'),
(1202000000013, 2800, 'Hikari Umikawa', 'Salary', '2015-10-28', '2015-11-03'),
(1202000000014, 1000, 'Lyzh Agbayani', 'Salary', '2015-10-26', '2015-11-03'),
(1202000000015, 2000, 'RR Joson', 'Salary', '2015-10-29', '2015-11-03'),
(1202000000017, 500, 'John Dave Villaluz', 'Salary', '2015-10-29', '2015-11-03'),
(1202000000018, 100, 'JM Alvarez', 'Food Expense ', '2015-10-29', '2015-11-03'),
(1202000000019, 758, 'Zoning/Locational-Processing Fee', 'Permits', '2015-10-30', '2015-11-03'),
(1202000000020, 250, 'John Dave Villaluz', 'Salary', '2015-10-30', '2015-11-03'),
(1202000000021, 3100, 'SEAGATE 1TB External Drive ', 'Hardware', '2015-10-30', '2015-11-03'),
(1202000000023, 1875, 'BIR Registration Fee w/ Late Filing', 'Permits', '2015-11-04', '2015-11-05'),
(1202000000024, 50, 'Photocopy for BIR Documents', 'Permits', '2015-11-04', '2015-11-05'),
(1202000000025, 98, 'Snacks Jackos Burger for 2', 'Food', '2015-11-04', '2015-11-05'),
(1202000000026, 250, 'Dave Compensation', 'Salary', '2015-11-04', '2015-11-05'),
(1202000000027, 250, 'John Dave Villaluz', 'Salary', '2015-11-05', '2015-11-06'),
(1202000000028, 150, 'Snacks Burger', 'Food', '2015-11-05', '2015-11-06'),
(1202000000029, 100, 'Notary', 'Project Documents', '2015-11-05', '2015-11-06'),
(1202000000030, 5415, 'Mayors Business Permit', 'Permits', '2015-11-03', '2015-11-06'),
(1202000000031, 500, 'Cedula', 'Permits', '2015-11-03', '2015-11-06'),
(1202000000032, 50, 'Photocopy of SEC Files and Business Permit', 'Permits', '2015-11-04', '2015-11-06'),
(1202000000033, 2500, 'John Dave Villaluz KSoft Project Management Final Fee', 'Project Expense', '2015-11-05', '2015-11-06'),
(1202000000034, 200, 'NGOHS Trip Fund', 'Project Expense', '2015-11-06', '2015-11-07'),
(1202000000035, 200, 'JCFAP Snacks', 'Project Expense', '2015-11-05', '2015-11-07'),
(1202000000036, 6500, 'Ems Initial November Salary', 'Salary', '2015-11-01', '2015-11-08'),
(1202000000037, 7500, 'Ems Final October Salary', 'Salary', '2015-10-15', '2015-11-08'),
(1202000000038, 7500, 'Ems Initial October Salary', 'Salary', '2015-10-01', '2015-11-08'),
(1202000000039, 7500, 'Ems Final September Salary', 'Salary', '2015-09-15', '2015-11-08'),
(1202000000040, 7500, 'Ems Initial September Salary', 'Salary', '2015-09-01', '2015-11-08'),
(1202000000041, 7500, 'Ems Final August Salary', 'Salary', '2015-08-15', '2015-11-08'),
(1202000000042, 7500, 'Ems Initial August Salary', 'Salary', '2015-08-01', '2015-11-08'),
(1202000000043, 6000, 'JM Final October Salary', 'Salary', '2015-10-15', '2015-11-08'),
(1202000000044, 6000, 'JM Initial October Salary', 'Salary', '2015-10-01', '2015-11-08'),
(1202000000045, 17000, 'Sony VAIO Laptop', 'Hardware', '2015-09-04', '2015-11-08'),
(1202000000046, 13599, 'Refurbished Apple iPhone 5 16GB (White)', 'Hardware', '2015-08-30', '2015-11-08'),
(1202000000047, 829, 'ET-POP E-102 20000mAh Li-Polymer Power Bank (Multicolor)', 'Hardware', '2015-08-30', '2015-11-08'),
(1202000000048, 799, 'Case-Mate Faux Brushed Aluminium Case for Apple iPhone 5/5s (Silver)', 'Hardware', '2015-09-20', '2015-11-08'),
(1202000000049, 692.79, 'Ems', 'Monday Meeting - Wings and Things', '2015-11-09', '2015-11-10'),
(1202000000050, 240, 'Monday Meeting Banapple', 'Food', '2015-11-09', '2015-11-10'),
(1202000000051, 696.27, 'Sun Broadband', 'Internet', '2015-11-09', '2015-11-10'),
(1202000000052, 205, 'Pasta', 'Food', '2015-09-01', '2015-11-12'),
(1202000000053, 120, 'Lunch', 'Food', '2015-09-01', '2015-11-12'),
(1202000000054, 75, 'Coffee', 'Food', '2015-09-02', '2015-11-12'),
(1202000000055, 400, 'Lunch', 'Food', '2015-09-02', '2015-11-12'),
(1202000000056, 18, 'Transportation', 'Transportation', '2015-09-02', '2015-11-12'),
(1202000000057, 85, 'Tapa King', 'Food', '2015-09-04', '2015-11-12'),
(1202000000058, 110, 'Sansrival', 'Food', '2015-09-04', '2015-11-12'),
(1202000000059, 135, 'Oreo Cheesecake', 'Food', '2015-09-04', '2015-11-12'),
(1202000000060, 60, 'Hotdog', 'Food', '2015-09-06', '2015-11-12'),
(1202000000061, 273, 'Mercury Drug', 'Food', '2015-09-05', '2015-11-12'),
(1202000000062, 330, 'Food', 'Food', '2015-09-05', '2015-11-12'),
(1202000000063, 1000, 'Core Team Meeting-Maginhawa', 'Team Meeting Lunch', '2016-01-04', '2016-02-09'),
(1202000000064, 3598, '2 Chairs', 'Office Equipment', '2016-01-04', '2016-02-09'),
(1202000000065, 100, 'Lunch at Office', 'Lunch at Office', '2016-01-05', '2016-02-09'),
(1202000000066, 1089.2, 'Office Supplies', 'Office Supplies', '2016-01-05', '2016-02-09'),
(1202000000067, 1000, 'Electric Bill', 'Bill', '2016-01-06', '2016-02-09'),
(1202000000068, 1000, 'Facebook Boost Post', 'Bill', '2016-01-06', '2016-02-09'),
(1202000000069, 3200, 'Ideastalk Domain', 'Bill', '2016-01-06', '2016-02-09'),
(1202000000070, 100, 'Lunch at Office', 'Food', '2016-01-07', '2016-02-09'),
(1202000000071, 2200, 'White Board', 'Office Equipment', '2016-01-07', '2016-02-09'),
(1202000000072, 100, 'Transpo-White Board', 'Transpo', '2016-01-07', '2016-02-09'),
(1202000000073, 1950, 'White Board', 'Office Equipment', '2016-01-08', '2016-02-09'),
(1202000000074, 123.5, 'Office Supplies', 'Office Supplies', '2016-01-08', '2016-02-09'),
(1202000000075, 100, 'Transpo-White Board', 'Transpo', '2016-01-08', '2016-02-09'),
(1202000000076, 1064, 'Lunch-UST Team Meeting', 'Food', '2016-01-09', '2016-02-09'),
(1202000000077, 7950, 'Printer', 'Office Equipment', '2016-01-09', '2016-02-09'),
(1202000000078, 597, 'Flashdrive', 'Office Equipment', '2016-01-09', '2016-02-09'),
(1202000000079, 1330, 'Probox', 'Office Equipment', '2016-01-09', '2016-02-09'),
(1202000000080, 100, 'Lunch at Office', 'Food', '2016-01-11', '2016-02-09'),
(1202000000081, 100, 'Lunch at Office', 'Food', '2016-01-12', '2016-02-09'),
(1202000000082, 2449, 'SanDisk SSD Plus 120GB', 'Office Equipment', '2016-01-13', '2016-02-09'),
(1202000000083, 100, 'Lunch at Office', 'Food', '2016-01-14', '2016-02-09'),
(1202000000084, 100, 'Lunch at Office', 'Food', '2016-01-15', '2016-02-09'),
(1202000000085, 40, 'Transpo-Processing of Documents', 'Transpo', '2016-01-18', '2016-02-09'),
(1202000000086, 2380, 'Ems-Globe Bill', 'Bill', '2016-01-18', '2016-02-09'),
(1202000000087, 20, 'OYSI Meeting', 'Transpo', '2016-01-21', '2016-02-09'),
(1202000000088, 100, 'Transpo-PhilStar Meeting', 'Transpo', '2016-01-22', '2016-02-09'),
(1202000000089, 100, 'Lunch at Office', 'Food', '2016-01-25', '2016-02-09'),
(1202000000090, 36, 'Printing of Documents', 'Printing/Photocopy', '2016-01-14', '2016-02-09'),
(1202000000091, 16000, 'Security Tools (SSL,Site Doctor)', 'Office Equipment', '2016-01-29', '2016-02-09'),
(1202000000092, 1500, 'Lunch-Marketing Meeting', 'Food', '2016-01-30', '2016-02-09'),
(1202000000093, 3000, 'Salary-RR', 'Salary', '2016-01-30', '2016-02-09'),
(1202000000094, 3000, 'Salary-Lyzh', 'Salary', '2016-01-30', '2016-02-09'),
(1202000000095, 30, 'Coin Envelope', 'Office Supplies', '2015-11-11', '2016-02-09'),
(1202000000096, 10000, 'Salary-Ems', 'Salary', '2016-01-15', '2016-02-09'),
(1202000000097, 4000, 'Salary-Dave', 'Salary', '2016-01-15', '2016-02-09'),
(1202000000098, 8000, 'Salary-JM', 'Salary', '2016-01-15', '2016-02-09'),
(1202000000099, 100, 'Notary', 'Notary', '2016-02-05', '2016-02-09'),
(1202000000100, 1514, 'Dave-Globe Bill', 'Bill', '2015-12-15', '2016-02-09');

-- --------------------------------------------------------

--
-- Table structure for table `overwatch_income`
--

CREATE TABLE IF NOT EXISTS `overwatch_income` (
  `income_id` bigint(20) NOT NULL AUTO_INCREMENT,
  `income_amount` float DEFAULT NULL,
  `income_name` varchar(250) DEFAULT NULL,
  `income_date_acquired` date DEFAULT NULL,
  `income_date_input` date NOT NULL,
  PRIMARY KEY (`income_id`)
) ENGINE=InnoDB  DEFAULT CHARSET=latin1 AUTO_INCREMENT=1201000000120 ;

--
-- Dumping data for table `overwatch_income`
--

INSERT INTO `overwatch_income` (`income_id`, `income_amount`, `income_name`, `income_date_acquired`, `income_date_input`) VALUES
(1201000000050, 64000, 'EP15013 - Prime Listings Manila Intiial Payment', '2015-10-26', '2015-11-05'),
(1201000000051, 24000, 'EP15012 - Krisfin Software Initial Payment', '2015-10-20', '2015-11-05'),
(1201000000052, 30000, 'EP15014 - MPRCC Realty Initial Payment', '2015-10-30', '2015-11-05'),
(1201000000053, 40.78, 'BDO Interest', '2015-09-30', '2015-11-05'),
(1201000000054, 2500, 'JFFC Honorarium', '2015-10-19', '2015-11-05'),
(1201000000055, 196000, 'EP15010 - UST Museum Initial Payment and EP15005 - UST OAR Final Payment', '2015-08-14', '2015-11-05'),
(1201000000056, 1200, 'Capital', '2015-08-19', '2015-11-05'),
(1201000000057, 3000, 'Capital', '2015-08-14', '2015-11-05'),
(1201000000058, 28.75, 'BDO Interest', '2015-07-31', '2015-11-05'),
(1201000000059, 9000, 'EP15008 - MTCI', '2015-07-31', '2015-11-05'),
(1201000000061, 8250, 'PPP03 - Goldbull Final Payment', '2015-07-30', '2015-11-05'),
(1201000000062, 10360, 'EP15009 - JCFAP', '2015-07-29', '2015-11-05'),
(1201000000063, 2100, 'Capital', '2015-07-13', '2015-11-05'),
(1201000000064, 1500, 'Capital', '2015-07-13', '2015-11-05'),
(1201000000065, 3000, 'Capital', '2015-07-06', '2015-11-05'),
(1201000000066, 1000, 'Capital', '2015-07-06', '2015-11-05'),
(1201000000067, 10000, 'EP15008 - MTCI Initial Payment', '2015-07-03', '2015-11-05'),
(1201000000068, 9.44, 'BDO Interest', '2015-06-30', '2015-11-05'),
(1201000000069, 58800, 'UST OAR Initial Payment', '2015-06-26', '2015-11-05'),
(1201000000070, 30000, 'EP15006 - PAGE Initial Payment', '2015-06-26', '2015-11-05'),
(1201000000071, 30000, 'Capital', '2015-06-23', '2015-11-05'),
(1201000000072, 5000, 'Capital', '2015-06-17', '2015-11-05'),
(1201000000073, 1000, 'Capital', '2015-06-11', '2015-11-05'),
(1201000000074, 500, 'Capital', '2015-06-10', '2015-11-05'),
(1201000000075, 4.46, 'BDO Interest', '2015-05-31', '2015-11-05'),
(1201000000076, 10000, 'Capital', '2015-05-27', '2015-11-05'),
(1201000000077, 20000, 'EP15003 - NGOHS Initial Payment', '2015-05-27', '2015-11-05'),
(1201000000079, 25800, 'EP15001 - OYSI Final Payment', '2015-05-19', '2015-11-05'),
(1201000000080, 15000, 'PPP10 - Wilfoto Final Payment', '2015-05-08', '2015-11-05'),
(1201000000081, 2.05, 'BDO Interest', '2015-04-30', '2015-11-05'),
(1201000000082, 2.18, 'BDO Interest', '2015-03-31', '2015-11-05'),
(1201000000083, 9000, 'PPP10 - Wilfoto Initial Payment', '2015-03-30', '2015-11-05'),
(1201000000084, 4000, 'EP15007 - VGIB Payment', '2015-02-23', '2015-11-05'),
(1201000000085, 2.2, 'BDO Interest', '2015-01-31', '2015-11-05'),
(1201000000086, 1.96, 'BDO Interest', '2015-02-28', '2015-11-05'),
(1201000000087, 83.95, 'Capital', '2015-01-29', '2015-11-05'),
(1201000000088, 39200, 'PPP06 - UST Graduate School', '2015-01-23', '2015-11-05'),
(1201000000089, 2.41, 'BDO Interest', '2014-12-31', '2015-11-05'),
(1201000000090, 10000, 'PPP08 - Mikka Marcaida Final Payment', '2014-11-10', '2015-11-05'),
(1201000000091, 2.46, 'BDO Interest', '2014-11-30', '2015-11-05'),
(1201000000092, 2.7, 'BDO Interest', '2014-10-31', '2015-11-05'),
(1201000000093, 10000, 'PPP08 - Mikka Marcaida Initial Payment', '2014-10-20', '2015-11-05'),
(1201000000094, 20000, 'Capital', '2014-10-14', '2015-11-05'),
(1201000000095, 4.12, 'BDO Interest', '2014-09-30', '2015-11-05'),
(1201000000096, 34300, 'PPP02 - UST FPSC  Payment', '2014-09-05', '2015-11-05'),
(1201000000097, 39200, 'PPP06 - UST Graduate School Initial Payment', '2014-09-05', '2015-11-05'),
(1201000000098, 5000, 'PPP04 - Croque Final Payment', '2014-09-01', '2015-11-05'),
(1201000000099, 2.61, 'BDO Interest', '2014-08-31', '2015-11-05'),
(1201000000100, 17500, 'PPP02 - UST FPSC Initial Payment', '2014-08-26', '2015-11-05'),
(1201000000101, 3000, 'Capital', '2014-08-18', '2015-11-05'),
(1201000000102, 2.27, 'BDO Interest', '2014-07-31', '2015-11-05'),
(1201000000103, 8250, 'PPP03 - Goldbull Initial Payment', '2014-07-28', '2015-11-05'),
(1201000000104, 3500, 'Capital', '2014-07-14', '2015-11-05'),
(1201000000105, 3500, 'Capital', '2014-07-08', '2015-11-05'),
(1201000000106, 10000, 'Capital', '2014-07-08', '2015-11-05'),
(1201000000107, 30.4, 'BDO Interest', '2015-10-31', '2015-11-07'),
(1201000000108, 5000, 'EP15009 - JCFAP Final Payment', '2015-11-02', '2015-11-07'),
(1201000000109, 12500, 'Unknown', '2015-09-15', '2015-11-07'),
(1201000000110, 11000, 'Unknown', '2015-09-15', '2015-11-07'),
(1201000000111, 38.34, 'BDO Interest', '2015-08-31', '2015-11-07'),
(1201000000112, 10000, 'PPP07 - Dweller Final Payment', '2014-12-12', '2015-11-07'),
(1201000000113, 30000, 'PAGE website final payment', '2015-12-11', '2016-01-03'),
(1201000000114, 20000, 'MPRCC Realty Final Payment', '2015-12-02', '2016-01-03'),
(1201000000115, 92507, 'Initial Payment-PhilStar', '2016-01-22', '2016-02-09'),
(1201000000116, 8820, 'Final Payment-GradSchool Add-On', '2016-02-05', '2016-02-09'),
(1201000000117, 99715, 'Initial Payment-UTS Main Website', '2016-01-15', '2016-02-09'),
(1201000000118, 20000, 'KrisFin Software Final Payment', '2015-12-09', '2016-02-12'),
(1201000000119, 2500, 'Seminar Workshop Fee', '2015-10-19', '2016-02-12');

-- --------------------------------------------------------

--
-- Table structure for table `overwatch_project`
--

CREATE TABLE IF NOT EXISTS `overwatch_project` (
  `project_id` bigint(20) NOT NULL AUTO_INCREMENT,
  `project_name` varchar(250) NOT NULL,
  `project_personnel` varchar(250) NOT NULL,
  `project_deadline` date NOT NULL,
  `project_budget` float NOT NULL,
  `project_input` date NOT NULL,
  PRIMARY KEY (`project_id`)
) ENGINE=InnoDB  DEFAULT CHARSET=latin1 AUTO_INCREMENT=1204000000014 ;

--
-- Dumping data for table `overwatch_project`
--

INSERT INTO `overwatch_project` (`project_id`, `project_name`, `project_personnel`, `project_deadline`, `project_budget`, `project_input`) VALUES
(1204000000010, 'Prime Listings Manila - EP15013', 'RR, Dave, Ems, JM', '2016-03-01', 20000, '2016-01-12'),
(1204000000011, 'UST Main Website - EP15016', 'JM, Nikko, Ems, Aaron, Dave, Renzo', '2016-05-31', 20000, '2016-01-12'),
(1204000000012, 'JCFAP - EP15009', 'JM', '2016-01-15', 0, '2016-01-12'),
(1204000000013, 'ASEACCU', 'Dave, Ems, Jm, Lyzh', '2016-03-21', 20, '2016-03-03');

-- --------------------------------------------------------

--
-- Table structure for table `overwatch_withdrawal`
--

CREATE TABLE IF NOT EXISTS `overwatch_withdrawal` (
  `withdrawal_id` bigint(250) NOT NULL AUTO_INCREMENT,
  `withdrawal_name` varchar(250) NOT NULL,
  `withdrawal_amount` float NOT NULL,
  `withdrawal_date_acquired` date NOT NULL,
  `withdrawal_date_input` date NOT NULL,
  PRIMARY KEY (`withdrawal_id`)
) ENGINE=InnoDB  DEFAULT CHARSET=latin1 AUTO_INCREMENT=1203000000103 ;

--
-- Dumping data for table `overwatch_withdrawal`
--

INSERT INTO `overwatch_withdrawal` (`withdrawal_id`, `withdrawal_name`, `withdrawal_amount`, `withdrawal_date_acquired`, `withdrawal_date_input`) VALUES
(1203000000007, 'JM Alvarez', 5000, '2015-10-30', '2015-11-03'),
(1203000000014, 'JM Alvarez', 5000, '2015-10-20', '2015-11-04'),
(1203000000017, 'Auxillary Funds and JCFFC Honorarium', 12500, '2015-10-20', '2015-11-04'),
(1203000000018, 'JM Alvarez', 1000, '2015-10-16', '2015-11-04'),
(1203000000019, 'JM Alvarez', 5000, '2015-10-13', '2015-11-04'),
(1203000000021, 'Funding October 2nd Half', 25000, '2015-10-12', '2015-11-05'),
(1203000000022, 'JM Alvarez', 5000, '2015-10-06', '2015-11-05'),
(1203000000023, 'BDO', 8.16, '2015-09-30', '2015-11-05'),
(1203000000024, 'JM Alvarez', 5000, '2015-09-30', '2015-11-05'),
(1203000000025, 'November Auxillary Funds', 10000, '2015-11-04', '2015-11-05'),
(1203000000026, 'Funding October 1st Half', 12000, '2015-09-30', '2015-11-05'),
(1203000000028, 'Funding October 1st Half', 17500, '2015-09-28', '2015-11-05'),
(1203000000030, 'JM Alvarez', 3000, '2015-09-17', '2015-11-05'),
(1203000000031, 'September Auxillary Funds', 12500, '2015-09-14', '2015-11-05'),
(1203000000032, 'Funding September', 87100, '2015-09-01', '2015-11-05'),
(1203000000033, 'BDO', 7.67, '2015-08-31', '2015-11-05'),
(1203000000034, 'Auxillary Funds', 20000, '2015-08-20', '2015-11-05'),
(1203000000035, 'Funding August 2nd Half', 10000, '2015-08-12', '2015-11-06'),
(1203000000036, 'Funding August 2nd Half', 10000, '2015-08-12', '2015-11-07'),
(1203000000037, 'JM Alvarez', 6000, '2015-08-11', '2015-11-07'),
(1203000000038, 'BDO', 5.75, '2015-07-31', '2015-11-07'),
(1203000000039, 'Funding August 1st Half', 25000, '2015-07-31', '2015-11-07'),
(1203000000040, 'JM Alvarez', 10000, '2015-07-20', '2015-11-07'),
(1203000000042, 'JM Alvarez', 1500, '2015-07-13', '2015-11-07'),
(1203000000043, 'Funding July 2nd Half', 15000, '2015-07-13', '2015-11-07'),
(1203000000044, 'Funding July 2nd Half', 20000, '2015-07-06', '2015-11-07'),
(1203000000045, 'BDO', 1.89, '2015-06-30', '2015-11-07'),
(1203000000046, 'JM Alvarez', 4000, '2015-06-15', '2015-11-07'),
(1203000000047, 'Funding June 2nd Half', 15000, '2015-06-11', '2015-11-07'),
(1203000000048, 'Funding July 1st Half', 15000, '2015-06-01', '2015-11-07'),
(1203000000049, 'BDO', 0.89, '2015-05-31', '2015-11-07'),
(1203000000050, 'JM Alvarez', 5000, '2015-05-29', '2015-11-07'),
(1203000000051, 'JM Alvarez', 10000, '2015-05-08', '2015-11-07'),
(1203000000052, 'JM Alvarez', 5000, '2015-05-08', '2015-11-07'),
(1203000000053, 'BDO', 0.41, '2015-04-30', '2015-11-07'),
(1203000000054, 'BDO', 0.44, '2015-03-31', '2015-11-07'),
(1203000000055, 'JM Alvarez', 9000, '2015-03-31', '2015-11-07'),
(1203000000056, 'BDO', 0.39, '2015-02-28', '2015-11-07'),
(1203000000057, 'JM Alvarez', 4090, '2015-02-24', '2015-11-07'),
(1203000000058, 'BDO', 0.44, '2015-01-31', '2015-11-07'),
(1203000000059, 'JM Alvarez', 39200, '2015-01-28', '2015-11-07'),
(1203000000060, 'JM Alvarez', 2000, '2015-01-06', '2015-11-07'),
(1203000000061, 'BDO', 0.48, '2014-12-31', '2015-11-07'),
(1203000000062, 'JM Alvarez', 4000, '2014-12-18', '2015-11-07'),
(1203000000063, 'JM Alvarez', 4000, '2014-12-17', '2015-11-07'),
(1203000000064, 'BDO', 0.49, '2014-11-30', '2015-11-07'),
(1203000000065, 'JM Alvarez', 16000, '2014-11-10', '2015-11-07'),
(1203000000066, 'BDO', 0.54, '2014-10-31', '2015-11-07'),
(1203000000067, 'JM Alvarez', 4100, '2014-10-23', '2015-11-07'),
(1203000000068, 'JM Alvarez', 4000, '2014-10-20', '2015-11-07'),
(1203000000069, 'JM Alvarez', 16000, '2014-10-14', '2015-11-07'),
(1203000000070, 'BDO', 0.82, '2014-09-30', '2015-11-07'),
(1203000000071, 'JM Alvarez', 8000, '2014-09-30', '2015-11-07'),
(1203000000072, 'JM Alvarez', 2750, '2014-09-29', '2015-11-07'),
(1203000000073, 'JM Alvarez', 3030, '2014-09-23', '2015-11-07'),
(1203000000074, 'JM Alvarez', 1864, '2014-09-10', '2015-11-07'),
(1203000000075, 'JM Alvarez', 11109, '2014-09-10', '2015-11-07'),
(1203000000076, 'JM Alvarez', 11109, '2014-09-10', '2015-11-07'),
(1203000000077, 'JM Alvarez', 11109, '2014-09-10', '2015-11-07'),
(1203000000078, 'JM Alvarez', 11109, '2014-09-10', '2015-11-07'),
(1203000000079, 'JM Alvarez', 17500, '2014-09-10', '2015-11-07'),
(1203000000080, 'JM Alvarez', 5000, '2014-09-02', '2015-11-07'),
(1203000000081, 'JM Alvarez', 2325, '2014-09-01', '2015-11-07'),
(1203000000082, 'BDO', 0.52, '2014-08-31', '2015-11-07'),
(1203000000083, 'JM Alvarez', 14000, '2014-08-26', '2015-11-07'),
(1203000000084, 'JM Alvarez', 3650, '2014-08-04', '2015-11-07'),
(1203000000085, 'BDO', 0.45, '2014-07-31', '2015-11-07'),
(1203000000086, 'JM Alvarez', 1600, '2014-07-30', '2015-11-07'),
(1203000000087, 'JM Alvarez', 5000, '2014-07-30', '2015-11-07'),
(1203000000088, 'JM Alvarez', 3000, '2014-07-21', '2015-11-07'),
(1203000000089, 'JM Alvarez', 2000, '2014-07-18', '2015-11-07'),
(1203000000090, 'Funding November 1st Half', 40000, '2015-10-26', '2015-11-07'),
(1203000000091, 'Funding November 2nd Half', 30000, '2015-11-13', '2016-01-03'),
(1203000000092, 'Funding December 1st Half', 40000, '2015-11-27', '2016-01-03'),
(1203000000093, 'Auxillary Fund', 5000, '2015-12-11', '2016-01-03'),
(1203000000094, 'Auxillary Fund', 5000, '2015-12-14', '2016-01-03'),
(1203000000095, 'Funding December 2nd Half', 9568, '2015-12-15', '2016-01-03'),
(1203000000096, 'Juan Miguel G. Alvarez', 15000, '2016-01-07', '2016-02-12'),
(1203000000097, 'Juan Miguel G. Alvarez', 30000, '2016-01-13', '2016-02-12'),
(1203000000098, 'Juan Miguel G. Alvarez', 50000, '2016-01-28', '2016-02-12'),
(1203000000099, 'BDO', 6.4, '2016-01-31', '2016-02-12'),
(1203000000100, 'Juan Miguel G. Alvarez', 20000, '2016-02-10', '2016-02-12'),
(1203000000101, 'Juan Miguel G. Alvarez', 50000, '2016-01-04', '2016-02-12'),
(1203000000102, 'Auxiliary Funds', 1000, '2015-10-16', '2016-02-12');

-- --------------------------------------------------------

--
-- Table structure for table `pos_category`
--

CREATE TABLE IF NOT EXISTS `pos_category` (
  `category_id` int(11) NOT NULL AUTO_INCREMENT,
  `category_name` varchar(255) NOT NULL,
  `category_status` tinyint(1) NOT NULL,
  PRIMARY KEY (`category_id`)
) ENGINE=InnoDB  DEFAULT CHARSET=latin1 AUTO_INCREMENT=56 ;

--
-- Dumping data for table `pos_category`
--

INSERT INTO `pos_category` (`category_id`, `category_name`, `category_status`) VALUES
(7, 'Blouse', 1),
(8, 'Dress', 1),
(10, 'Jacket', 1),
(12, 'Tee', 1),
(14, 'Shorts', 1),
(15, 'Skirt', 1),
(16, 'Jeans', 1),
(17, 'Shoes', 1),
(18, 'Sandals', 1),
(19, 'Slippers', 1),
(20, 'Socks', 1),
(21, 'Cap', 1),
(22, 'Hat', 1),
(23, 'Eyewear', 1),
(24, 'Watch', 1),
(25, 'Earrings', 1),
(26, 'Necklace', 1),
(27, 'Bracelet', 1),
(28, 'Ring', 1),
(29, 'Wallet', 1),
(30, 'Purse', 1),
(31, 'Bag', 1),
(32, 'Swimsuit', 1),
(33, 'Makeup', 1),
(34, 'Crafts', 1),
(35, 'Perfume', 1),
(36, 'Others', 1),
(38, 'Crop Top', 1),
(39, 'Phone Accessories', 1),
(40, 'Romper', 1),
(41, 'Pullover', 1),
(42, 'Blazer', 1),
(43, 'Cardigan', 1),
(44, 'School Supplies', 1),
(45, 'Gadget', 1),
(46, 'Accessories', 1),
(47, 'Soap', 1),
(48, 'Scrub', 1),
(49, 'Food', 1),
(50, 'Beauty Products', 1),
(51, 'Polo Shirt', 1),
(52, 'Belt', 1),
(53, 'Long Sweater', 1),
(54, 'Waist Coat', 1),
(55, 'Jumper', 1);

-- --------------------------------------------------------

--
-- Table structure for table `pos_delivery`
--

CREATE TABLE IF NOT EXISTS `pos_delivery` (
  `delivery_id` bigint(20) NOT NULL AUTO_INCREMENT,
  `delivery_item` bigint(20) NOT NULL,
  `delivery_quantity` double NOT NULL,
  `delivery_dt` bigint(20) NOT NULL,
  PRIMARY KEY (`delivery_id`)
) ENGINE=InnoDB  DEFAULT CHARSET=latin1 AUTO_INCREMENT=201606000000978 ;

--
-- Dumping data for table `pos_delivery`
--

INSERT INTO `pos_delivery` (`delivery_id`, `delivery_item`, `delivery_quantity`, `delivery_dt`) VALUES
(201606000000001, 201602000000001, 1, 201608000000001),
(201606000000002, 201602000000002, 1, 201608000000001),
(201606000000003, 201602000000003, 20, 201608000000002),
(201606000000004, 201602000000004, 1, 201608000000002),
(201606000000005, 201602000000003, 1, 201608000000003),
(201606000000006, 201602000000004, 1, 201608000000003),
(201606000000007, 201602000000023, 6, 201608000000004),
(201606000000008, 201602000000024, 6, 201608000000004),
(201606000000009, 201602000000025, 6, 201608000000004),
(201606000000010, 201602000000026, 5, 201608000000004),
(201606000000011, 201602000000027, 4, 201608000000004),
(201606000000012, 201602000000028, 7, 201608000000004),
(201606000000013, 201602000000029, 6, 201608000000004),
(201606000000014, 201602000000030, 10, 201608000000004),
(201606000000015, 201602000000031, 12, 201608000000004),
(201606000000016, 201602000000047, 7, 201608000000004),
(201606000000017, 201602000000033, 5, 201608000000004),
(201606000000018, 201602000000034, 6, 201608000000004),
(201606000000019, 201602000000035, 18, 201608000000004),
(201606000000020, 201602000000036, 7, 201608000000004),
(201606000000021, 201602000000037, 10, 201608000000004),
(201606000000022, 201602000000038, 5, 201608000000004),
(201606000000023, 201602000000039, 3, 201608000000004),
(201606000000024, 201602000000040, 15, 201608000000004),
(201606000000025, 201602000000041, 4, 201608000000004),
(201606000000026, 201602000000042, 2, 201608000000004),
(201606000000027, 201602000000043, 10, 201608000000004),
(201606000000028, 201602000000044, 19, 201608000000004),
(201606000000029, 201602000000045, 21, 201608000000004),
(201606000000030, 201602000000046, 16, 201608000000004),
(201606000000031, 201602000000048, 5, 201608000000005),
(201606000000032, 201602000000049, 21, 201608000000005),
(201606000000033, 201602000000050, 3, 201608000000005),
(201606000000034, 201602000000051, 4, 201608000000005),
(201606000000035, 201602000000052, 4, 201608000000005),
(201606000000036, 201602000000053, 6, 201608000000005),
(201606000000037, 201602000000054, 11, 201608000000005),
(201606000000038, 201602000000055, 4, 201608000000005),
(201606000000039, 201602000000056, 6, 201608000000005),
(201606000000040, 201602000000057, 6, 201608000000005),
(201606000000041, 201602000000058, 4, 201608000000005),
(201606000000042, 201602000000059, 17, 201608000000005),
(201606000000043, 201602000000060, 5, 201608000000005),
(201606000000044, 201602000000061, 15, 201608000000005),
(201606000000045, 201602000000062, 3, 201608000000005),
(201606000000046, 201602000000063, 3, 201608000000005),
(201606000000047, 201602000000064, 5, 201608000000005),
(201606000000048, 201602000000065, 3, 201608000000005),
(201606000000049, 201602000000066, 5, 201608000000005),
(201606000000050, 201602000000067, 1, 201608000000005),
(201606000000051, 201602000000068, 4, 201608000000005),
(201606000000052, 201602000000069, 8, 201608000000005),
(201606000000053, 201602000000070, 9, 201608000000005),
(201606000000054, 201602000000071, 1, 201608000000005),
(201606000000055, 201602000000072, 2, 201608000000005),
(201606000000056, 201602000000076, 12, 201608000000005),
(201606000000057, 201602000000077, 12, 201608000000005),
(201606000000058, 201602000000078, 9, 201608000000006),
(201606000000059, 201602000000079, 47, 201608000000006),
(201606000000060, 201602000000080, 4, 201608000000006),
(201606000000061, 201602000000081, 5, 201608000000006),
(201606000000062, 201602000000082, 12, 201608000000006),
(201606000000063, 201602000000083, 10, 201608000000006),
(201606000000064, 201602000000084, 5, 201608000000006),
(201606000000065, 201602000000085, 4, 201608000000006),
(201606000000066, 201602000000086, 4, 201608000000006),
(201606000000067, 201602000000087, 6, 201608000000006),
(201606000000068, 201602000000088, 6, 201608000000006),
(201606000000069, 201602000000089, 11, 201608000000006),
(201606000000070, 201602000000090, 9, 201608000000006),
(201606000000071, 201602000000091, 6, 201608000000006),
(201606000000072, 201602000000092, 16, 201608000000007),
(201606000000073, 201602000000093, 8, 201608000000007),
(201606000000074, 201602000000096, 5, 201608000000007),
(201606000000075, 201602000000097, 6, 201608000000007),
(201606000000076, 201602000000098, 6, 201608000000007),
(201606000000077, 201602000000099, 9, 201608000000007),
(201606000000078, 201602000000100, 5, 201608000000007),
(201606000000079, 201602000000101, 6, 201608000000007),
(201606000000080, 201602000000102, 3, 201608000000007),
(201606000000081, 201602000000103, 17, 201608000000007),
(201606000000082, 201602000000104, 11, 201608000000007),
(201606000000083, 201602000000105, 3, 201608000000007),
(201606000000084, 201602000000106, 3, 201608000000007),
(201606000000085, 201602000000107, 2, 201608000000007),
(201606000000086, 201602000000108, 3, 201608000000007),
(201606000000087, 201602000000109, 3, 201608000000007),
(201606000000088, 201602000000110, 3, 201608000000007),
(201606000000089, 201602000000111, 5, 201608000000007),
(201606000000090, 201602000000112, 6, 201608000000007),
(201606000000091, 201602000000113, 4, 201608000000007),
(201606000000092, 201602000000004, 3, 201608000000008),
(201606000000093, 201602000000005, 29, 201608000000009),
(201606000000094, 201602000000007, 7, 201608000000009),
(201606000000095, 201602000000008, 4, 201608000000009),
(201606000000096, 201602000000009, 35, 201608000000009),
(201606000000097, 201602000000011, 29, 201608000000009),
(201606000000098, 201602000000012, 8, 201608000000009),
(201606000000099, 201602000000013, 12, 201608000000009),
(201606000000100, 201602000000015, 5, 201608000000009),
(201606000000101, 201602000000016, 12, 201608000000009),
(201606000000102, 201602000000019, 15, 201608000000009),
(201606000000103, 201602000000020, 16, 201608000000009),
(201606000000104, 201602000000021, 17, 201608000000009),
(201606000000105, 201602000000022, 2, 201608000000009),
(201606000000106, 201602000000122, 18, 201608000000010),
(201606000000107, 201602000000123, 24, 201608000000010),
(201606000000108, 201602000000124, 6, 201608000000010),
(201606000000109, 201602000000125, 6, 201608000000010),
(201606000000110, 201602000000126, 6, 201608000000010),
(201606000000111, 201602000000127, 6, 201608000000010),
(201606000000112, 201602000000128, 6, 201608000000010),
(201606000000113, 201602000000129, 4, 201608000000010),
(201606000000114, 201602000000130, 4, 201608000000010),
(201606000000115, 201602000000131, 11, 201608000000010),
(201606000000116, 201602000000132, 3, 201608000000010),
(201606000000117, 201602000000133, 4, 201608000000010),
(201606000000118, 201602000000135, 33, 201608000000010),
(201606000000119, 201602000000136, 9, 201608000000010),
(201606000000120, 201602000000137, 20, 201608000000010),
(201606000000121, 201602000000138, 12, 201608000000010),
(201606000000122, 201602000000139, 15, 201608000000010),
(201606000000123, 201602000000140, 6, 201608000000011),
(201606000000124, 201602000000141, 12, 201608000000011),
(201606000000125, 201602000000142, 6, 201608000000011),
(201606000000127, 201602000000144, 3, 201608000000011),
(201606000000128, 201602000000145, 8, 201608000000011),
(201606000000129, 201602000000146, 9, 201608000000011),
(201606000000130, 201602000000147, 10, 201608000000011),
(201606000000131, 201602000000150, 7, 201608000000012),
(201606000000132, 201602000000164, 16, 201608000000013),
(201606000000133, 201602000000165, 7, 201608000000013),
(201606000000134, 201602000000166, 10, 201608000000013),
(201606000000135, 201602000000167, 5, 201608000000013),
(201606000000136, 201602000000168, 2, 201608000000013),
(201606000000137, 201602000000169, 5, 201608000000013),
(201606000000138, 201602000000171, 1, 201608000000013),
(201606000000139, 201602000000172, 1, 201608000000013),
(201606000000140, 201602000000173, 3, 201608000000013),
(201606000000141, 201602000000174, 6, 201608000000013),
(201606000000142, 201602000000175, 2, 201608000000013),
(201606000000143, 201602000000176, 2, 201608000000013),
(201606000000144, 201602000000164, 16, 201608000000013),
(201606000000145, 201602000000165, 7, 201608000000013),
(201606000000146, 201602000000166, 10, 201608000000013),
(201606000000147, 201602000000167, 5, 201608000000013),
(201606000000148, 201602000000168, 2, 201608000000013),
(201606000000149, 201602000000169, 5, 201608000000013),
(201606000000150, 201602000000171, 1, 201608000000013),
(201606000000151, 201602000000172, 1, 201608000000013),
(201606000000152, 201602000000173, 3, 201608000000013),
(201606000000153, 201602000000174, 6, 201608000000013),
(201606000000154, 201602000000175, 2, 201608000000013),
(201606000000155, 201602000000176, 2, 201608000000013),
(201606000000156, 201602000000004, 1, 201608000000014),
(201606000000157, 201602000000161, 1, 201608000000016),
(201606000000158, 201602000000177, 2, 201608000000017),
(201606000000159, 201602000000178, 2, 201608000000017),
(201606000000160, 201602000000176, 1, 201608000000017),
(201606000000161, 201602000000179, 2, 201608000000017),
(201606000000162, 201602000000180, 2, 201608000000017),
(201606000000163, 201602000000174, 3, 201608000000017),
(201606000000164, 201602000000181, 1, 201608000000017),
(201606000000165, 201602000000175, 2, 201608000000017),
(201606000000166, 201602000000182, 2, 201608000000017),
(201606000000167, 201602000000152, 1, 201608000000018),
(201606000000168, 201602000000153, 4, 201608000000018),
(201606000000169, 201602000000154, 1, 201608000000018),
(201606000000170, 201602000000155, 6, 201608000000018),
(201606000000171, 201602000000156, 6, 201608000000018),
(201606000000172, 201602000000157, 2, 201608000000018),
(201606000000173, 201602000000158, 2, 201608000000018),
(201606000000174, 201602000000159, 2, 201608000000018),
(201606000000175, 201602000000160, 2, 201608000000018),
(201606000000176, 201602000000211, 10, 201608000000019),
(201606000000177, 201602000000211, 36, 201608000000020),
(201606000000178, 201602000000212, 10, 201608000000020),
(201606000000179, 201602000000211, 36, 201608000000021),
(201606000000180, 201602000000212, 10, 201608000000021),
(201606000000181, 201602000000211, 5, 201608000000022),
(201606000000182, 201602000000212, 36, 201608000000022),
(201606000000183, 201602000000214, 10, 201608000000022),
(201606000000184, 201602000000225, 103, 201608000000023),
(201606000000185, 201602000000211, 10, 201608000000023),
(201606000000186, 201602000000212, 36, 201608000000023),
(201606000000187, 201602000000213, 5, 201608000000023),
(201606000000188, 201602000000225, 103, 201608000000024),
(201606000000189, 201602000000211, 10, 201608000000024),
(201606000000190, 201602000000212, 36, 201608000000024),
(201606000000191, 201602000000213, 5, 201608000000024),
(201606000000192, 201602000000226, 24, 201608000000025),
(201606000000193, 201602000000227, 77, 201608000000025),
(201606000000194, 201602000000214, 20, 201608000000025),
(201606000000195, 201602000000215, 25, 201608000000025),
(201606000000196, 201602000000217, 12, 201608000000025),
(201606000000197, 201602000000219, 5, 201608000000025),
(201606000000198, 201602000000221, 3, 201608000000025),
(201606000000199, 201602000000218, 48, 201608000000026),
(201606000000200, 201602000000222, 10, 201608000000026),
(201606000000201, 201602000000228, 55, 201608000000026),
(201606000000202, 201602000000231, 44, 201608000000026),
(201606000000203, 201602000000232, 12, 201608000000026),
(201606000000204, 201602000000233, 6, 201608000000026),
(201606000000205, 201602000000229, 66, 201608000000027),
(201606000000206, 201602000000230, 45, 201608000000027),
(201606000000207, 201602000000234, 5, 201608000000027),
(201606000000208, 201602000000235, 2, 201608000000027),
(201606000000209, 201602000000236, 6, 201608000000027),
(201606000000210, 201602000000237, 2, 201608000000027),
(201606000000211, 201602000000238, 12, 201608000000027),
(201606000000212, 201602000000239, 2, 201608000000027),
(201606000000213, 201602000000240, 2, 201608000000027),
(201606000000214, 201602000000241, 5, 201608000000027),
(201606000000215, 201602000000242, 5, 201608000000028),
(201606000000216, 201602000000243, 5, 201608000000028),
(201606000000217, 201602000000244, 5, 201608000000028),
(201606000000218, 201602000000245, 3, 201608000000028),
(201606000000219, 201602000000246, 3, 201608000000028),
(201606000000220, 201602000000247, 3, 201608000000028),
(201606000000221, 201602000000248, 10, 201608000000028),
(201606000000222, 201602000000252, 56, 201608000000028),
(201606000000223, 201602000000253, 73, 201608000000028),
(201606000000224, 201602000000185, 56, 201608000000029),
(201606000000225, 201602000000186, 35, 201608000000029),
(201606000000226, 201602000000187, 56, 201608000000029),
(201606000000227, 201602000000188, 14, 201608000000029),
(201606000000228, 201602000000189, 42, 201608000000029),
(201606000000229, 201602000000190, 2, 201608000000029),
(201606000000230, 201602000000191, 20, 201608000000029),
(201606000000231, 201602000000269, 1, 201608000000030),
(201606000000232, 201602000000267, 1, 201608000000030),
(201606000000233, 201602000000268, 1, 201608000000030),
(201606000000234, 201602000000266, 3, 201608000000030),
(201606000000235, 201602000000265, 4, 201608000000030),
(201606000000236, 201602000000264, 2, 201608000000030),
(201606000000237, 201602000000263, 4, 201608000000030),
(201606000000238, 201602000000262, 4, 201608000000030),
(201606000000239, 201602000000261, 4, 201608000000030),
(201606000000240, 201602000000260, 3, 201608000000030),
(201606000000241, 201602000000259, 3, 201608000000030),
(201606000000242, 201602000000258, 4, 201608000000030),
(201606000000243, 201602000000257, 3, 201608000000030),
(201606000000244, 201602000000256, 3, 201608000000030),
(201606000000245, 201602000000255, 5, 201608000000030),
(201606000000246, 201602000000276, 4, 201608000000031),
(201606000000247, 201602000000275, 3, 201608000000031),
(201606000000248, 201602000000274, 4, 201608000000031),
(201606000000249, 201602000000273, 4, 201608000000031),
(201606000000250, 201602000000272, 2, 201608000000031),
(201606000000251, 201602000000271, 2, 201608000000031),
(201606000000252, 201602000000270, 9, 201608000000031),
(201606000000253, 201602000000210, 4, 201608000000031),
(201606000000254, 201602000000209, 3, 201608000000031),
(201606000000255, 201602000000208, 14, 201608000000031),
(201606000000256, 201602000000207, 12, 201608000000031),
(201606000000257, 201602000000206, 5, 201608000000031),
(201606000000258, 201602000000205, 7, 201608000000031),
(201606000000259, 201602000000204, 6, 201608000000031),
(201606000000260, 201602000000203, 3, 201608000000031),
(201606000000261, 201602000000202, 7, 201608000000031),
(201606000000262, 201602000000201, 6, 201608000000031),
(201606000000263, 201602000000200, 11, 201608000000031),
(201606000000264, 201602000000199, 8, 201608000000031),
(201606000000265, 201602000000198, 3, 201608000000031),
(201606000000266, 201602000000197, 2, 201608000000031),
(201606000000267, 201602000000196, 1, 201608000000031),
(201606000000268, 201602000000195, 13, 201608000000031),
(201606000000269, 201602000000194, 6, 201608000000031),
(201606000000270, 201602000000158, 7, 201608000000032),
(201606000000271, 201602000000153, 9, 201608000000032),
(201606000000272, 201602000000156, 14, 201608000000032),
(201606000000273, 201602000000282, 4, 201608000000032),
(201606000000274, 201602000000283, 1, 201608000000032),
(201606000000275, 201602000000284, 1, 201608000000032),
(201606000000276, 201602000000285, 1, 201608000000032),
(201606000000277, 201602000000289, 25, 201608000000033),
(201606000000278, 201602000000295, 9, 201608000000033),
(201606000000279, 201602000000291, 7, 201608000000033),
(201606000000280, 201602000000290, 12, 201608000000033),
(201606000000281, 201602000000277, 2, 201608000000034),
(201606000000282, 201602000000278, 1, 201608000000034),
(201606000000283, 201602000000279, 3, 201608000000034),
(201606000000284, 201602000000280, 1, 201608000000034),
(201606000000285, 201602000000281, 1, 201608000000034),
(201606000000286, 201602000000296, 1, 201608000000034),
(201606000000287, 201602000000297, 4, 201608000000034),
(201606000000288, 201602000000298, 2, 201608000000034),
(201606000000289, 201602000000299, 1, 201608000000034),
(201606000000290, 201602000000300, 2, 201608000000034),
(201606000000291, 201602000000301, 2, 201608000000034),
(201606000000292, 201602000000302, 2, 201608000000034),
(201606000000293, 201602000000304, 3, 201608000000034),
(201606000000294, 201602000000305, 2, 201608000000034),
(201606000000295, 201602000000306, 1, 201608000000034),
(201606000000296, 201602000000307, 2, 201608000000034),
(201606000000297, 201602000000308, 2, 201608000000034),
(201606000000298, 201602000000309, 1, 201608000000034),
(201606000000299, 201602000000326, 16, 201608000000035),
(201606000000300, 201602000000327, 1, 201608000000035),
(201606000000301, 201602000000328, 8, 201608000000035),
(201606000000302, 201602000000329, 2, 201608000000035),
(201606000000303, 201602000000330, 3, 201608000000035),
(201606000000304, 201602000000331, 2, 201608000000035),
(201606000000305, 201602000000332, 2, 201608000000035),
(201606000000306, 201602000000333, 2, 201608000000035),
(201606000000307, 201602000000334, 21, 201608000000035),
(201606000000308, 201602000000335, 8, 201608000000035),
(201606000000309, 201602000000336, 12, 201608000000035),
(201606000000310, 201602000000337, 30, 201608000000035),
(201606000000311, 201602000000338, 3, 201608000000035),
(201606000000312, 201602000000339, 2, 201608000000035),
(201606000000313, 201602000000341, 3, 201608000000035),
(201606000000314, 201602000000342, 2, 201608000000035),
(201606000000315, 201602000000343, 1, 201608000000035),
(201606000000316, 201602000000344, 1, 201608000000035),
(201606000000317, 201602000000345, 1, 201608000000036),
(201606000000318, 201602000000346, 3, 201608000000036),
(201606000000319, 201602000000347, 1, 201608000000036),
(201606000000320, 201602000000348, 1, 201608000000036),
(201606000000321, 201602000000349, 15, 201608000000036),
(201606000000322, 201602000000350, 3, 201608000000036),
(201606000000323, 201602000000351, 2, 201608000000036),
(201606000000324, 201602000000352, 2, 201608000000036),
(201606000000325, 201602000000353, 2, 201608000000036),
(201606000000326, 201602000000354, 12, 201608000000036),
(201606000000327, 201602000000355, 48, 201608000000036),
(201606000000328, 201602000000356, 1, 201608000000037),
(201606000000329, 201602000000357, 3, 201608000000037),
(201606000000330, 201602000000358, 1, 201608000000037),
(201606000000331, 201602000000359, 6, 201608000000037),
(201606000000332, 201602000000360, 3, 201608000000037),
(201606000000333, 201602000000361, 1, 201608000000037),
(201606000000334, 201602000000362, 2, 201608000000037),
(201606000000335, 201602000000363, 7, 201608000000038),
(201606000000336, 201602000000364, 24, 201608000000038),
(201606000000337, 201602000000365, 3, 201608000000038),
(201606000000338, 201602000000366, 2, 201608000000038),
(201606000000339, 201602000000367, 2, 201608000000038),
(201606000000340, 201602000000368, 14, 201608000000038),
(201606000000341, 201602000000369, 11, 201608000000039),
(201606000000342, 201602000000370, 2, 201608000000039),
(201606000000343, 201602000000371, 2, 201608000000039),
(201606000000344, 201602000000372, 2, 201608000000039),
(201606000000345, 201602000000374, 2, 201608000000039),
(201606000000346, 201602000000375, 11, 201608000000040),
(201606000000347, 201602000000376, 5, 201608000000040),
(201606000000348, 201602000000377, 11, 201608000000040),
(201606000000349, 201602000000378, 6, 201608000000040),
(201606000000350, 201602000000379, 2, 201608000000040),
(201606000000351, 201602000000380, 1, 201608000000040),
(201606000000352, 201602000000381, 12, 201608000000040),
(201606000000353, 201602000000382, 15, 201608000000040),
(201606000000354, 201602000000383, 24, 201608000000040),
(201606000000355, 201602000000384, 24, 201608000000040),
(201606000000356, 201602000000385, 20, 201608000000041),
(201606000000357, 201602000000386, 25, 201608000000041),
(201606000000358, 201602000000387, 36, 201608000000041),
(201606000000359, 201602000000388, 18, 201608000000041),
(201606000000360, 201602000000389, 12, 201608000000041),
(201606000000361, 201602000000390, 12, 201608000000041),
(201606000000362, 201602000000391, 24, 201608000000041),
(201606000000363, 201602000000393, 34, 201608000000041),
(201606000000364, 201602000000394, 36, 201608000000041),
(201606000000365, 201602000000395, 15, 201608000000041),
(201606000000366, 201602000000396, 50, 201608000000041),
(201606000000367, 201602000000398, 20, 201608000000041),
(201606000000368, 201602000000399, 3, 201608000000042),
(201606000000369, 201602000000400, 2, 201608000000042),
(201606000000370, 201602000000401, 2, 201608000000042),
(201606000000371, 201602000000402, 7, 201608000000042),
(201606000000372, 201602000000403, 8, 201608000000042),
(201606000000373, 201602000000208, 13, 201608000000043),
(201606000000374, 201602000000405, 12, 201608000000043),
(201606000000375, 201602000000406, 3, 201608000000043),
(201606000000376, 201602000000407, 3, 201608000000043),
(201606000000377, 201602000000408, 7, 201608000000043),
(201606000000378, 201602000000409, 3, 201608000000043),
(201606000000379, 201602000000055, 5, 201608000000043),
(201606000000380, 201602000000057, 6, 201608000000043),
(201606000000381, 201602000000410, 14, 201608000000043),
(201606000000382, 201602000000411, 10, 201608000000043),
(201606000000383, 201602000000412, 3, 201608000000043),
(201606000000384, 201602000000413, 4, 201608000000043),
(201606000000385, 201602000000414, 2, 201608000000043),
(201606000000386, 201602000000415, 4, 201608000000043),
(201606000000387, 201602000000416, 6, 201608000000043),
(201606000000388, 201602000000417, 4, 201608000000043),
(201606000000389, 201602000000404, 6, 201608000000043),
(201606000000390, 201602000000419, 6, 201608000000044),
(201606000000391, 201602000000420, 12, 201608000000044),
(201606000000392, 201602000000421, 12, 201608000000044),
(201606000000393, 201602000000422, 6, 201608000000044),
(201606000000395, 201602000000424, 22, 201608000000045),
(201606000000396, 201602000000425, 18, 201608000000045),
(201606000000397, 201602000000426, 5, 201608000000045),
(201606000000398, 201602000000427, 14, 201608000000045),
(201606000000399, 201602000000428, 12, 201608000000045),
(201606000000400, 201602000000429, 5, 201608000000045),
(201606000000401, 201602000000430, 7, 201608000000045),
(201606000000402, 201602000000431, 5, 201608000000045),
(201606000000403, 201602000000432, 5, 201608000000046),
(201606000000404, 201602000000433, 3, 201608000000046),
(201606000000405, 201602000000434, 1, 201608000000046),
(201606000000406, 201602000000435, 2, 201608000000046),
(201606000000407, 201602000000436, 1, 201608000000046),
(201606000000408, 201602000000437, 1, 201608000000046),
(201606000000409, 201602000000438, 1, 201608000000046),
(201606000000410, 201602000000439, 1, 201608000000046),
(201606000000411, 201602000000440, 1, 201608000000046),
(201606000000412, 201602000000441, 4, 201608000000046),
(201606000000413, 201602000000442, 7, 201608000000046),
(201606000000414, 201602000000443, 30, 201608000000046),
(201606000000415, 201602000000444, 14, 201608000000046),
(201606000000416, 201602000000445, 4, 201608000000047),
(201606000000417, 201602000000446, 30, 201608000000047),
(201606000000418, 201602000000447, 9, 201608000000047),
(201606000000419, 201602000000448, 27, 201608000000047),
(201606000000420, 201602000000449, 3, 201608000000047),
(201606000000421, 201602000000450, 3, 201608000000048),
(201606000000422, 201602000000451, 1, 201608000000048),
(201606000000423, 201602000000452, 30, 201608000000048),
(201606000000424, 201602000000453, 14, 201608000000048),
(201606000000426, 201602000000451, 1, 201608000000049),
(201606000000427, 201602000000452, 30, 201608000000049),
(201606000000428, 201602000000453, 14, 201608000000049),
(201606000000429, 201602000000454, 1, 201608000000050),
(201606000000430, 201602000000455, 10, 201608000000050),
(201606000000431, 201602000000456, 5, 201608000000050),
(201606000000432, 201602000000457, 15, 201608000000050),
(201606000000433, 201602000000458, 6, 201608000000050),
(201606000000434, 201602000000459, 15, 201608000000050),
(201606000000435, 201602000000460, 10, 201608000000050),
(201606000000436, 201602000000461, 2, 201608000000050),
(201606000000437, 201602000000462, 5, 201608000000050),
(201606000000438, 201602000000463, 16, 201608000000050),
(201606000000439, 201602000000464, 11, 201608000000050),
(201606000000440, 201602000000465, 8, 201608000000051),
(201606000000441, 201602000000466, 3, 201608000000051),
(201606000000442, 201602000000467, 11, 201608000000051),
(201606000000443, 201602000000468, 3, 201608000000051),
(201606000000444, 201602000000469, 3, 201608000000051),
(201606000000445, 201602000000470, 1, 201608000000051),
(201606000000446, 201602000000471, 1, 201608000000051),
(201606000000447, 201602000000472, 5, 201608000000051),
(201606000000448, 201602000000473, 2, 201608000000051),
(201606000000449, 201602000000474, 18, 201608000000051),
(201606000000450, 201602000000475, 2, 201608000000051),
(201606000000451, 201602000000476, 10, 201608000000051),
(201606000000452, 201602000000477, 12, 201608000000051),
(201606000000453, 201602000000478, 12, 201608000000051),
(201606000000454, 201602000000479, 2, 201608000000051),
(201606000000455, 201602000000480, 15, 201608000000051),
(201606000000456, 201602000000481, 6, 201608000000051),
(201606000000457, 201602000000482, 6, 201608000000051),
(201606000000458, 201602000000450, 3, 201608000000052),
(201606000000459, 201602000000484, 30, 201608000000053),
(201606000000460, 201602000000485, 1, 201608000000053),
(201606000000461, 201602000000486, 2, 201608000000054),
(201606000000462, 201602000000487, 1, 201608000000054),
(201606000000463, 201602000000488, 2, 201608000000054),
(201606000000464, 201602000000489, 1, 201608000000054),
(201606000000465, 201602000000490, 15, 201608000000054),
(201606000000466, 201602000000492, 1, 201608000000054),
(201606000000467, 201602000000491, 2, 201608000000054),
(201606000000468, 201602000000493, 5, 201608000000054),
(201606000000469, 201602000000494, 6, 201608000000054),
(201606000000470, 201602000000495, 8, 201608000000054),
(201606000000471, 201602000000496, 3, 201608000000054),
(201606000000472, 201602000000497, 2, 201608000000054),
(201606000000473, 201602000000498, 4, 201608000000054),
(201606000000474, 201602000000499, 5, 201608000000054),
(201606000000475, 201602000000500, 9, 201608000000054),
(201606000000476, 201602000000501, 5, 201608000000054),
(201606000000477, 201602000000502, 5, 201608000000054),
(201606000000478, 201602000000503, 3, 201608000000054),
(201606000000479, 201602000000504, 2, 201608000000054),
(201606000000480, 201602000000505, 2, 201608000000054),
(201606000000481, 201602000000506, 5, 201608000000054),
(201606000000482, 201602000000507, 3, 201608000000055),
(201606000000483, 201602000000508, 3, 201608000000055),
(201606000000484, 201602000000509, 3, 201608000000055),
(201606000000485, 201602000000510, 6, 201608000000055),
(201606000000486, 201602000000511, 5, 201608000000055),
(201606000000487, 201602000000512, 3, 201608000000055),
(201606000000488, 201602000000513, 3, 201608000000055),
(201606000000489, 201602000000514, 3, 201608000000055),
(201606000000490, 201602000000515, 3, 201608000000055),
(201606000000491, 201602000000516, 3, 201608000000055),
(201606000000492, 201602000000517, 6, 201608000000055),
(201606000000493, 201602000000518, 5, 201608000000055),
(201606000000494, 201602000000519, 15, 201608000000055),
(201606000000495, 201602000000521, 12, 201608000000056),
(201606000000496, 201602000000522, 14, 201608000000057),
(201606000000497, 201602000000187, 56, 201608000000058),
(201606000000498, 201602000000523, 20, 201608000000058),
(201606000000499, 201602000000524, 5, 201608000000058),
(201606000000500, 201602000000186, 2, 201608000000058),
(201606000000501, 201602000000261, 12, 201608000000059),
(201606000000502, 201602000000269, 1, 201608000000059),
(201606000000503, 201602000000268, 5, 201608000000059),
(201606000000504, 201602000000265, 4, 201608000000059),
(201606000000505, 201602000000264, 1, 201608000000059),
(201606000000506, 201602000000527, 4, 201608000000059),
(201606000000507, 201602000000528, 2, 201608000000059),
(201606000000508, 201602000000526, 2, 201608000000059),
(201606000000509, 201602000000525, 4, 201608000000059),
(201606000000510, 201602000000529, 2, 201608000000059),
(201606000000511, 201602000000530, 1, 201608000000059),
(201606000000512, 201602000000266, 1, 201608000000059),
(201606000000513, 201602000000255, 1, 201608000000059),
(201606000000514, 201602000000531, 1, 201608000000059),
(201606000000515, 201602000000532, 3, 201608000000060),
(201606000000516, 201602000000533, 4, 201608000000060),
(201606000000517, 201602000000534, 10, 201608000000060),
(201606000000518, 201602000000535, 4, 201608000000060),
(201606000000519, 201602000000536, 10, 201608000000060),
(201606000000520, 201602000000537, 20, 201608000000060),
(201606000000521, 201602000000538, 3, 201608000000060),
(201606000000522, 201602000000539, 2, 201608000000060),
(201606000000523, 201602000000540, 2, 201608000000060),
(201606000000524, 201602000000541, 3, 201608000000060),
(201606000000525, 201602000000542, 6, 201608000000060),
(201606000000526, 201602000000543, 6, 201608000000060),
(201606000000527, 201602000000544, 4, 201608000000060),
(201606000000528, 201602000000545, 6, 201608000000060),
(201606000000529, 201602000000546, 3, 201608000000060),
(201606000000530, 201602000000547, 6, 201608000000060),
(201606000000531, 201602000000548, 4, 201608000000060),
(201606000000532, 201602000000549, 2, 201608000000060),
(201606000000533, 201602000000550, 6, 201608000000060),
(201606000000534, 201602000000551, 35, 201608000000061),
(201606000000535, 201602000000552, 7, 201608000000062),
(201606000000536, 201602000000553, 5, 201608000000062),
(201606000000537, 201602000000554, 1, 201608000000063),
(201606000000538, 201602000000554, 10, 201608000000064),
(201606000000539, 201602000000555, 2, 201608000000065),
(201606000000540, 201602000000556, 21, 201608000000065),
(201606000000541, 201602000000557, 10, 201608000000065),
(201606000000542, 201602000000558, 10, 201608000000065),
(201606000000543, 201602000000559, 9, 201608000000065),
(201606000000544, 201602000000560, 21, 201608000000065),
(201606000000545, 201602000000561, 11, 201608000000065),
(201606000000546, 201602000000562, 6, 201608000000066),
(201606000000547, 201602000000563, 9, 201608000000066),
(201606000000548, 201602000000564, 6, 201608000000066),
(201606000000549, 201602000000565, 21, 201608000000066),
(201606000000550, 201602000000566, 16, 201608000000066),
(201606000000551, 201602000000567, 14, 201608000000066),
(201606000000552, 201602000000568, 20, 201608000000066),
(201606000000553, 201602000000569, 12, 201608000000066),
(201606000000554, 201602000000570, 10, 201608000000066),
(201606000000555, 201602000000571, 5, 201608000000066),
(201606000000556, 201602000000572, 6, 201608000000066),
(201606000000557, 201602000000573, 6, 201608000000066),
(201606000000558, 201602000000574, 4, 201608000000066),
(201606000000559, 201602000000575, 1, 201608000000066),
(201606000000560, 201602000000576, 6, 201608000000066),
(201606000000561, 201602000000577, 17, 201608000000066),
(201606000000562, 201602000000578, 3, 201608000000067),
(201606000000563, 201602000000581, 8, 201608000000068),
(201606000000564, 201602000000577, 4, 201608000000068),
(201606000000565, 201602000000186, 4, 201608000000069),
(201606000000566, 201602000000187, 18, 201608000000069),
(201606000000567, 201602000000185, 10, 201608000000069),
(201606000000568, 201602000000191, 2, 201608000000069),
(201606000000569, 201602000000523, 2, 201608000000069),
(201606000000570, 201602000000188, 2, 201608000000069),
(201606000000571, 201602000000582, 6, 201608000000070),
(201606000000572, 201602000000583, 16, 201608000000070),
(201606000000573, 201602000000584, 12, 201608000000070),
(201606000000574, 201602000000585, 6, 201608000000070),
(201606000000575, 201602000000586, 11, 201608000000070),
(201606000000576, 201602000000587, 18, 201608000000070),
(201606000000577, 201602000000588, 3, 201608000000070),
(201606000000578, 201602000000589, 10, 201608000000070),
(201606000000579, 201602000000590, 6, 201608000000070),
(201606000000580, 201602000000591, 3, 201608000000070),
(201606000000581, 201602000000592, 5, 201608000000070),
(201606000000582, 201602000000593, 12, 201608000000070),
(201606000000583, 201602000000594, 6, 201608000000070),
(201606000000584, 201602000000595, 1, 201608000000070),
(201606000000585, 201602000000596, 5, 201608000000070),
(201606000000586, 201602000000597, 3, 201608000000070),
(201606000000587, 201602000000598, 4, 201608000000070),
(201606000000588, 201602000000599, 4, 201608000000070),
(201606000000590, 201602000000601, 18, 201608000000070),
(201606000000591, 201602000000602, 1, 201608000000070),
(201606000000592, 201602000000603, 8, 201608000000070),
(201606000000593, 201602000000604, 6, 201608000000070),
(201606000000594, 201602000000605, 3, 201608000000070),
(201606000000595, 201602000000615, 1, 201608000000071),
(201606000000596, 201602000000614, 2, 201608000000071),
(201606000000597, 201602000000613, 1, 201608000000071),
(201606000000598, 201602000000612, 3, 201608000000071),
(201606000000599, 201602000000611, 2, 201608000000071),
(201606000000600, 201602000000610, 3, 201608000000071),
(201606000000601, 201602000000609, 1, 201608000000071),
(201606000000602, 201602000000608, 1, 201608000000071),
(201606000000603, 201602000000616, 1, 201608000000071),
(201606000000604, 201602000000606, 19, 201608000000071),
(201606000000605, 201602000000617, 1, 201608000000071),
(201606000000606, 201602000000607, 3, 201608000000072),
(201606000000607, 201602000000618, 4, 201608000000072),
(201606000000608, 201602000000598, 1, 201608000000072),
(201606000000609, 201602000000619, 12, 201608000000072),
(201606000000610, 201602000000620, 2, 201608000000074),
(201606000000611, 201602000000621, 2, 201608000000074),
(201606000000612, 201602000000622, 1, 201608000000074),
(201606000000613, 201602000000623, 1, 201608000000074),
(201606000000614, 201602000000624, 1, 201608000000074),
(201606000000615, 201602000000625, 1, 201608000000074),
(201606000000616, 201602000000626, 2, 201608000000074),
(201606000000617, 201602000000627, 6, 201608000000074),
(201606000000618, 201602000000628, 1, 201608000000074),
(201606000000619, 201602000000629, 1, 201608000000074),
(201606000000620, 201602000000630, 3, 201608000000074),
(201606000000621, 201602000000631, 1, 201608000000074),
(201606000000622, 201602000000632, 3, 201608000000074),
(201606000000623, 201602000000634, 2, 201608000000074),
(201606000000624, 201602000000635, 2, 201608000000074),
(201606000000625, 201602000000636, 1, 201608000000074),
(201606000000626, 201602000000637, 6, 201608000000075),
(201606000000627, 201602000000638, 6, 201608000000075),
(201606000000628, 201602000000639, 9, 201608000000075),
(201606000000629, 201602000000640, 9, 201608000000075),
(201606000000630, 201602000000641, 11, 201608000000075),
(201606000000631, 201602000000642, 6, 201608000000075),
(201606000000632, 201602000000643, 6, 201608000000075),
(201606000000633, 201602000000644, 14, 201608000000075),
(201606000000634, 201602000000645, 2, 201608000000075),
(201606000000635, 201602000000646, 5, 201608000000075),
(201606000000636, 201602000000647, 3, 201608000000075),
(201606000000637, 201602000000648, 4, 201608000000075),
(201606000000638, 201602000000651, 1, 201608000000075),
(201606000000639, 201602000000650, 1, 201608000000075),
(201606000000640, 201602000000652, 2, 201608000000075),
(201606000000641, 201602000000653, 1, 201608000000075),
(201606000000642, 201602000000654, 1, 201608000000075),
(201606000000643, 201602000000655, 1, 201608000000075),
(201606000000644, 201602000000656, 1, 201608000000075),
(201606000000645, 201602000000657, 2, 201608000000075),
(201606000000646, 201602000000658, 1, 201608000000075),
(201606000000647, 201602000000659, 1, 201608000000075),
(201606000000648, 201602000000660, 1, 201608000000075),
(201606000000649, 201602000000661, 1, 201608000000075),
(201606000000650, 201602000000662, 14, 201608000000076),
(201606000000651, 201602000000663, 5, 201608000000076),
(201606000000652, 201602000000664, 5, 201608000000076),
(201606000000653, 201602000000665, 4, 201608000000076),
(201606000000654, 201602000000666, 2, 201608000000076),
(201606000000655, 201602000000667, 2, 201608000000076),
(201606000000656, 201602000000668, 2, 201608000000076),
(201606000000657, 201602000000669, 2, 201608000000076),
(201606000000658, 201602000000670, 2, 201608000000076),
(201606000000659, 201602000000671, 12, 201608000000077),
(201606000000664, 201602000000671, 12, 201608000000078),
(201606000000665, 201602000000672, 6, 201608000000078),
(201606000000666, 201602000000673, 7, 201608000000078),
(201606000000667, 201602000000674, 10, 201608000000078),
(201606000000668, 201602000000675, 5, 201608000000078),
(201606000000669, 201602000000676, 1, 201608000000079),
(201606000000670, 201602000000677, 1, 201608000000079),
(201606000000671, 201602000000678, 1, 201608000000079),
(201606000000672, 201602000000679, 1, 201608000000079),
(201606000000673, 201602000000680, 1, 201608000000079),
(201606000000674, 201602000000681, 1, 201608000000079),
(201606000000675, 201602000000682, 1, 201608000000079),
(201606000000676, 201602000000683, 1, 201608000000079),
(201606000000677, 201602000000684, 1, 201608000000079),
(201606000000678, 201602000000685, 1, 201608000000079),
(201606000000679, 201602000000686, 2, 201608000000080),
(201606000000680, 201602000000493, 11, 201608000000081),
(201606000000681, 201602000000490, 6, 201608000000081),
(201606000000682, 201602000000687, 6, 201608000000081),
(201606000000683, 201602000000688, 2, 201608000000081),
(201606000000684, 201602000000689, 6, 201608000000081),
(201606000000685, 201602000000502, 2, 201608000000081),
(201606000000686, 201602000000690, 3, 201608000000081),
(201606000000687, 201602000000172, 2, 201608000000081),
(201606000000688, 201602000000691, 1, 201608000000081),
(201606000000689, 201602000000692, 3, 201608000000081),
(201606000000690, 201602000000693, 2, 201608000000081),
(201606000000691, 201602000000694, 4, 201608000000081),
(201606000000692, 201602000000695, 3, 201608000000081),
(201606000000693, 201602000000696, 1, 201608000000081),
(201606000000694, 201602000000697, 4, 201608000000081),
(201606000000695, 201602000000500, 7, 201608000000081),
(201606000000696, 201602000000698, 4, 201608000000081),
(201606000000697, 201602000000699, 12, 201608000000081),
(201606000000698, 201602000000700, 5, 201608000000082),
(201606000000699, 201602000000701, 10, 201608000000082),
(201606000000700, 201602000000702, 5, 201608000000082),
(201606000000701, 201602000000703, 3, 201608000000082),
(201606000000702, 201602000000704, 16, 201608000000082),
(201606000000703, 201602000000705, 4, 201608000000082),
(201606000000704, 201602000000706, 3, 201608000000083),
(201606000000705, 201602000000708, 1, 201608000000084),
(201606000000706, 201602000000707, 6, 201608000000084),
(201606000000707, 201602000000709, 7, 201608000000084),
(201606000000708, 201602000000294, 23, 201608000000085),
(201606000000709, 201602000000710, 3, 201608000000086),
(201606000000710, 201602000000711, 2, 201608000000086),
(201606000000711, 201602000000712, 2, 201608000000086),
(201606000000712, 201602000000713, 3, 201608000000086),
(201606000000713, 201602000000714, 12, 201608000000086),
(201606000000714, 201602000000715, 10, 201608000000086),
(201606000000715, 201602000000716, 5, 201608000000086),
(201606000000716, 201602000000717, 4, 201608000000086),
(201606000000717, 201602000000718, 4, 201608000000086),
(201606000000718, 201602000000719, 6, 201608000000086),
(201606000000719, 201602000000720, 7, 201608000000086),
(201606000000720, 201602000000721, 17, 201608000000086),
(201606000000721, 201602000000722, 7, 201608000000086),
(201606000000722, 201602000000723, 20, 201608000000086),
(201606000000723, 201602000000724, 32, 201608000000086),
(201606000000724, 201602000000725, 14, 201608000000087),
(201606000000725, 201602000000726, 13, 201608000000087),
(201606000000726, 201602000000727, 12, 201608000000087),
(201606000000727, 201602000000728, 10, 201608000000087),
(201606000000728, 201602000000729, 9, 201608000000087),
(201606000000729, 201602000000730, 12, 201608000000087),
(201606000000730, 201602000000731, 20, 201608000000087),
(201606000000731, 201602000000732, 10, 201608000000087),
(201606000000732, 201602000000733, 20, 201608000000087),
(201606000000733, 201602000000734, 7, 201608000000088),
(201606000000734, 201602000000738, 2, 201608000000089),
(201606000000735, 201602000000739, 1, 201608000000089),
(201606000000736, 201602000000740, 1, 201608000000089),
(201606000000737, 201602000000741, 1, 201608000000089),
(201606000000738, 201602000000742, 2, 201608000000089),
(201606000000739, 201602000000743, 2, 201608000000089),
(201606000000740, 201602000000744, 1, 201608000000089),
(201606000000741, 201602000000745, 1, 201608000000089),
(201606000000742, 201602000000746, 1, 201608000000089),
(201606000000743, 201602000000747, 4, 201608000000090),
(201606000000744, 201602000000748, 32, 201608000000090),
(201606000000745, 201602000000749, 6, 201608000000090),
(201606000000746, 201602000000750, 5, 201608000000090),
(201606000000747, 201602000000751, 5, 201608000000090),
(201606000000748, 201602000000752, 3, 201608000000090),
(201606000000749, 201602000000211, 2, 201608000000090),
(201606000000750, 201602000000242, 1, 201608000000090),
(201606000000751, 201602000000753, 2, 201608000000090),
(201606000000752, 201602000000754, 3, 201608000000090),
(201606000000753, 201602000000755, 1, 201608000000090),
(201606000000754, 201602000000759, 2, 201608000000090),
(201606000000755, 201602000000237, 3, 201608000000090),
(201606000000756, 201602000000760, 5, 201608000000090),
(201606000000757, 201602000000761, 15, 201608000000090),
(201606000000758, 201602000000218, 20, 201608000000090),
(201606000000759, 201602000000226, 31, 201608000000090),
(201606000000760, 201602000000778, 7, 201608000000091),
(201606000000761, 201602000000780, 7, 201608000000091),
(201606000000762, 201602000000552, 6, 201608000000092),
(201606000000763, 201602000000553, 4, 201608000000092),
(201606000000764, 201602000000779, 7, 201608000000092),
(201606000000765, 201602000000552, 6, 201608000000093),
(201606000000766, 201602000000553, 4, 201608000000093),
(201606000000767, 201602000000779, 7, 201608000000093),
(201606000000768, 201602000000781, 15, 201608000000094),
(201606000000769, 201602000000783, 11, 201608000000094),
(201606000000770, 201602000000784, 14, 201608000000094),
(201606000000771, 201602000000185, 4, 201608000000095),
(201606000000772, 201602000000186, 15, 201608000000095),
(201606000000773, 201602000000187, 16, 201608000000095),
(201606000000774, 201602000000188, 3, 201608000000095),
(201606000000775, 201602000000191, 1, 201608000000095),
(201606000000776, 201602000000523, 5, 201608000000095),
(201606000000777, 201602000000524, 1, 201608000000095),
(201606000000778, 201602000000786, 29, 201608000000096),
(201606000000779, 201602000000787, 4, 201608000000096),
(201606000000780, 201602000000788, 3, 201608000000096),
(201606000000781, 201602000000789, 2, 201608000000096),
(201606000000782, 201602000000790, 3, 201608000000096),
(201606000000783, 201602000000791, 1, 201608000000096),
(201606000000784, 201602000000792, 2, 201608000000097),
(201606000000785, 201602000000793, 2, 201608000000098),
(201606000000786, 201602000000794, 1, 201608000000098),
(201606000000787, 201602000000796, 6, 201608000000099),
(201606000000788, 201602000000797, 3, 201608000000099),
(201606000000789, 201602000000798, 1, 201608000000099),
(201606000000790, 201602000000795, 1, 201608000000099),
(201606000000791, 201602000000799, 4, 201608000000099),
(201606000000792, 201602000000800, 4, 201608000000099),
(201606000000793, 201602000000801, 3, 201608000000099),
(201606000000794, 201602000000803, 3, 201608000000099),
(201606000000795, 201602000000804, 4, 201608000000099),
(201606000000796, 201602000000805, 3, 201608000000099),
(201606000000797, 201602000000806, 5, 201608000000099),
(201606000000798, 201602000000807, 2, 201608000000099),
(201606000000799, 201602000000812, 6, 201608000000099),
(201606000000800, 201602000000809, 3, 201608000000099),
(201606000000801, 201602000000810, 3, 201608000000099),
(201606000000802, 201602000000811, 12, 201608000000099),
(201606000000803, 201602000000796, 6, 201608000000100),
(201606000000804, 201602000000797, 3, 201608000000100),
(201606000000805, 201602000000798, 1, 201608000000100),
(201606000000806, 201602000000795, 1, 201608000000100),
(201606000000807, 201602000000799, 4, 201608000000100),
(201606000000808, 201602000000800, 4, 201608000000100),
(201606000000809, 201602000000801, 3, 201608000000100),
(201606000000810, 201602000000803, 3, 201608000000100),
(201606000000811, 201602000000804, 4, 201608000000100),
(201606000000812, 201602000000805, 3, 201608000000100),
(201606000000813, 201602000000806, 5, 201608000000100),
(201606000000814, 201602000000807, 2, 201608000000100),
(201606000000815, 201602000000812, 6, 201608000000100),
(201606000000816, 201602000000809, 3, 201608000000100),
(201606000000817, 201602000000810, 3, 201608000000100),
(201606000000818, 201602000000811, 12, 201608000000100),
(201606000000819, 201602000000813, 1, 201608000000101),
(201606000000820, 201602000000817, 9, 201608000000102),
(201606000000821, 201602000000816, 2, 201608000000102),
(201606000000822, 201602000000210, 2, 201608000000102),
(201606000000823, 201602000000404, 4, 201608000000102),
(201606000000824, 201602000000815, 3, 201608000000102),
(201606000000825, 201602000000814, 4, 201608000000102),
(201606000000826, 201602000000818, 5, 201608000000103),
(201606000000827, 201602000000819, 4, 201608000000103),
(201606000000828, 201602000000820, 4, 201608000000103),
(201606000000829, 201602000000821, 10, 201608000000103),
(201606000000830, 201602000000822, 5, 201608000000103),
(201606000000831, 201602000000823, 6, 201608000000103),
(201606000000832, 201602000000824, 2, 201608000000103),
(201606000000833, 201602000000825, 3, 201608000000103),
(201606000000834, 201602000000826, 3, 201608000000103),
(201606000000835, 201602000000827, 4, 201608000000103),
(201606000000836, 201602000000828, 8, 201608000000103),
(201606000000837, 201602000000829, 1, 201608000000103),
(201606000000838, 201602000000830, 2, 201608000000103),
(201606000000839, 201602000000831, 8, 201608000000103),
(201606000000840, 201602000000832, 3, 201608000000103),
(201606000000841, 201602000000833, 3, 201608000000103),
(201606000000842, 201602000000834, 3, 201608000000103),
(201606000000843, 201602000000835, 4, 201608000000103),
(201606000000844, 201602000000836, 3, 201608000000103),
(201606000000845, 201602000000795, 5, 201608000000104),
(201606000000846, 201602000000838, 1, 201608000000105),
(201606000000847, 201602000000839, 2, 201608000000105),
(201606000000848, 201602000000840, 1, 201608000000105),
(201606000000849, 201602000000841, 1, 201608000000105),
(201606000000850, 201602000000842, 1, 201608000000105),
(201606000000851, 201602000000843, 1, 201608000000105),
(201606000000852, 201602000000844, 1, 201608000000105),
(201606000000853, 201602000000845, 3, 201608000000105),
(201606000000854, 201602000000846, 1, 201608000000105),
(201606000000855, 201602000000847, 2, 201608000000105),
(201606000000856, 201602000000848, 2, 201608000000105),
(201606000000857, 201602000000849, 1, 201608000000105),
(201606000000858, 201602000000850, 1, 201608000000105),
(201606000000859, 201602000000851, 1, 201608000000105),
(201606000000860, 201602000000852, 2, 201608000000105),
(201606000000861, 201602000000853, 1, 201608000000105),
(201606000000862, 201602000000854, 15, 201608000000105),
(201606000000863, 201602000000855, 2, 201608000000105),
(201606000000864, 201602000000856, 1, 201608000000105),
(201606000000865, 201602000000857, 1, 201608000000105),
(201606000000866, 201602000000858, 1, 201608000000105),
(201606000000867, 201602000000859, 3, 201608000000106),
(201606000000868, 201602000000860, 1, 201608000000106),
(201606000000869, 201602000000861, 1, 201608000000106),
(201606000000870, 201602000000777, 2, 201608000000107),
(201606000000871, 201602000000776, 2, 201608000000107),
(201606000000872, 201602000000775, 1, 201608000000107),
(201606000000873, 201602000000774, 1, 201608000000107),
(201606000000874, 201602000000773, 1, 201608000000107),
(201606000000875, 201602000000772, 2, 201608000000107),
(201606000000876, 201602000000771, 1, 201608000000107),
(201606000000877, 201602000000770, 3, 201608000000107),
(201606000000878, 201602000000769, 3, 201608000000107),
(201606000000879, 201602000000768, 5, 201608000000107),
(201606000000880, 201602000000767, 3, 201608000000107),
(201606000000881, 201602000000766, 4, 201608000000107),
(201606000000882, 201602000000765, 11, 201608000000107),
(201606000000883, 201602000000764, 5, 201608000000107),
(201606000000884, 201602000000763, 5, 201608000000107),
(201606000000885, 201602000000762, 2, 201608000000107),
(201606000000886, 201602000000527, 2, 201608000000107),
(201606000000887, 201602000000261, 8, 201608000000107),
(201606000000888, 201602000000862, 2, 201608000000107),
(201606000000889, 201602000000863, 25, 201608000000108),
(201606000000890, 201602000000864, 12, 201608000000108),
(201606000000891, 201602000000865, 20, 201608000000108),
(201606000000892, 201602000000866, 14, 201608000000108),
(201606000000893, 201602000000867, 20, 201608000000108),
(201606000000894, 201602000000868, 13, 201608000000108),
(201606000000895, 201602000000869, 6, 201608000000108),
(201606000000896, 201602000000870, 8, 201608000000108),
(201606000000897, 201602000000871, 20, 201608000000108),
(201606000000898, 201602000000872, 6, 201608000000108),
(201606000000899, 201602000000873, 4, 201608000000108),
(201606000000900, 201602000000874, 3, 201608000000108),
(201606000000901, 201602000000875, 6, 201608000000108),
(201606000000902, 201602000000876, 8, 201608000000108),
(201606000000903, 201602000000877, 6, 201608000000108),
(201606000000904, 201602000000887, 9, 201608000000109),
(201606000000905, 201602000000888, 4, 201608000000109),
(201606000000906, 201602000000889, 3, 201608000000109),
(201606000000907, 201602000000890, 3, 201608000000109),
(201606000000908, 201602000000891, 4, 201608000000109),
(201606000000909, 201602000000892, 2, 201608000000109),
(201606000000910, 201602000000893, 2, 201608000000109),
(201606000000911, 201602000000894, 1, 201608000000109),
(201606000000912, 201602000000895, 1, 201608000000109),
(201606000000913, 201602000000896, 1, 201608000000109),
(201606000000914, 201602000000897, 1, 201608000000109),
(201606000000915, 201602000000878, 2, 201608000000110),
(201606000000916, 201602000000879, 2, 201608000000110),
(201606000000917, 201602000000880, 1, 201608000000110),
(201606000000918, 201602000000881, 1, 201608000000110),
(201606000000919, 201602000000882, 1, 201608000000110),
(201606000000920, 201602000000883, 4, 201608000000110),
(201606000000921, 201602000000884, 3, 201608000000110),
(201606000000922, 201602000000885, 1, 201608000000110),
(201606000000923, 201602000000898, 4, 201608000000111),
(201606000000924, 201602000000899, 8, 201608000000111),
(201606000000925, 201602000000900, 5, 201608000000111),
(201606000000926, 201602000000901, 6, 201608000000111),
(201606000000927, 201602000000902, 3, 201608000000111);
INSERT INTO `pos_delivery` (`delivery_id`, `delivery_item`, `delivery_quantity`, `delivery_dt`) VALUES
(201606000000928, 201602000000903, 2, 201608000000111),
(201606000000929, 201602000000404, 6, 201608000000111),
(201606000000930, 201602000000405, 4, 201608000000111),
(201606000000931, 201602000000270, 4, 201608000000111),
(201606000000932, 201602000000905, 1, 201608000000111),
(201606000000933, 201602000000904, 1, 201608000000111),
(201606000000934, 201602000000274, 2, 201608000000111),
(201606000000935, 201602000000906, 3, 201608000000111),
(201606000000936, 201602000000663, 2, 201608000000111),
(201606000000937, 201602000000271, 1, 201608000000111),
(201606000000938, 201602000000907, 2, 201608000000112),
(201606000000939, 201602000000908, 2, 201608000000112),
(201606000000940, 201602000000909, 1, 201608000000112),
(201606000000941, 201602000000910, 1, 201608000000112),
(201606000000942, 201602000000911, 1, 201608000000112),
(201606000000943, 201602000000912, 2, 201608000000112),
(201606000000944, 201602000000913, 2, 201608000000112),
(201606000000945, 201602000000914, 3, 201608000000112),
(201606000000946, 201602000000915, 2, 201608000000112),
(201606000000947, 201602000000917, 5, 201608000000112),
(201606000000948, 201602000000919, 2, 201608000000112),
(201606000000949, 201602000000920, 1, 201608000000112),
(201606000000950, 201602000000926, 2, 201608000000113),
(201606000000951, 201602000000925, 2, 201608000000113),
(201606000000952, 201602000000924, 3, 201608000000113),
(201606000000953, 201602000000923, 3, 201608000000113),
(201606000000954, 201602000000922, 6, 201608000000113),
(201606000000955, 201602000000921, 4, 201608000000113),
(201606000000956, 201602000000777, 1, 201608000000113),
(201606000000957, 201602000000775, 1, 201608000000113),
(201606000000958, 201602000000927, 62, 201608000000114),
(201606000000959, 201602000000928, 27, 201608000000114),
(201606000000960, 201602000000929, 3, 201608000000114),
(201606000000961, 201602000000930, 24, 201608000000114),
(201606000000962, 201602000000931, 10, 201608000000115),
(201606000000963, 201602000000933, 5, 201608000000115),
(201606000000964, 201602000000934, 5, 201608000000115),
(201606000000965, 201602000000935, 8, 201608000000115),
(201606000000966, 201602000000936, 12, 201608000000115),
(201606000000967, 201602000000938, 4, 201608000000115),
(201606000000968, 201602000000939, 3, 201608000000115),
(201606000000969, 201602000000940, 4, 201608000000115),
(201606000000970, 201602000000941, 13, 201608000000115),
(201606000000971, 201602000000942, 7, 201608000000115),
(201606000000972, 201602000000943, 2, 201608000000115),
(201606000000973, 201602000000944, 3, 201608000000115),
(201606000000974, 201602000000945, 10, 201608000000115),
(201606000000975, 201602000000946, 11, 201608000000115),
(201606000000976, 201602000000947, 4, 201608000000115),
(201606000000977, 201602000000949, 6, 201608000000115);

-- --------------------------------------------------------

--
-- Table structure for table `pos_delivery_transaction`
--

CREATE TABLE IF NOT EXISTS `pos_delivery_transaction` (
  `dt_id` bigint(20) NOT NULL AUTO_INCREMENT,
  `dt_supplier` varchar(30) NOT NULL,
  `dt_total_quantity` int(11) NOT NULL,
  `dt_date` datetime NOT NULL,
  `dt_approve_date` datetime NOT NULL,
  `dt_status` int(11) NOT NULL,
  PRIMARY KEY (`dt_id`)
) ENGINE=InnoDB  DEFAULT CHARSET=latin1 AUTO_INCREMENT=201608000000116 ;

--
-- Dumping data for table `pos_delivery_transaction`
--

INSERT INTO `pos_delivery_transaction` (`dt_id`, `dt_supplier`, `dt_total_quantity`, `dt_date`, `dt_approve_date`, `dt_status`) VALUES
(201608000000001, '8THGRAVITY', 2, '2016-08-07 10:18:12', '2016-08-07 10:24:52', 1),
(201608000000002, 'tenant', 19, '2016-08-07 17:49:24', '2016-09-07 19:07:16', 2),
(201608000000003, 'tenant', 2, '2016-08-08 11:10:08', '2016-09-07 19:07:19', 2),
(201608000000004, '8THGRAVITY', 210, '2016-08-09 00:34:38', '2016-08-13 21:46:06', 1),
(201608000000005, 'TWELFTHDISTRICT', 179, '2016-08-10 19:04:57', '2016-08-13 21:24:52', 1),
(201608000000006, '8THGRAVITY', 138, '2016-08-10 00:00:00', '2016-08-13 21:35:28', 1),
(201608000000007, '8THGRAVITY', 124, '2016-08-10 00:00:00', '2016-08-13 21:36:38', 1),
(201608000000008, 'tenant', 3, '2016-08-11 00:00:00', '2016-09-07 19:07:23', 2),
(201608000000009, '27THFASHION', 191, '2016-08-11 00:00:00', '2016-08-13 21:34:03', 1),
(201608000000010, '8THGRAVITY', 187, '2016-08-11 00:00:00', '2016-08-13 21:46:42', 1),
(201608000000011, '27THFASHION', 54, '2016-08-11 00:00:00', '2016-08-13 21:26:46', 1),
(201608000000012, '27THFASHION', 7, '2016-08-12 00:00:00', '2016-08-13 21:32:29', 1),
(201608000000013, 'STYLECREW', 60, '2016-08-12 13:14:55', '2016-08-13 21:40:10', 1),
(201608000000014, 'tenant', 1, '2016-08-12 13:14:55', '2016-09-07 19:07:26', 2),
(201608000000015, 'tenant', 1, '2016-08-12 13:35:23', '2016-09-07 19:07:29', 2),
(201608000000016, 'tenant', 1, '2016-08-12 13:44:47', '2016-09-07 19:07:33', 2),
(201608000000017, 'STYLECREW', 17, '2016-08-12 13:47:46', '2016-08-13 21:40:56', 1),
(201608000000018, '27THFASHION', 26, '2016-08-13 08:37:39', '2016-08-25 14:02:31', 1),
(201608000000019, 'GETGLAM', 10, '2016-08-13 23:11:54', '2016-08-25 14:01:16', 4),
(201608000000020, 'GETGLAM', 46, '2016-08-13 23:14:14', '2016-08-25 14:01:06', 4),
(201608000000021, 'GETGLAM', 46, '2016-08-13 23:17:06', '2016-08-25 14:00:59', 2),
(201608000000022, 'GETGLAM', 51, '2016-08-13 23:41:37', '2016-08-25 14:00:55', 2),
(201608000000023, 'GETGLAM', 154, '2016-08-13 23:47:58', '2016-08-25 14:00:44', 2),
(201608000000024, 'GETGLAM', 154, '2016-08-13 23:47:58', '2016-08-15 16:33:25', 1),
(201608000000025, 'GETGLAM', 166, '2016-08-13 23:52:40', '2016-08-15 16:26:49', 1),
(201608000000026, 'GETGLAM', 175, '2016-08-13 23:57:11', '2016-08-15 16:34:40', 1),
(201608000000027, 'GETGLAM', 147, '2016-08-14 00:07:12', '2016-08-15 16:34:16', 1),
(201608000000028, 'GETGLAM', 163, '2016-08-14 00:10:18', '2016-08-15 16:33:50', 1),
(201608000000029, 'UCOMPLETEME', 225, '2016-08-14 08:58:09', '2016-08-22 23:17:37', 1),
(201608000000030, 'PURPLEROW', 45, '2016-08-14 11:54:41', '2016-08-15 16:24:04', 1),
(201608000000031, 'TWELFTHDISTRICT', 139, '2016-08-14 14:03:36', '2016-08-14 17:46:50', 1),
(201608000000032, '27THFASHION', 37, '2016-08-14 23:36:38', '2016-08-22 23:17:27', 1),
(201608000000033, '27THFASHION', 53, '2016-08-16 09:10:43', '2016-08-16 17:39:51', 1),
(201608000000034, '27THFASHION', 33, '2016-08-16 10:14:23', '2016-08-22 23:17:18', 1),
(201608000000035, 'SKULMATE', 119, '2016-08-20 11:44:49', '2016-08-22 23:17:12', 1),
(201608000000036, 'SKULMATE', 90, '2016-08-20 12:49:11', '2016-08-22 23:17:04', 1),
(201608000000037, 'SKULMATE', 17, '2016-08-20 12:52:30', '2016-08-22 23:16:57', 1),
(201608000000038, 'SIMPLYFAB', 52, '2016-08-20 14:10:54', '2016-08-22 23:15:51', 1),
(201608000000039, 'SIMPLYFAB', 19, '2016-08-20 14:13:37', '2016-08-22 23:16:06', 1),
(201608000000040, 'SIMPLYFAB', 111, '2016-08-20 16:15:29', '2016-08-22 23:15:57', 1),
(201608000000041, 'SIMPLYFAB', 302, '2016-08-20 16:19:13', '2016-08-22 23:16:12', 1),
(201608000000042, 'SIMPLYFAB', 22, '2016-08-20 16:59:56', '2016-08-22 23:16:36', 1),
(201608000000043, 'TWELFTHDISTRICT', 105, '2016-08-21 12:35:35', '2016-08-22 23:15:41', 1),
(201608000000044, 'ZERO2TEN', 36, '2016-08-21 20:20:40', '2016-08-22 23:15:33', 1),
(201608000000045, '8THGRAVITY', 88, '2016-08-21 23:57:17', '2016-08-22 23:19:11', 1),
(201608000000046, '8THGRAVITY', 71, '2016-08-22 00:30:17', '2016-08-22 23:19:31', 1),
(201608000000047, '8THGRAVITY', 73, '2016-08-22 00:52:15', '2016-08-22 23:19:46', 1),
(201608000000048, '8THGRAVITY', 0, '2016-08-22 16:13:44', '2016-08-22 23:17:51', 2),
(201608000000049, '8THGRAVITY', 45, '2016-08-22 16:15:38', '2016-08-22 23:20:55', 1),
(201608000000050, '8THGRAVITY', 96, '2016-08-22 22:13:44', '2016-08-25 14:00:49', 4),
(201608000000051, '8THGRAVITY', 120, '2016-08-22 23:07:13', '2016-08-25 14:15:47', 1),
(201608000000052, '8THGRAVITY', 3, '2016-08-23 00:49:05', '2016-08-25 14:14:58', 1),
(201608000000053, '8THGRAVITY', 31, '2016-08-23 00:56:47', '0000-00-00 00:00:00', 0),
(201608000000054, 'STYLECREW', 88, '2016-08-24 08:17:29', '2016-08-25 13:55:39', 1),
(201608000000055, 'ZERO2TEN', 61, '2016-08-24 21:56:17', '2016-08-25 13:56:26', 1),
(201608000000056, 'ZERO2TEN', 12, '2016-08-24 22:00:51', '2016-08-25 13:56:51', 1),
(201608000000057, 'STYLECREW', 14, '2016-08-25 07:37:00', '2016-09-07 19:00:57', 1),
(201608000000058, 'UCOMPLETEME', 83, '2016-08-26 13:32:42', '2016-08-26 16:48:43', 1),
(201608000000059, 'PURPLEROW', 41, '2016-08-28 08:58:53', '2016-08-30 15:19:44', 1),
(201608000000060, 'ZERO2TEN', 104, '2016-08-29 08:54:07', '2016-08-30 15:20:31', 1),
(201608000000061, '8THGRAVITY', 35, '2016-08-29 17:40:47', '2016-08-30 15:21:24', 2),
(201608000000062, 'STYLECREW', 12, '2016-08-30 10:08:55', '2016-08-30 15:20:12', 1),
(201608000000063, '8THGRAVITY', 1, '2016-08-30 14:33:16', '2016-08-30 15:21:13', 2),
(201608000000064, '8THGRAVITY', 10, '2016-08-30 14:34:49', '2016-09-07 19:08:57', 1),
(201608000000065, '8THGRAVITY', 84, '2016-08-31 12:31:35', '2016-09-07 18:52:17', 1),
(201608000000066, '8THGRAVITY', 159, '2016-08-31 12:42:16', '0000-00-00 00:00:00', 0),
(201608000000067, '8THGRAVITY', 3, '2016-08-31 13:08:50', '2016-09-07 18:52:25', 1),
(201608000000068, '8THGRAVITY', 12, '2016-08-31 18:18:33', '2016-09-07 18:53:06', 1),
(201608000000069, 'UCOMPLETEME', 38, '2016-09-01 08:29:50', '2016-09-07 18:51:46', 1),
(201608000000070, '27THFASHION', 167, '2016-09-01 16:30:29', '2016-09-07 19:02:27', 1),
(201608000000071, '27THFASHION', 35, '2016-09-01 23:13:19', '0000-00-00 00:00:00', 0),
(201608000000072, '27THFASHION', 20, '2016-09-02 08:08:52', '0000-00-00 00:00:00', 0),
(201608000000073, 'LIZPICKS', 0, '2016-09-02 17:18:27', '2016-09-07 19:05:38', 2),
(201608000000074, 'LIZPICKS', 30, '2016-09-02 17:23:45', '2016-09-07 18:51:00', 1),
(201608000000075, '8THGRAVITY', 95, '2016-09-03 17:04:23', '2016-09-07 18:53:18', 1),
(201608000000076, 'TWELFTHDISTRICT', 38, '2016-09-03 18:21:19', '0000-00-00 00:00:00', 0),
(201608000000078, 'ZERO2TEN', 40, '2016-09-05 00:17:50', '0000-00-00 00:00:00', 0),
(201608000000079, 'LIZPICKS', 0, '2016-09-07 12:40:06', '2016-09-07 18:50:50', 1),
(201608000000080, 'LIZPICKS', 2, '2016-09-07 18:08:10', '2016-09-07 18:50:55', 1),
(201608000000081, 'STYLECREW', 79, '2016-09-08 08:18:27', '0000-00-00 00:00:00', 0),
(201608000000082, '27THFASHION', 43, '2016-09-11 11:00:17', '0000-00-00 00:00:00', 0),
(201608000000083, '27THFASHION', 3, '2016-09-11 12:11:26', '0000-00-00 00:00:00', 0),
(201608000000084, '27THFASHION', 14, '2016-09-11 14:14:40', '0000-00-00 00:00:00', 0),
(201608000000085, '27THFASHION', 23, '2016-09-12 19:02:35', '0000-00-00 00:00:00', 0),
(201608000000086, '8THGRAVITY', 134, '2016-09-13 11:31:13', '2016-09-19 16:00:42', 1),
(201608000000087, '8THGRAVITY', 120, '2016-09-13 11:35:03', '2016-09-19 16:00:56', 1),
(201608000000088, '8THGRAVITY', 7, '2016-09-13 11:57:17', '0000-00-00 00:00:00', 0),
(201608000000089, 'LIZPICKS', 12, '2016-09-16 17:00:00', '0000-00-00 00:00:00', 0),
(201608000000090, 'GETGLAM', 140, '2016-09-17 15:02:14', '0000-00-00 00:00:00', 0),
(201608000000091, '8THGRAVITY', 14, '2016-09-19 10:44:21', '0000-00-00 00:00:00', 0),
(201608000000092, 'STYLECREW', 17, '2016-09-19 10:49:35', '0000-00-00 00:00:00', 0),
(201608000000093, 'STYLECREW', 17, '2016-09-19 10:49:35', '0000-00-00 00:00:00', 0),
(201608000000094, '8THGRAVITY', 40, '2016-09-22 11:45:59', '0000-00-00 00:00:00', 0),
(201608000000095, 'UCOMPLETEME', 45, '2016-09-23 10:17:17', '0000-00-00 00:00:00', 0),
(201608000000096, 'SKULMATE', 42, '2016-09-24 22:50:54', '0000-00-00 00:00:00', 0),
(201608000000097, 'SKULMATE', 2, '2016-09-24 22:56:10', '0000-00-00 00:00:00', 0),
(201608000000098, '8THGRAVITY', 3, '2016-09-24 23:21:52', '0000-00-00 00:00:00', 0),
(201608000000099, 'ZERO2TEN', 63, '2016-09-26 18:15:33', '0000-00-00 00:00:00', 0),
(201608000000100, 'ZERO2TEN', 63, '2016-09-26 18:15:47', '0000-00-00 00:00:00', 0),
(201608000000101, '8THGRAVITY', 1, '2016-09-26 18:28:20', '0000-00-00 00:00:00', 0),
(201608000000102, 'TWELFTHDISTRICT', 24, '2016-09-26 20:16:44', '0000-00-00 00:00:00', 0),
(201608000000103, '8THGRAVITY', 81, '2016-09-27 15:32:35', '0000-00-00 00:00:00', 0),
(201608000000104, 'ZERO2TEN', 5, '2016-09-27 18:25:15', '0000-00-00 00:00:00', 0),
(201608000000105, 'LIZPICKS', 42, '2016-09-28 14:38:45', '0000-00-00 00:00:00', 0),
(201608000000106, 'LIZPICKS', 5, '2016-10-01 13:40:02', '0000-00-00 00:00:00', 0),
(201608000000107, 'PURPLEROW', 63, '2016-10-02 18:56:06', '0000-00-00 00:00:00', 0),
(201608000000108, '8THGRAVITY', 171, '2016-10-05 11:20:14', '0000-00-00 00:00:00', 0),
(201608000000109, '8THGRAVITY', 31, '2016-10-05 12:22:00', '0000-00-00 00:00:00', 0),
(201608000000110, '8THGRAVITY', 15, '2016-10-05 12:28:58', '0000-00-00 00:00:00', 0),
(201608000000111, 'TWELFTHDISTRICT', 52, '2016-10-05 21:38:15', '0000-00-00 00:00:00', 0),
(201608000000112, 'LIZPICKS', 24, '2016-10-06 12:04:28', '0000-00-00 00:00:00', 0),
(201608000000113, 'PURPLEROW', 22, '2016-10-09 08:28:52', '0000-00-00 00:00:00', 0),
(201608000000114, '8THGRAVITY', 116, '2016-10-09 20:03:07', '0000-00-00 00:00:00', 0),
(201608000000115, '27THFASHION', 107, '2016-10-11 14:13:16', '0000-00-00 00:00:00', 0);

-- --------------------------------------------------------

--
-- Table structure for table `pos_item`
--

CREATE TABLE IF NOT EXISTS `pos_item` (
  `item_id` bigint(20) NOT NULL AUTO_INCREMENT,
  `item_name` varchar(255) NOT NULL,
  `item_category` varchar(255) NOT NULL,
  `item_price` double NOT NULL,
  `item_stock` bigint(20) NOT NULL,
  `item_supplier` varchar(30) NOT NULL,
  PRIMARY KEY (`item_id`)
) ENGINE=InnoDB  DEFAULT CHARSET=latin1 AUTO_INCREMENT=201602000000950 ;

--
-- Dumping data for table `pos_item`
--

INSERT INTO `pos_item` (`item_id`, `item_name`, `item_category`, `item_price`, `item_stock`, `item_supplier`) VALUES
(201602000000001, 'TEST SHORTS', 'Shorts', 250, -3, '8THGRAVITY'),
(201602000000002, 'TEST PANTS', 'Jeans', 500, 1, '8THGRAVITY'),
(201602000000003, 'Test Item 1', 'Blouse', 180, 0, 'tenant'),
(201602000000004, 'Test Item 4', 'Jeans', 399, 0, 'tenant'),
(201602000000005, 'TF-SKIRT-551', 'Skirt', 275, 23, '27THFASHION'),
(201602000000006, 'TF-B-061', 'Blouse', 275, 0, '27THFASHION'),
(201602000000007, 'TF-SKIRT-041', 'Skirt', 275, 7, '27THFASHION'),
(201602000000008, 'TF-SKIRT-051', 'Skirt', 275, 4, '27THFASHION'),
(201602000000009, 'TF-B-511', 'Blouse', 230, 31, '27THFASHION'),
(201602000000010, 'TF-SH-061', 'Shorts', 275, 0, '27THFASHION'),
(201602000000011, 'TF-SKIRT-531', 'Skirt', 270, 25, '27THFASHION'),
(201602000000012, 'TF-JUMPER-002', 'Romper', 450, 3, '27THFASHION'),
(201602000000013, 'TF-PT-012', 'Jeans', 499, 7, '27THFASHION'),
(201602000000014, 'TF-PT-022', 'Jeans', 499, 0, '27THFASHION'),
(201602000000015, 'TF-POLO3/4-091', 'Jacket', 450, 5, '27THFASHION'),
(201602000000016, 'TF-SDR-001', 'Dress', 200, 5, '27THFASHION'),
(201602000000017, 'TF-SDR-521', 'Dress', 250, 0, '27THFASHION'),
(201602000000018, 'TF-LG-08', 'Tee', 150, 0, '27THFASHION'),
(201602000000019, 'TF-B-001', 'Blouse', 200, 12, '27THFASHION'),
(201602000000020, 'TF-DR-031', 'Dress', 250, 12, '27THFASHION'),
(201602000000021, 'TF-SH-031', 'Shorts', 250, 14, '27THFASHION'),
(201602000000022, 'TF-PT-002', 'Jeans', 400, 1, '27THFASHION'),
(201602000000023, 'PAULA SLIT BACK', 'Blouse', 170, 0, '8THGRAVITY'),
(201602000000024, 'PAULA OFF SHOULDER', 'Blouse', 165, -1, '8THGRAVITY'),
(201602000000025, 'SQUARE PANTS', 'Jeans', 280, 2, '8THGRAVITY'),
(201602000000026, 'HALTER', 'Blouse', 200, 0, '8THGRAVITY'),
(201602000000027, 'TURTLE NECK', 'Blouse', 200, 3, '8THGRAVITY'),
(201602000000028, 'CHARLENE OFF SHOULDER', 'Blouse', 200, 0, '8THGRAVITY'),
(201602000000029, 'PIPING', 'Blouse', 230, 3, '8THGRAVITY'),
(201602000000030, 'crop top', 'Blouse', 165, 2, '8THGRAVITY'),
(201602000000031, 'ABBY LONG SLEEVE CROP', 'Blouse', 170, 1, '8THGRAVITY'),
(201602000000032, 'ISSA TURTLE NECK', 'Blouse', 7, 0, '8THGRAVITY'),
(201602000000033, 'TARA CROP', 'Blouse', 150, 2, '8THGRAVITY'),
(201602000000034, 'SHANA TURTLENECK', 'Blouse', 150, 1, '8THGRAVITY'),
(201602000000035, 'LONG TEE', 'Blouse', 200, 11, '8THGRAVITY'),
(201602000000036, 'PIA OFF SHOULDER', 'Blouse', 185, 1, '8THGRAVITY'),
(201602000000037, 'PRINTED SHIRT', 'Tee', 170, 1, '8THGRAVITY'),
(201602000000038, 'LARA OFF SHOULDER CROP', 'Blouse', 150, 0, '8THGRAVITY'),
(201602000000039, 'LARA CROP TOP', 'Blouse', 150, 1, '8THGRAVITY'),
(201602000000040, 'MENS LONG TEE', 'Tee', 200, 8, '8THGRAVITY'),
(201602000000041, 'PRINTED HALER', 'Blouse', 250, 2, '8THGRAVITY'),
(201602000000042, 'PLAY POLO', 'Blouse', 250, 0, '8THGRAVITY'),
(201602000000043, 'BRYAN LONG TEE', 'Tee', 200, 3, '8THGRAVITY'),
(201602000000044, 'H&M SHORTS', 'Shorts', 200, 3, '8THGRAVITY'),
(201602000000045, 'BEA DRESS', 'Dress', 220, 1, '8THGRAVITY'),
(201602000000046, 'LACED SHORTS', 'Shorts', 99, 1, '8THGRAVITY'),
(201602000000047, 'ISSA TURTLE NECK', 'Blouse', 150, 2, '8THGRAVITY'),
(201602000000048, '2-port USB Car Charger (TWE-CC-ELH)', 'Phone Accessories', 125, 4, 'TWELFTHDISTRICT'),
(201602000000049, 'Cellphone Ring Holder (TWE-RH-EAE)', 'Phone Accessories', 100, 17, 'TWELFTHDISTRICT'),
(201602000000050, 'Portable Mini Fan (TWE-MF-ERE)', 'Others', 200, 2, 'TWELFTHDISTRICT'),
(201602000000051, 'QCY HEAD Socket (TWE-QH-EAK)', 'Phone Accessories', 150, 3, 'TWELFTHDISTRICT'),
(201602000000052, 'Skull Candy Earphones (TWE-SC-EAK)', 'Phone Accessories', 150, 4, 'TWELFTHDISTRICT'),
(201602000000053, 'iPhone Charger Head (TWE-IC-EBO)', 'Phone Accessories', 100, 4, 'TWELFTHDISTRICT'),
(201602000000054, 'Samsung Charger Cord (TWE-SC-ELE)', 'Phone Accessories', 100, 8, 'TWELFTHDISTRICT'),
(201602000000055, 'iPhone Charger Cord (TWE-IC-EAE)', 'Phone Accessories', 100, 4, 'TWELFTHDISTRICT'),
(201602000000056, 'Samsung Power Bank (TWE-PB-ESE)', 'Phone Accessories', 250, 5, 'TWELFTHDISTRICT'),
(201602000000057, 'USB LED Light (TWE-LL-EBK)', 'Others', 75, 10, 'TWELFTHDISTRICT'),
(201602000000058, 'Selfie Stick (TWE-SS-ECE)', 'Phone Accessories', 150, 2, 'TWELFTHDISTRICT'),
(201602000000059, 'Tempered Glass Protector (TWE-GP-ELK)', 'Phone Accessories', 100, 16, 'TWELFTHDISTRICT'),
(201602000000060, 'HBK Senior Cellphone Case (TWE-HBK-EOE)', 'Phone Accessories', 170, 3, 'TWELFTHDISTRICT'),
(201602000000061, '360 Cellphone Case (TWE-360-BEE)', 'Phone Accessories', 250, 11, 'TWELFTHDISTRICT'),
(201602000000062, 'Switch Easy Cellphone Case (TWE-SE-EOE)', 'Phone Accessories', 170, 1, 'TWELFTHDISTRICT'),
(201602000000063, 'Octopus Cord (TWE-OC-EAK)', 'Phone Accessories', 150, 1, 'TWELFTHDISTRICT'),
(201602000000064, 'Samsung Headset with Microphone (TWE-SH-ECE)', 'Phone Accessories', 150, 1, 'TWELFTHDISTRICT'),
(201602000000065, 'Samsung Headset without Microphone (TWE-SH-EAK)', 'Phone Accessories', 150, 2, 'TWELFTHDISTRICT'),
(201602000000066, 'Samsung Headset PL (TWE-SH-EBR)', 'Phone Accessories', 125, 4, 'TWELFTHDISTRICT'),
(201602000000067, 'Fashion Cellphone Case iPhone 6 Plus (TWE-FC-EOE)', 'Phone Accessories', 180, 1, 'TWELFTHDISTRICT'),
(201602000000068, 'Glitter Cellphone Case iPhone 6 Plus (TWE-GC-EHK)', 'Phone Accessories', 180, 4, 'TWELFTHDISTRICT'),
(201602000000069, 'Incipio Case with Design (TWE-IC-ERK)', 'Blouse', 200, 7, 'TWELFTHDISTRICT'),
(201602000000070, 'Jelly Cellphone Case (TWE-JC-ELK)', 'Phone Accessories', 125, 8, 'TWELFTHDISTRICT'),
(201602000000071, 'Slim Armor Case (TWE-SA-ERE)', 'Phone Accessories', 180, 1, 'TWELFTHDISTRICT'),
(201602000000072, 'Alibaba Jelly Case (TWE-AJ-EOK)', 'Phone Accessories', 170, 2, 'TWELFTHDISTRICT'),
(201602000000073, 'Choker (TWE-CH-OLE)', 'Necklace', 100, 0, 'TWELFTHDISTRICT'),
(201602000000074, 'Choker with Pendant (TWE-CH-EBE)', 'Necklace', 90, 0, 'TWELFTHDISTRICT'),
(201602000000075, 'Choker with Pendant (TWE-CH-ELE)', 'Necklace', 60, 0, 'TWELFTHDISTRICT'),
(201602000000076, 'Choker with Pendant (TWE-CH-ELE)', 'Necklace', 60, 1, 'TWELFTHDISTRICT'),
(201602000000077, 'Choker (TWE-CH-OBE)', 'Necklace', 50, 5, 'TWELFTHDISTRICT'),
(201602000000078, 'H&M SANDO', 'Tee', 220, 4, '8THGRAVITY'),
(201602000000079, 'RAGLAN BLOUSE', 'Blouse', 175, 37, '8THGRAVITY'),
(201602000000080, 'LETUS GARTER', 'Blouse', 175, 4, '8THGRAVITY'),
(201602000000081, 'PULLOVER SWEATER', 'Jacket', 180, 4, '8THGRAVITY'),
(201602000000082, 'LONG DRESS SIDE SLIT', 'Blouse', 199, 5, '8THGRAVITY'),
(201602000000083, 'RIB TURTLE NECK', 'Blouse', 260, 7, '8THGRAVITY'),
(201602000000084, 'ELLA DRESS', 'Dress', 300, 5, '8THGRAVITY'),
(201602000000085, 'DENIM BLOUSE', 'Blouse', 300, 4, '8THGRAVITY'),
(201602000000086, 'TURTLE NECK CHIFFON BOUSE', 'Blouse', 250, 1, '8THGRAVITY'),
(201602000000087, 'LONG SLEEVE PATENT', 'Blouse', 300, 3, '8THGRAVITY'),
(201602000000088, 'JUMPSHORT', 'Shorts', 350, 1, '8THGRAVITY'),
(201602000000089, 'DENIM JUMPER', 'Shorts', 450, 1, '8THGRAVITY'),
(201602000000090, 'DENIM SHORT GARTER', 'Shorts', 300, 0, '8THGRAVITY'),
(201602000000091, 'DENIM SHORT BIANCA', 'Shorts', 250, 0, '8THGRAVITY'),
(201602000000092, 'A&E SHORTS', 'Shorts', 380, 5, '8THGRAVITY'),
(201602000000093, 'MEN''S BOARD SHORTS', 'Shorts', 249, 1, '8THGRAVITY'),
(201602000000094, 'MEN''S BOARD SHORTS', 'Shorts', 249, 0, '8THGRAVITY'),
(201602000000095, 'MEN''S BOARD SHORTS', 'Shorts', 249, 0, '8THGRAVITY'),
(201602000000096, 'MEN''S OVERRUN SHIRT', 'Tee', 250, 5, '8THGRAVITY'),
(201602000000097, 'SQUARE PANTS', 'Jeans', 250, 4, '8THGRAVITY'),
(201602000000098, 'DENIM LONG SKIRT', 'Skirt', 280, 5, '8THGRAVITY'),
(201602000000099, 'ATMOSPHERE CHIFFON SLEEVELES TOP', 'Blouse', 290, 5, '8THGRAVITY'),
(201602000000100, 'NEW LOOK CROP TOP', 'Blouse', 200, 4, '8THGRAVITY'),
(201602000000101, 'F21 BOYCON DRESS', 'Dress', 230, 5, '8THGRAVITY'),
(201602000000102, 'H&M BASIC DRESS', 'Dress', 260, 0, '8THGRAVITY'),
(201602000000103, 'OVERRUN MENS SHIRT', 'Tee', 300, 4, '8THGRAVITY'),
(201602000000104, 'ZARA DENIM CROP TOP', 'Blouse', 300, 4, '8THGRAVITY'),
(201602000000105, 'DENIM JACKET', 'Jacket', 450, 0, '8THGRAVITY'),
(201602000000106, 'SILK HOODY', 'Jacket', 299, 1, '8THGRAVITY'),
(201602000000107, 'DENIM JUMPSHORT HOODIE', 'Shorts', 285, 2, '8THGRAVITY'),
(201602000000108, 'ELLIE DRESS', 'Dress', 260, 1, '8THGRAVITY'),
(201602000000109, 'FLOWY JUMPSHORT', 'Shorts', 290, 0, '8THGRAVITY'),
(201602000000110, 'JUMP SUIT PATENT', 'Shorts', 350, 0, '8THGRAVITY'),
(201602000000111, '3/4 WITH ZIPPER', 'Blouse', 170, 0, '8THGRAVITY'),
(201602000000112, 'JOGGER', 'Jeans', 190, 0, '8THGRAVITY'),
(201602000000113, 'LONG BACK PULLOVER', 'Blouse', 195, 0, '8THGRAVITY'),
(201602000000114, 'sample item 3', 'Blouse', 675, 0, 'tenant'),
(201602000000115, 'Gold & Silver Necklace with white stones accents in different designs Code A-5 ', 'Necklace', 0, 0, 'UCOMPLETEME'),
(201602000000116, 'Assorted Gold elegant Rings', '', 0, 0, ''),
(201602000000117, 'Birth stone', '', 0, -1, ''),
(201602000000118, 'Fancy Gold n Silver Earrings with assorted designs', '', 0, 0, ''),
(201602000000119, 'Assorted Triple Pendant Necklace in Gold & Silver', '', 0, 0, ''),
(201602000000120, 'Round', '', 0, 0, ''),
(201602000000121, 'CARPISA Italy Jewelry keeper', '', 0, 0, ''),
(201602000000122, 'HAVIANAS MINIONS MENS', 'Slippers', 365, 15, '8THGRAVITY'),
(201602000000123, 'HAVAIANAS MICKEY WOMENS', 'Slippers', 360, 19, '8THGRAVITY'),
(201602000000124, 'HAVAIANAS AQUA BLUE PLAIN WOMENS', 'Slippers', 383, 6, '8THGRAVITY'),
(201602000000125, 'HAVAIANAS NAVY BLUE PLAIN MENS', 'Slippers', 399, 3, '8THGRAVITY'),
(201602000000126, 'HAVAIANAS PLAIN BLACK MENS', 'Slippers', 383, 4, '8THGRAVITY'),
(201602000000127, 'HAVAIANAS MARVEL GREY MENS', 'Slippers', 385, 2, '8THGRAVITY'),
(201602000000128, 'HAVAIANAS BLACK REGGAE MENS', 'Slippers', 365, 5, '8THGRAVITY'),
(201602000000129, 'FOLDED UMBRELLA', 'Others', 150, 3, '8THGRAVITY'),
(201602000000130, 'RF BULL CAP', 'Cap', 150, 4, '8THGRAVITY'),
(201602000000131, 'REAL LIFE BULL CAP', 'Cap', 199, 4, '8THGRAVITY'),
(201602000000132, 'PINNED CAP', 'Cap', 250, 2, '8THGRAVITY'),
(201602000000133, 'CHECKERED BULL CAP', 'Cap', 240, 4, '8THGRAVITY'),
(201602000000134, 'SUNNIES CLASS1 THIN', 'Blouse', 230, 0, '8THGRAVITY'),
(201602000000135, 'SUNNIES CLASS1 THIN', 'Eyewear', 230, 27, '8THGRAVITY'),
(201602000000136, 'SUNNIES CLASS 2 THICK', 'Eyewear', 250, 8, '8THGRAVITY'),
(201602000000137, 'SUN SPECS  CLASS 1 THIN', 'Eyewear', 230, 17, '8THGRAVITY'),
(201602000000138, 'SUN SPECS CLASS 2 ', 'Eyewear', 250, 10, '8THGRAVITY'),
(201602000000139, 'SUN SPECS CLASS 3', 'Eyewear', 270, 5, '8THGRAVITY'),
(201602000000140, 'TF-WALLET-001', 'Wallet', 200, 2, '27THFASHION'),
(201602000000141, 'TF-WALLET-031', 'Wallet', 250, 10, '27THFASHION'),
(201602000000142, 'TF-BR-57', 'Bracelet', 199, 6, '27THFASHION'),
(201602000000143, 'TF-CAP-001', 'Cap', 100, 0, '27THFASHION'),
(201602000000144, 'TF-CHOCKER-56', 'Necklace', 150, 3, '27THFASHION'),
(201602000000145, 'TF-BR-06', 'Bracelet', 150, 8, '27THFASHION'),
(201602000000146, 'TF-MUNAFIE-08', 'Others', 199, 7, '27THFASHION'),
(201602000000147, 'TF-ER-08', 'Earrings', 150, 10, '27THFASHION'),
(201602000000148, 'TF-ER-08', 'Earrings', 150, 0, '27THFASHION'),
(201602000000149, 'TF-ER-08', 'Earrings', 150, 0, '27THFASHION'),
(201602000000150, 'TF-CAP-001', 'Cap', 199, 0, '27THFASHION'),
(201602000000151, 'TF-CAP-001', 'Cap', 199, 0, '27THFASHION'),
(201602000000152, 'TF-WDG1S-082', 'Sandals', 589, 1, '27THFASHION'),
(201602000000153, 'TF-SPADRIIL-091', 'Sandals', 390, 12, '27THFASHION'),
(201602000000154, 'TF-PIOCAVE', 'Sandals', 550, 1, '27THFASHION'),
(201602000000155, 'TF-FLATS-054', 'Sandals', 550, 6, '27THFASHION'),
(201602000000156, 'TF-WDGABACA-093', 'Sandals', 590, 20, '27THFASHION'),
(201602000000157, 'TF-WDGGS-082', 'Sandals', 589, 2, '27THFASHION'),
(201602000000158, 'TF-SANDALS-082', 'Sandals', 480, 9, '27THFASHION'),
(201602000000159, 'TF-WDG2STRAP', 'Sandals', 590, 2, '27THFASHION'),
(201602000000160, 'TF-BROWNCAVE', 'Sandals', 590, 2, '27THFASHION'),
(201602000000161, 'Blouse Test', 'Blouse', 200, 0, 'tenant'),
(201602000000162, 'Jacket Test', 'Jacket', 800, 0, 'tenant'),
(201602000000163, 'Sample Hat', 'Hat', 300, 0, 'tenant'),
(201602000000164, 'STY-CARDI-001', 'Cardigan', 250, 19, 'STYLECREW'),
(201602000000165, 'STY-ZB-59', 'Tee', 199, 7, 'STYLECREW'),
(201602000000166, 'STY-B-01', 'Blouse', 150, 9, 'STYLECREW'),
(201602000000167, 'STY-DR-021', 'Dress', 250, 6, 'STYLECREW'),
(201602000000168, 'STY-TDR-021', 'Dress', 250, 3, 'STYLECREW'),
(201602000000169, 'STY-RP-07', 'Crop Top', 150, 5, 'STYLECREW'),
(201602000000170, 'STY-RP-07', 'Crop Top', 150, 0, 'STYLECREW'),
(201602000000171, 'STY-MZDR-031', 'Dress', 250, 1, 'STYLECREW'),
(201602000000172, 'STY-RDR-031', 'Dress', 250, 0, 'STYLECREW'),
(201602000000173, 'STY-CROP-57', 'Crop Top', 150, 3, 'STYLECREW'),
(201602000000174, 'STY-TNSL-55', 'Crop Top', 150, 6, 'STYLECREW'),
(201602000000175, 'STY-ZIA-59', 'Blouse', 199, 2, 'STYLECREW'),
(201602000000176, 'STY-ZB3/4-58', 'Pullover', 199, 2, 'STYLECREW'),
(201602000000177, 'STY-HOOD-07', 'Jacket', 199, 2, 'STYLECREW'),
(201602000000178, 'STY-LB-56', 'Blouse', 150, 1, 'STYLECREW'),
(201602000000179, 'STY-ZBDR-041', 'Dress', 250, -1, 'STYLECREW'),
(201602000000180, 'STY-ZB-011', 'Blouse', 249, 0, 'STYLECREW'),
(201602000000181, 'STY-CROP-56', 'Crop Top', 150, 0, 'STYLECREW'),
(201602000000182, 'STY-TN-07', 'Blouse', 150, 1, 'STYLECREW'),
(201602000000183, 'NYX LIPSTICK', 'Makeup', 250, 0, 'GETGLAM'),
(201602000000184, 'NYX LIPSTICK', 'Makeup', 250, 0, 'GETGLAM'),
(201602000000185, 'Birthstones, studded and Pearl Earrings ', 'Earrings', 77, 42, 'UCOMPLETEME'),
(201602000000186, 'Assorted Gold designs Rings ', 'Ring', 125, 14, 'UCOMPLETEME'),
(201602000000187, 'Assorted Earrings ', 'Earrings', 88, 90, 'UCOMPLETEME'),
(201602000000188, 'Triple Pendant Necklace, assorted designs in Gold & Silver, code A-6 ', 'Necklace', 250, 10, 'UCOMPLETEME'),
(201602000000189, 'Round, Heart and Square Jewelry boxes, code MD-05 ', 'Others', 35, 38, 'UCOMPLETEME'),
(201602000000190, 'CARPISA Italy Jewelry Case,code XP-10 ', 'Others', 400, 2, 'UCOMPLETEME'),
(201602000000191, 'Gold & Silver Necklace with white stone accents in diff designs, code A-5 ', 'Necklace', 200, 20, 'UCOMPLETEME'),
(201602000000192, 'NYX MATTE LIPSTICK', 'Makeup', 160, 0, 'GETGLAM'),
(201602000000193, 'MAC LIPSTICK', 'Makeup', 120, 0, 'GETGLAM'),
(201602000000194, 'Camouflage Crop Top (ERE)', 'Crop Top', 150, 4, 'TWELFTHDISTRICT'),
(201602000000195, 'Varsity Shirt (EOE)', 'Tee', 150, 8, 'TWELFTHDISTRICT'),
(201602000000196, 'Varsity Short Dress (BAK)', 'Dress', 250, 0, 'TWELFTHDISTRICT'),
(201602000000197, 'Kimono (BEE)', 'Cardigan', 190, 1, 'TWELFTHDISTRICT'),
(201602000000198, 'Off Shoulder Floral Top (EOE)', 'Blouse', 150, 3, 'TWELFTHDISTRICT'),
(201602000000199, 'Haltered Top (EHE)', 'Blouse', 150, 5, 'TWELFTHDISTRICT'),
(201602000000200, 'Long Back Blouse (EOE)', 'Blouse', 150, 3, 'TWELFTHDISTRICT'),
(201602000000201, 'Zip Back Blouse (ESE)', 'Blouse', 190, 0, 'TWELFTHDISTRICT'),
(201602000000202, 'Plain Crop Top Toto (EOE)', 'Blouse', 150, 2, 'TWELFTHDISTRICT'),
(201602000000203, 'Baseball T-Shirt (ESE)', 'Tee', 180, 3, 'TWELFTHDISTRICT'),
(201602000000204, 'Blouse with Lace (BKE)', 'Blouse', 250, 3, 'TWELFTHDISTRICT'),
(201602000000205, 'Off Shoulder Beth (BKE)', 'Blouse', 250, 2, 'TWELFTHDISTRICT'),
(201602000000206, 'Initials T-Shirt (BEE)', 'Tee', 199, 5, 'TWELFTHDISTRICT'),
(201602000000207, 'Long Dress (BKE)', 'Dress', 250, 6, 'TWELFTHDISTRICT'),
(201602000000208, 'Cardigan (BEE)', 'Cardigan', 200, 10, 'TWELFTHDISTRICT'),
(201602000000209, 'Short Dress (BAE)', 'Dress', 230, 1, 'TWELFTHDISTRICT'),
(201602000000210, 'Overlap Long Blouse (BAE)', 'Blouse', 230, 1, 'TWELFTHDISTRICT'),
(201602000000211, 'MAC SPONGE', 'Makeup', 99, -2, 'GETGLAM'),
(201602000000212, 'SHARPENER', 'Makeup', 35, 25, 'GETGLAM'),
(201602000000213, 'EYEBROW TEMPLATE', 'Makeup', 79, 0, 'GETGLAM'),
(201602000000214, 'Color my Brows', 'Makeup', 150, 16, 'GETGLAM'),
(201602000000215, 'Anastasia Angle Brush', 'Makeup', 80, 20, 'GETGLAM'),
(201602000000216, '', 'Blouse', 0, 0, 'GETGLAM'),
(201602000000217, 'Etude Drawing', 'Makeup', 150, 6, 'GETGLAM'),
(201602000000218, 'Kissproof', 'Makeup', 150, 29, 'GETGLAM'),
(201602000000219, 'Menow Eyebrow Set', 'Makeup', 180, 2, 'GETGLAM'),
(201602000000220, 'Anastasia Gel Eyeliner', 'Blouse', 160, 0, 'GETGLAM'),
(201602000000221, 'Anastasia Gel Eyeliner', 'Makeup', 160, 0, 'GETGLAM'),
(201602000000222, 'Colour Pop Eyeshadow', 'Makeup', 120, 9, 'GETGLAM'),
(201602000000223, 'Colour Pop Ultra Matte', 'Makeup', 114, 0, 'GETGLAM'),
(201602000000224, 'Colour Pop Ultra Matte', 'Makeup', 114, 0, 'GETGLAM'),
(201602000000225, 'Colour Pop Ultra Matte', 'Makeup', 250, 88, 'GETGLAM'),
(201602000000226, 'NYX SOFT MATTE', 'Makeup', 160, 11, 'GETGLAM'),
(201602000000227, 'MAC TIGER LIPSTICK', 'Makeup', 120, 63, 'GETGLAM'),
(201602000000228, 'MAC GAMBA LIPSTICK', 'Makeup', 120, 36, 'GETGLAM'),
(201602000000229, 'NYX PUCKER UP LIPSTICK', 'Makeup', 120, 37, 'GETGLAM'),
(201602000000230, 'Lime Crime Lipstick', 'Makeup', 160, 38, 'GETGLAM'),
(201602000000231, 'Anastasia Lip Cream', 'Makeup', 180, 38, 'GETGLAM'),
(201602000000232, 'Naked Gel Eyeliner', 'Makeup', 150, 10, 'GETGLAM'),
(201602000000233, 'Etude BB Cream', 'Makeup', 250, 4, 'GETGLAM'),
(201602000000234, 'Menow Super Liner', 'Makeup', 150, 5, 'GETGLAM'),
(201602000000235, 'Naked 3 Eyeshadow', 'Makeup', 350, 1, 'GETGLAM'),
(201602000000236, 'Naked 6 Blush On (3 in 1)', 'Makeup', 199, 3, 'GETGLAM'),
(201602000000237, 'Naked 6 Blush On (2 in 1)', 'Makeup', 180, 0, 'GETGLAM'),
(201602000000238, 'Etude Eyebrow Pencil', 'Makeup', 99, 11, 'GETGLAM'),
(201602000000239, 'Naked 2 Eyeshadow', 'Makeup', 350, 2, 'GETGLAM'),
(201602000000240, 'Nude Eyeshadow Pallete (The Balm)', 'Makeup', 380, 1, 'GETGLAM'),
(201602000000241, 'Naked Brush Set', 'Makeup', 220, 2, 'GETGLAM'),
(201602000000242, 'Maybelline 3 in 1 ', 'Makeup', 170, 0, 'GETGLAM'),
(201602000000243, 'True LIps Lip Liner', 'Makeup', 250, 3, 'GETGLAM'),
(201602000000244, 'Vaseline Lip Therapy', 'Makeup', 90, 0, 'GETGLAM'),
(201602000000245, 'Maybelline Liquid Foundation', 'Makeup', 250, 2, 'GETGLAM'),
(201602000000246, 'L''oreal Liquid Foundation', 'Makeup', 250, 3, 'GETGLAM'),
(201602000000247, 'Maybelline Age Rewind', 'Makeup', 250, 1, 'GETGLAM'),
(201602000000248, 'MAC PADELLE BRUSH', 'Makeup', 199, 7, 'GETGLAM'),
(201602000000249, 'MAC PADELLE BRUSH', 'Makeup', 199, 0, 'GETGLAM'),
(201602000000250, 'MAC PADELLE BRUSH', 'Makeup', 199, 0, 'GETGLAM'),
(201602000000251, 'MAC PADELLE BRUSH', 'Makeup', 199, 0, 'GETGLAM'),
(201602000000252, 'Kylie w/ Lip Liner ', 'Makeup', 250, 44, 'GETGLAM'),
(201602000000253, 'Kylie Liquid Matte Lipstick', 'Makeup', 200, 66, 'GETGLAM'),
(201602000000254, '', 'Blouse', 0, 0, 'GETGLAM'),
(201602000000255, 'Turtleneck sleeveless top', 'Blouse', 250, 3, 'PURPLEROW'),
(201602000000256, 'Sleeveless button down blouse', 'Blouse', 250, 0, 'PURPLEROW'),
(201602000000257, 'Long Cardigan', 'Cardigan', 299, 1, 'PURPLEROW'),
(201602000000258, 'Turtleneck sleeveless dress', 'Dress', 250, 2, 'PURPLEROW'),
(201602000000259, 'Sheer Kimono', 'Cardigan', 350, 2, 'PURPLEROW'),
(201602000000260, 'Square Cami', 'Blouse', 250, 0, 'PURPLEROW'),
(201602000000261, 'Adjustable halter top', 'Blouse', 299, -2, 'PURPLEROW'),
(201602000000262, 'Turtleneck Rib 3/4 top', 'Blouse', 250, 1, 'PURPLEROW'),
(201602000000263, 'Turtleneck Rib dress', 'Dress', 280, 0, 'PURPLEROW'),
(201602000000264, 'Stripe button down off shoulder', 'Blouse', 350, 0, 'PURPLEROW'),
(201602000000265, 'Denim button down with ribbon ', 'Blouse', 350, 0, 'PURPLEROW'),
(201602000000266, 'Bershka denim halter top', 'Blouse', 360, 1, 'PURPLEROW'),
(201602000000267, 'Bershka denim off shoulder', 'Blouse', 380, -1, 'PURPLEROW'),
(201602000000268, 'Zara denim soft jacket', 'Jacket', 550, 3, 'PURPLEROW'),
(201602000000269, 'Bershka denim crossback blouse', 'Blouse', 380, 1, 'PURPLEROW'),
(201602000000270, 'Back to Basic Crop Top (EHK)', 'Crop Top', 150, -1, 'TWELFTHDISTRICT'),
(201602000000271, 'Half Sweater (ESE)', 'Jacket', 190, 0, 'TWELFTHDISTRICT'),
(201602000000272, 'Half Sweater with Bottom Stitch (ERK)', 'Jacket', 185, 1, 'TWELFTHDISTRICT'),
(201602000000273, 'Zipper Skirt', 'Skirt', 220, 1, 'TWELFTHDISTRICT'),
(201602000000274, 'Skater Skirt (ERE)', 'Skirt', 180, 1, 'TWELFTHDISTRICT'),
(201602000000275, 'Cullotes (BKE)', 'Others', 250, 1, 'TWELFTHDISTRICT'),
(201602000000276, 'Long Skirt (BCE)', 'Skirt', 250, 1, 'TWELFTHDISTRICT'),
(201602000000277, 'TF-JS-082', 'Jeans', 449, 2, '27THFASHION'),
(201602000000278, 'TF-SK-060', 'Skirt', 160, 1, '27THFASHION'),
(201602000000279, 'TF-BL-060', 'Blouse', 160, 2, '27THFASHION'),
(201602000000280, 'TF-FR21DR-031', 'Dress', 249, 1, '27THFASHION'),
(201602000000281, 'TF-CON-001', 'Blouse', 199, 0, '27THFASHION'),
(201602000000282, 'TF-FLATS-082', 'Sandals', 589, 4, '27THFASHION'),
(201602000000283, 'TF-FLIPLOP', 'Sandals', 550, 1, '27THFASHION'),
(201602000000284, 'TF-CAVE', 'Sandals', 500, 1, '27THFASHION'),
(201602000000285, 'TF-BSB', 'Sandals', 520, 1, '27THFASHION'),
(201602000000286, 'TF-DC INCANTO(WOMEN)', 'Perfume', 180, 0, '27THFASHION'),
(201602000000287, 'TF-DC INCANTO(WOMEN) 30ML', 'Blouse', 180, 0, '27THFASHION'),
(201602000000288, 'TF-DC INCANTO(WOMEN) 30ML', 'Perfume', 180, -1, '27THFASHION'),
(201602000000289, 'TF-DC PERFUME 30ML', 'Perfume', 180, 6, '27THFASHION'),
(201602000000290, 'TF-DC PERFUME 15ML', 'Perfume', 125, 9, '27THFASHION'),
(201602000000291, 'TF-DC PERFUME 10ML', 'Perfume', 100, 2, '27THFASHION'),
(201602000000292, 'TF-DC PERFUME 5ML', 'Blouse', 0, 0, '27THFASHION'),
(201602000000293, 'TF-DC PERFUME 12ML', 'Perfume', 100, 0, '27THFASHION'),
(201602000000294, 'TF-DC PERFUME 10ML', 'Perfume', 75, -9, '27THFASHION'),
(201602000000295, 'TF-DC PERFUME 5ML', 'Perfume', 50, 3, '27THFASHION'),
(201602000000296, 'TF-TS-055', 'Blouse', 150, 1, '27THFASHION'),
(201602000000297, 'TF-MSK-061', 'Skirt', 350, 4, '27THFASHION'),
(201602000000298, 'TF-RJ-002', 'Blouse', 350, 2, '27THFASHION'),
(201602000000299, 'TF-PT-052', 'Jeans', 499, 1, '27THFASHION'),
(201602000000300, 'TF-PT-051', 'Jeans', 350, 0, '27THFASHION'),
(201602000000301, 'TF-SH-001', 'Shorts', 250, 2, '27THFASHION'),
(201602000000302, 'TF-MS-022', 'Blouse', 349, 0, '27THFASHION'),
(201602000000303, 'TF-PT-083', 'Jeans', 599, 0, '27THFASHION'),
(201602000000304, 'TF-PT-083', 'Jeans', 599, 3, '27THFASHION'),
(201602000000305, 'TF-STSK-061', 'Skirt', 350, 2, '27THFASHION'),
(201602000000306, 'TF-DP-022', 'Tee', 475, 1, '27THFASHION'),
(201602000000307, 'TF-SS-031', 'Shorts', 299, 2, '27THFASHION'),
(201602000000308, 'TF-SJ-012', 'Jeans', 360, 2, '27THFASHION'),
(201602000000309, 'TF-LSL-041', 'Pullover', 349, 0, '27THFASHION'),
(201602000000310, 'TF-LSL-041', 'Pullover', 349, 0, '27THFASHION'),
(201602000000311, 'GYMSACK', 'Bag', 250, 0, 'FANCYLAB'),
(201602000000312, 'TSHIRT', 'Blouse', 250, 0, 'FANCYLAB'),
(201602000000313, 'WALLET', 'Wallet', 60, 0, 'FANCYLAB'),
(201602000000314, 'MINI POUCH', 'Purse', 40, 0, 'FANCYLAB'),
(201602000000315, 'CANVAS POUCH', 'Purse', 100, 0, 'FANCYLAB'),
(201602000000316, 'TOTEBAG', 'Bag', 230, 0, 'FANCYLAB'),
(201602000000317, 'CP POUCH', 'Blouse', 120, 0, 'FANCYLAB'),
(201602000000318, 'MAKE UP POUCH', 'Purse', 120, 0, 'FANCYLAB'),
(201602000000319, 'BIG RIBBON', 'Others', 50, 0, 'FANCYLAB'),
(201602000000320, 'SMALL RIBBON', 'Others', 25, 0, 'FANCYLAB'),
(201602000000321, 'SWEATSHIRT', 'Pullover', 350, 0, 'FANCYLAB'),
(201602000000322, 'SMALL POUCH', 'Purse', 80, 0, 'FANCYLAB'),
(201602000000323, 'HOODIE', 'Pullover', 400, 0, 'FANCYLAB'),
(201602000000324, 'PASTEL COLOR', 'School Supplies', 15, 0, 'SKULMATE'),
(201602000000325, 'PASTEL COLOR', 'School Supplies', 150, 0, 'SKULMATE'),
(201602000000326, 'BALL PEN', 'School Supplies', 20, 16, 'SKULMATE'),
(201602000000327, 'CUTTER ', 'School Supplies', 40, 1, 'SKULMATE'),
(201602000000328, 'CORRECTION TAPE', 'School Supplies', 25, 8, 'SKULMATE'),
(201602000000329, 'PAINT BRUSH', 'School Supplies', 50, 1, 'SKULMATE'),
(201602000000330, 'CALCULATOR', 'School Supplies', 145, 3, 'SKULMATE'),
(201602000000331, 'WATER COLOR', 'School Supplies', 60, 1, 'SKULMATE'),
(201602000000332, 'BIG CRAYONS', 'School Supplies', 65, 2, 'SKULMATE'),
(201602000000333, 'PENCIL COLORS', 'School Supplies', 65, 2, 'SKULMATE'),
(201602000000334, 'MARKER THIN', 'School Supplies', 30, 21, 'SKULMATE'),
(201602000000335, 'MARKER LARGE', 'School Supplies', 45, 8, 'SKULMATE'),
(201602000000336, 'MARKER MEDUIM', 'School Supplies', 40, 12, 'SKULMATE'),
(201602000000337, 'ERASER', 'School Supplies', 12, 30, 'SKULMATE'),
(201602000000338, 'WIPES', 'School Supplies', 110, 3, 'SKULMATE'),
(201602000000339, 'SCISSORS ', 'School Supplies', 125, 2, 'SKULMATE'),
(201602000000340, 'STATIONARY SET', 'Blouse', 35, 0, 'SKULMATE'),
(201602000000341, 'STATIONARY SET', 'School Supplies', 35, 3, 'SKULMATE'),
(201602000000342, 'PASTEL COLOR', 'School Supplies', 40, 2, 'SKULMATE'),
(201602000000343, 'ACRYLIC COLORS 12PCS', 'School Supplies', 199, 0, 'SKULMATE'),
(201602000000344, 'ACRYLIC COLORS 6PCS', 'School Supplies', 110, 1, 'SKULMATE'),
(201602000000345, 'VR BOX W/ REMOTE', 'Gadget', 550, 0, 'SKULMATE'),
(201602000000346, 'HOTSHAPER', 'Accessories', 190, 1, 'SKULMATE'),
(201602000000347, 'NOTE PAD', 'School Supplies', 150, 1, 'SKULMATE'),
(201602000000348, 'SHOE BOOTS', 'Shoes', 189, 1, 'SKULMATE'),
(201602000000349, 'PORE STRIPS', 'Others', 25, 1, 'SKULMATE'),
(201602000000350, 'NOSE SECRET', 'Others', 149, 1, 'SKULMATE'),
(201602000000351, 'PAPER FRAME', 'School Supplies', 100, 2, 'SKULMATE'),
(201602000000352, 'PAPER FRAME LARGE', 'School Supplies', 119, 1, 'SKULMATE'),
(201602000000353, 'SUPER THIN LEGGINS', 'Jeans', 219, 2, 'SKULMATE'),
(201602000000354, 'HELLO KITTYBALLPEN BOX', 'School Supplies', 25, 12, 'SKULMATE'),
(201602000000355, 'ASSORTED PEN', 'School Supplies', 20, 45, 'SKULMATE'),
(201602000000356, 'STAMP PAD', 'School Supplies', 280, 1, 'SKULMATE'),
(201602000000357, 'STICKY NOTE', 'School Supplies', 35, 2, 'SKULMATE'),
(201602000000358, 'NOTEBOOK WOOD', 'School Supplies', 195, 1, 'SKULMATE'),
(201602000000359, 'NOTEBOOK CLASS 1', 'School Supplies', 65, 5, 'SKULMATE'),
(201602000000360, 'NOTEBOOK CLASS 2', 'School Supplies', 89, 0, 'SKULMATE'),
(201602000000361, 'WHITE LIGHT', 'Gadget', 200, 0, 'SKULMATE'),
(201602000000362, 'TUMBLER', 'Others', 199, 2, 'SKULMATE'),
(201602000000363, 'VERDON KERATIN', 'Beauty Products', 299, 7, 'SIMPLYFAB'),
(201602000000364, 'KERATIN SACHET', 'Beauty Products', 25, 11, 'SIMPLYFAB'),
(201602000000365, 'BODY SCRUB', 'Beauty Products', 370, 3, 'SIMPLYFAB'),
(201602000000366, 'SPA MILK', 'Beauty Products', 170, 2, 'SIMPLYFAB'),
(201602000000367, 'GOLD MASK', 'Beauty Products', 300, 2, 'SIMPLYFAB'),
(201602000000368, 'SOAP OLD PACKAGING', 'Soap', 165, 0, 'SIMPLYFAB'),
(201602000000369, 'SOAP NEW PACKAGING', 'Soap', 225, 0, 'SIMPLYFAB'),
(201602000000370, 'VIRGINITY SOAP', 'Soap', 150, 0, 'SIMPLYFAB'),
(201602000000371, 'CHOCO COFFEE', 'Food', 170, 2, 'SIMPLYFAB'),
(201602000000372, 'SKINNY COFFEE', 'Food', 170, 1, 'SIMPLYFAB'),
(201602000000373, 'SKINNY COFFEE', 'Food', 170, 0, 'SIMPLYFAB'),
(201602000000374, 'STEM CELL SOAP', 'Soap', 169, 2, 'SIMPLYFAB'),
(201602000000375, 'NAIL CUTTER', 'Others', 25, 10, 'SIMPLYFAB'),
(201602000000376, 'NIPPER SET', 'Others', 149, 5, 'SIMPLYFAB'),
(201602000000377, 'CRISS CROSS STRAP', 'Accessories', 65, 10, 'SIMPLYFAB'),
(201602000000378, 'TRANSPARENT STRAP', 'Others', 50, 0, 'SIMPLYFAB'),
(201602000000379, 'BOBBY HAIR PIN', 'Others', 25, 0, 'SIMPLYFAB'),
(201602000000380, 'SANRIO', 'Others', 25, -1, 'SIMPLYFAB'),
(201602000000381, 'HAIR DONUT', 'Accessories', 25, 5, 'SIMPLYFAB'),
(201602000000382, 'ID CASE', 'School Supplies', 120, 0, 'SIMPLYFAB'),
(201602000000383, 'HELLO KITTY PLAIN CLAMPS', 'Accessories', 30, 18, 'SIMPLYFAB'),
(201602000000384, 'MINI CLAMPS', 'Accessories', 20, 24, 'SIMPLYFAB'),
(201602000000385, 'COLORFUL CLIPS', 'Accessories', 20, 14, 'SIMPLYFAB'),
(201602000000386, 'PONY WIRE', 'Blouse', 15, 21, 'SIMPLYFAB'),
(201602000000387, 'WALLET', 'Purse', 35, 36, 'SIMPLYFAB'),
(201602000000388, 'METTALIC CAPS', 'Accessories', 25, 11, 'SIMPLYFAB'),
(201602000000389, 'TORBAN', 'Accessories', 35, 6, 'SIMPLYFAB'),
(201602000000390, 'STRESS BALL', 'School Supplies', 35, 8, 'SIMPLYFAB'),
(201602000000391, 'SILK HEAD BAN', 'Accessories', 45, 19, 'SIMPLYFAB'),
(201602000000392, 'SILK HEAD BAN', 'Accessories', 45, 0, 'SIMPLYFAB'),
(201602000000393, 'BEADED HEAD BAND', 'Accessories', 40, 19, 'SIMPLYFAB'),
(201602000000394, 'PLAIN HEAD BAND', 'Accessories', 25, 20, 'SIMPLYFAB'),
(201602000000395, 'PONY SET', 'Accessories', 25, 3, 'SIMPLYFAB'),
(201602000000396, 'BLACK PONY SET', 'Accessories', 10, 49, 'SIMPLYFAB'),
(201602000000397, 'THIN PONY SET', 'Accessories', 5, 0, 'SIMPLYFAB'),
(201602000000398, 'THIN PONY SET', 'Accessories', 15, 20, 'SIMPLYFAB'),
(201602000000399, 'HELLO KITTY MIRROR', 'Accessories', 199, 3, 'SIMPLYFAB'),
(201602000000400, 'HELLO KITTY HEADSET', 'Accessories', 190, 0, 'SIMPLYFAB'),
(201602000000401, 'HELLO KITTY SPOON AND PORK', 'Accessories', 160, 2, 'SIMPLYFAB'),
(201602000000402, 'MIRROR ASSORTED', 'Accessories', 130, 7, 'SIMPLYFAB'),
(201602000000403, 'HELLO COMB', 'Accessories', 99, 8, 'SIMPLYFAB'),
(201602000000404, 'Pullover (EOK)', 'Pullover', 180, 1, 'TWELFTHDISTRICT'),
(201602000000405, 'Ringer Top (EOE)', 'Blouse', 150, 3, 'TWELFTHDISTRICT'),
(201602000000406, 'Short Dress (BCE)', 'Dress', 240, 2, 'TWELFTHDISTRICT'),
(201602000000407, 'Monopod Short (ECK)', 'Phone Accessories', 150, 0, 'TWELFTHDISTRICT'),
(201602000000408, 'Spigen Case (EAK)', 'Phone Accessories', 150, 7, 'TWELFTHDISTRICT'),
(201602000000409, 'Octopus Cord (EAE)', 'Phone Accessories', 150, 3, 'TWELFTHDISTRICT'),
(201602000000410, 'Cellphone Ring Holder (ECE)', 'Phone Accessories', 100, 9, 'TWELFTHDISTRICT'),
(201602000000411, 'ID Lace (ELE)', 'Phone Accessories', 80, 8, 'TWELFTHDISTRICT'),
(201602000000412, 'Monopodd Long (LKE)', 'Phone Accessories', 350, 3, 'TWELFTHDISTRICT'),
(201602000000413, 'Pokemon Case (ERE)', 'Phone Accessories', 190, 4, 'TWELFTHDISTRICT'),
(201602000000414, 'Fashion Case (ERE)', 'Phone Accessories', 200, 0, 'TWELFTHDISTRICT'),
(201602000000415, 'Camouflage Case (BBE)', 'Phone Accessories', 250, 4, 'TWELFTHDISTRICT'),
(201602000000416, 'Case with ID Lace (BBE)', 'Phone Accessories', 250, 6, 'TWELFTHDISTRICT'),
(201602000000417, 'iPad Holder (BKE)', 'Phone Accessories', 250, 3, 'TWELFTHDISTRICT'),
(201602000000418, '', 'Shoes', 0, 0, 'ZERO2TEN'),
(201602000000419, 'NIKE FLYKNIT MAX', 'Shoes', 2100, 6, 'ZERO2TEN'),
(201602000000420, 'ADIDAS NMD ', 'Shoes', 2300, 10, 'ZERO2TEN'),
(201602000000421, 'ANZ CRISS CROSS', 'Sandals', 300, 8, 'ZERO2TEN'),
(201602000000422, 'ANZ STRAP', 'Sandals', 280, 0, 'ZERO2TEN'),
(201602000000423, 'POLO SHIRT FRED PERRY/ PENGUIN/ HILFIGER/ PLAY', 'Polo Shirt', 349, 0, '8THGRAVITY'),
(201602000000424, 'LADIES JEANS', 'Jeans', 450, 11, '8THGRAVITY'),
(201602000000425, 'JOGGER CLASS 2', 'Jeans', 250, 6, '8THGRAVITY'),
(201602000000426, 'CLOSED CAP', 'Cap', 289, 5, '8THGRAVITY'),
(201602000000427, 'OVERRUN MENS SHIRT', 'Tee', 300, 6, '8THGRAVITY'),
(201602000000428, 'H&M TEE', 'Tee', 300, 8, '8THGRAVITY'),
(201602000000429, 'H&M SANDO', 'Tee', 250, 4, '8THGRAVITY'),
(201602000000430, 'SPAGETTI TANK TOP', 'Blouse', 149, 5, '8THGRAVITY'),
(201602000000431, 'SOFT DENIM DRESS', 'Dress', 300, 3, '8THGRAVITY'),
(201602000000432, 'SEQUENCE DRESS', 'Dress', 450, 5, '8THGRAVITY'),
(201602000000433, 'TERANOVA FLORAL SHORTS', 'Shorts', 399, 3, '8THGRAVITY'),
(201602000000434, 'LONG DRESS', 'Dress', 1, 1, '8THGRAVITY'),
(201602000000435, 'WAIST COAT', 'Jacket', 249, 1, '8THGRAVITY'),
(201602000000436, 'DENIM RUMPER', 'Jumper', 450, 0, '8THGRAVITY'),
(201602000000437, 'PULL AND BEAR TEE', 'Tee', 249, 1, '8THGRAVITY'),
(201602000000438, 'PEAPLUM TOP', 'Blouse', 179, 1, '8THGRAVITY'),
(201602000000439, 'TURTLE NECK RIB DRESS', 'Dress', 249, 1, '8THGRAVITY'),
(201602000000440, 'KNIT VEST', 'Blouse', 179, 0, '8THGRAVITY'),
(201602000000441, 'DENIM BERSKA DRESS', 'Dress', 450, 2, '8THGRAVITY'),
(201602000000442, 'H&M INSPIRED SHORTS', 'Shorts', 200, 0, '8THGRAVITY'),
(201602000000443, 'BANDAGE SKIRT', 'Skirt', 30, 30, '8THGRAVITY'),
(201602000000444, 'LONG CARDIGAN', 'Blouse', 250, 1, '8THGRAVITY'),
(201602000000445, 'GIRBAUD WALLET', 'Wallet', 200, 3, '8THGRAVITY'),
(201602000000446, 'LEATHER BELT', 'Belt', 249, 27, '8THGRAVITY'),
(201602000000447, 'METAL BUCKLE BELT', 'Belt', 120, 9, '8THGRAVITY'),
(201602000000448, 'LADIES BELT', 'Belt', 220, 25, '8THGRAVITY'),
(201602000000449, 'SHANA PANTY SET', 'Others', 250, 3, '8THGRAVITY'),
(201602000000450, 'TERANOVA FLORAL SHORT', 'Shorts', 399, 0, '8THGRAVITY'),
(201602000000451, 'LONG DRESS', 'Dress', 199, 1, '8THGRAVITY'),
(201602000000452, 'BANDAGE SKIRT', 'Skirt', 300, 29, '8THGRAVITY'),
(201602000000453, 'POLO SHIRT FED PERRY PENGUIN HILFIGER PLAY', 'Polo Shirt', 349, 10, '8THGRAVITY'),
(201602000000454, 'BERKSHA DENIM SLEEVELESS TOP', 'Blouse', 299, 0, '8THGRAVITY'),
(201602000000455, 'RINGER TEE', 'Tee', 165, -6, '8THGRAVITY'),
(201602000000456, 'BACK TO BACK SHIRT', 'Tee', 165, -4, '8THGRAVITY'),
(201602000000457, 'PATCHES SHIRT', 'Tee', 185, -14, '8THGRAVITY'),
(201602000000458, 'ZIP BACK BLOUSE', 'Blouse', 250, -4, '8THGRAVITY'),
(201602000000459, 'RINGER INCH', 'Blouse', 170, -2, '8THGRAVITY'),
(201602000000460, 'LACE JUMP SHORT', 'Jumper', 300, -6, '8THGRAVITY'),
(201602000000461, 'LONG SWEATER', 'Jacket', 300, -2, '8THGRAVITY'),
(201602000000462, 'TIE KNOT HANGING BLOUSE', 'Blouse', 170, -4, '8THGRAVITY'),
(201602000000463, 'ZARA RIB DRESS INSPIRED', 'Dress', 270, -15, '8THGRAVITY'),
(201602000000464, 'OFF SHOULDER RIB', 'Blouse', 170, -8, '8THGRAVITY'),
(201602000000465, 'ZIPPER MENS SHIRT', 'Tee', 230, 6, '8THGRAVITY'),
(201602000000466, 'MEN"S HOODY SHIRT', 'Tee', 250, 1, '8THGRAVITY'),
(201602000000467, 'DENIM SHORTS', 'Shorts', 200, 7, '8THGRAVITY'),
(201602000000468, 'OFF SHOULDER DRESS W/ RIBBON', 'Dress', 290, 1, '8THGRAVITY'),
(201602000000469, 'CINDY DENIM DRESS', 'Dress', 300, 0, '8THGRAVITY'),
(201602000000470, 'AIRA CHIFFON DRESS', 'Dress', 300, 1, '8THGRAVITY'),
(201602000000471, 'ADIDAS JACKET', 'Jacket', 350, 0, '8THGRAVITY'),
(201602000000472, 'CHIFFON SPAGHETTI BOUSE', 'Blouse', 200, 1, '8THGRAVITY'),
(201602000000483, 'BANDAGE SKIRT', 'Skirt', 180, 0, '8THGRAVITY'),
(201602000000484, 'BANDAGE SKIRT', 'Skirt', 180, -17, '8THGRAVITY'),
(201602000000485, 'LONG DRESS', 'Dress', 349, -1, '8THGRAVITY'),
(201602000000486, 'DR-071', 'Dress', 299, 1, 'STYLECREW'),
(201602000000487, 'DR-021', 'Dress', 250, 0, 'STYLECREW'),
(201602000000488, 'OS-001', 'Blouse', 199, 0, 'STYLECREW'),
(201602000000489, 'BD-09', 'Blouse', 199, 1, 'STYLECREW'),
(201602000000490, 'CARDI-001', 'Cardigan', 240, 2, 'STYLECREW'),
(201602000000491, 'CROP3-4', 'Crop Top', 150, 0, 'STYLECREW'),
(201602000000492, 'CROP-57', 'Crop Top', 199, 0, 'STYLECREW'),
(201602000000493, 'SH-08', 'Shorts', 150, -3, 'STYLECREW'),
(201602000000494, 'TN-07', 'Crop Top', 150, 0, 'STYLECREW'),
(201602000000495, 'TNSL-06', 'Crop Top', 150, 1, 'STYLECREW'),
(201602000000496, 'ZIA-59', 'Crop Top', 199, 0, 'STYLECREW'),
(201602000000497, 'ZARA-08', 'Crop Top', 180, 0, 'STYLECREW'),
(201602000000498, 'RAYTOP-08', 'Blouse', 199, 1, 'STYLECREW'),
(201602000000499, 'ZIADR-041', 'Dress', 250, 0, 'STYLECREW'),
(201602000000500, 'ZB-59', 'Blouse', 199, -4, 'STYLECREW'),
(201602000000501, 'PO-57', 'Pullover', 199, 1, 'STYLECREW'),
(201602000000502, 'ZBDR-051', 'Dress', 280, -3, 'STYLECREW'),
(201602000000503, 'DR-501', 'Dress', 250, 1, 'STYLECREW'),
(201602000000504, 'SLTIE-57', 'Crop Top', 180, 1, 'STYLECREW'),
(201602000000505, 'COS-09', 'Blouse', 240, 1, 'STYLECREW'),
(201602000000506, 'FS-031', 'Blouse', 250, 3, 'STYLECREW'),
(201602000000507, 'Shiny blouse', 'Blouse', 300, 2, 'ZERO2TEN'),
(201602000000508, 'floral off-shoulder', 'Blouse', 300, 1, 'ZERO2TEN'),
(201602000000509, 'lace long sleeves', 'Blouse', 320, 3, 'ZERO2TEN'),
(201602000000510, 'stripes 3/4 blouse', 'Blouse', 320, 3, 'ZERO2TEN'),
(201602000000511, 'x-back sleeveless', 'Blouse', 300, 5, 'ZERO2TEN'),
(201602000000512, 'maong dress', 'Blouse', 320, 1, 'ZERO2TEN'),
(201602000000513, 'maong romper', 'Dress', 650, 0, 'ZERO2TEN'),
(201602000000514, 'white dress', 'Dress', 480, 2, 'ZERO2TEN'),
(201602000000515, 'stripes long back', 'Blouse', 320, 0, 'ZERO2TEN'),
(201602000000516, 'printed blouse and shorts', 'Dress', 300, 1, 'ZERO2TEN'),
(201602000000517, 'kneeted sleeveless', 'Blouse', 300, 5, 'ZERO2TEN'),
(201602000000518, 'mens round neck t-shirt', 'Tee', 200, 5, 'ZERO2TEN'),
(201602000000519, 'jeans pants', 'Jeans', 450, 12, 'ZERO2TEN'),
(201602000000520, 'ADIDAS NMD', 'Blouse', 2300, 0, 'ZERO2TEN'),
(201602000000521, 'ADIDAS NMD', 'Shoes', 2300, 8, 'ZERO2TEN'),
(201602000000522, 'SC-BAGS', 'Bag', 599, 13, 'STYLECREW'),
(201602000000523, 'STAINLESS GOLD & SILVER NECKLACES & BRACELETS', 'Necklace', 300, 14, 'UCOMPLETEME'),
(201602000000524, 'Stainless Gold and Silver Necklace with earrings PAIR', 'Necklace', 350, 5, 'UCOMPLETEME'),
(201602000000525, 'Zara denim shortsleeves polo', 'Blouse', 350, 1, 'PURPLEROW'),
(201602000000526, 'Vneck halter cami', 'Blouse', 299, 0, 'PURPLEROW'),
(201602000000527, 'Slip dress', 'Dress', 399, 1, 'PURPLEROW'),
(201602000000528, 'Bandage skirt Midi', 'Skirt', 299, 1, 'PURPLEROW'),
(201602000000529, 'BKK stripe oversized polo', 'Blouse', 399, 1, 'PURPLEROW'),
(201602000000530, 'BKK linen off shoulder', 'Blouse', 399, 0, 'PURPLEROW'),
(201602000000531, 'Bershka denim black crop top', 'Blouse', 299, 1, 'PURPLEROW'),
(201602000000532, 'black cotton blouse', 'Blouse', 220, 2, 'ZERO2TEN'),
(201602000000533, 'H&M long sleeves', 'Blouse', 220, 3, 'ZERO2TEN'),
(201602000000534, 'bershka shorts', 'Blouse', 300, 8, 'ZERO2TEN'),
(201602000000535, 'new look cropped blouse', 'Blouse', 150, 3, 'ZERO2TEN'),
(201602000000536, 'assorted shirt', 'Blouse', 120, 10, 'ZERO2TEN'),
(201602000000537, 'terranova shirts', 'Blouse', 250, 18, 'ZERO2TEN'),
(201602000000538, 'cotton on shirt', 'Tee', 220, 1, 'ZERO2TEN'),
(201602000000539, 'terranova long-sleeves', 'Blouse', 220, 2, 'ZERO2TEN'),
(201602000000540, 'H&M shirt', 'Tee', 220, 0, 'ZERO2TEN'),
(201602000000541, 'mango jumper', 'Dress', 450, 0, 'ZERO2TEN'),
(201602000000542, 'terranova floral shirt', 'Blouse', 250, 5, 'ZERO2TEN'),
(201602000000543, 'bershka dress', 'Dress', 500, 6, 'ZERO2TEN'),
(201602000000544, 'lei jumper', 'Blouse', 450, 4, 'ZERO2TEN'),
(201602000000545, 'maong romper', 'Dress', 650, 3, 'ZERO2TEN'),
(201602000000546, 'logg stripe dress', 'Blouse', 500, 0, 'ZERO2TEN'),
(201602000000547, 'bershka denim pants', 'Jeans', 400, 2, 'ZERO2TEN'),
(201602000000548, 'zara pants', 'Jeans', 450, 1, 'ZERO2TEN'),
(201602000000549, 'DBM brown pants', 'Blouse', 350, 2, 'ZERO2TEN'),
(201602000000550, 'adidas jacket', 'Jacket', 400, 4, 'ZERO2TEN'),
(201602000000551, 'DENIM JACKET', 'Jacket', 850, 0, '8THGRAVITY'),
(201602000000552, 'SC-OSL-021', 'Others', 250, -6, 'STYLECREW'),
(201602000000553, 'SC-OSS-001', 'Tee', 199, -4, 'STYLECREW'),
(201602000000554, 'NEW ERA IMPORTED CAPS', 'Cap', 1399, 10, '8THGRAVITY'),
(201602000000555, 'H&M SHORTS SMALL', 'Shorts', 200, 0, '8THGRAVITY'),
(201602000000556, 'H&M SHORTS LARGE', 'Shorts', 250, 6, '8THGRAVITY'),
(201602000000557, 'KIMONO KNITTED', 'Jacket', 198, 7, '8THGRAVITY'),
(201602000000558, 'ADIDAS TEE', 'Tee', 175, 5, '8THGRAVITY'),
(201602000000559, 'CARDIGAN', 'Cardigan', 250, 2, '8THGRAVITY'),
(201602000000560, 'OFF SHOULDER TALI', 'Blouse', 149, 19, '8THGRAVITY'),
(201602000000561, 'OVERSIZE BLOUSE', 'Blouse', 150, 8, '8THGRAVITY'),
(201602000000562, 'GREY SHIRT TOKYO NY', 'Tee', 250, -3, '8THGRAVITY'),
(201602000000563, 'FRONT SLIT BLOUSE', 'Blouse', 250, -7, '8THGRAVITY'),
(201602000000564, 'TURTLE NECK OFF SHOULDER 3/4', 'Dress', 260, -3, '8THGRAVITY'),
(201602000000565, 'CROP TOP KNITTED LONG SLEEVE', 'Blouse', 199, -10, '8THGRAVITY'),
(201602000000566, 'STRIPE OFF SHOULDER LONG SLEEVE', 'Blouse', 230, -5, '8THGRAVITY'),
(201602000000567, 'PAULA OFF SHOLDER SEP SLEEVE', 'Blouse', 199, -12, '8THGRAVITY'),
(201602000000568, 'ZIP BACK LILY', 'Blouse', 245, -9, '8THGRAVITY'),
(201602000000569, 'KATHRYN BLOUSE LILY', 'Blouse', 185, -6, '8THGRAVITY'),
(201602000000570, 'LONG SLEEVE STRIP CROP', 'Blouse', 185, -3, '8THGRAVITY'),
(201602000000571, 'ZIP BACK PATERN', 'Blouse', 245, -3, '8THGRAVITY'),
(201602000000572, 'H&M MED AND LARGE', 'Shorts', 250, -6, '8THGRAVITY'),
(201602000000573, 'FOREVER 21 BOHO SET', 'Blouse', 285, -1, '8THGRAVITY'),
(201602000000574, 'GUZZI TIE WRAP BLOUSE', 'Blouse', 175, 0, '8THGRAVITY'),
(201602000000575, 'GUZZI CHOKER DRESS', 'Dress', 240, -1, '8THGRAVITY'),
(201602000000576, 'LA CORAZON LACED BELOW', 'Blouse', 210, -1, '8THGRAVITY'),
(201602000000577, 'HIGH WAIST DENIM SHORTS', 'Shorts', 220, -3, '8THGRAVITY'),
(201602000000578, 'JUMPER PANTS', 'Jumper', 485, 2, '8THGRAVITY'),
(201602000000579, 'STRIPE 3/54 ', 'Dress', 300, 0, '8THGRAVITY'),
(201602000000580, 'STRIPE 3/54 ', 'Dress', 300, 0, '8THGRAVITY'),
(201602000000581, 'STRIPE 3/54 ', 'Dress', 300, 8, '8THGRAVITY'),
(201602000000582, 'TF-SH-041', 'Shorts', 250, 4, '27THFASHION'),
(201602000000583, 'TF-POLO-002', 'Polo Shirt', 399, 14, '27THFASHION'),
(201602000000584, 'TF-TOKONG-051', 'Others', 250, 8, '27THFASHION'),
(201602000000585, 'TF-SKIRT-061', 'Skirt', 275, 6, '27THFASHION'),
(201602000000586, 'TF-BL-011', 'Blouse', 220, 10, '27THFASHION'),
(201602000000587, 'TF-PT-063', 'Jeans', 580, 14, '27THFASHION'),
(201602000000588, 'TF-PT-051', 'Jeans', 275, 2, '27THFASHION'),
(201602000000589, 'TF-JG-002', 'Jeans', 350, 8, '27THFASHION'),
(201602000000590, 'TF-PT-022', 'Jeans', 350, 4, '27THFASHION'),
(201602000000591, 'TF-SKIRT-051', 'Skirt', 250, 0, '27THFASHION'),
(201602000000592, 'TF-SH-002', 'Shorts', 350, 4, '27THFASHION'),
(201602000000593, 'TF-DR-053', 'Dress', 550, 10, '27THFASHION'),
(201602000000594, 'TF-TERNO-083', 'Others', 580, 2, '27THFASHION'),
(201602000000595, 'TF-BL-021', 'Blouse', 250, 0, '27THFASHION'),
(201602000000596, 'TF-LG-001', 'Others', 180, 3, '27THFASHION'),
(201602000000597, '12', 'Jumper', 450, 1, '27THFASHION'),
(201602000000598, 'TF-JS-081', 'Jumper', 299, 2, '27THFASHION'),
(201602000000599, 'TF-JUMPER-081', 'Jumper', 299, 2, '27THFASHION'),
(201602000000600, 'TF-SKIRT-061', 'Skirt', 275, 0, '27THFASHION'),
(201602000000601, 'TF-JUMPER-002', 'Jumper', 350, 10, '27THFASHION'),
(201602000000602, 'TF-B-001', 'Blouse', 199, 1, '27THFASHION'),
(201602000000603, 'TF-BRA-001', 'Others', 199, 7, '27THFASHION'),
(201602000000604, 'TF-PANTY-06', 'Others', 120, 3, '27THFASHION'),
(201602000000605, 'TF-PT-032', 'Jeans', 400, 2, '27THFASHION'),
(201602000000606, 'TF-JG-022', 'Jeans', 475, -2, '27THFASHION'),
(201602000000607, 'TF-PO-09', 'Pullover', 230, -1, '27THFASHION'),
(201602000000608, 'TF-DR-031', 'Dress', 250, 0, '27THFASHION'),
(201602000000609, 'TF-DR-051', 'Dress', 250, 0, '27THFASHION'),
(201602000000610, 'TF-ZANA-021', 'Crop Top', 250, 0, '27THFASHION'),
(201602000000611, 'TF-CHOKER-041', 'Crop Top', 275, 0, '27THFASHION'),
(201602000000612, 'TF-ANGEL-041', 'Blouse', 299, -1, '27THFASHION'),
(201602000000613, 'TF-PANTS-051', 'Jeans', 350, 0, '27THFASHION'),
(201602000000614, 'TF-SH-001', 'Shorts', 250, 0, '27THFASHION'),
(201602000000615, 'TF-SH-08', 'Shorts', 160, -1, '27THFASHION'),
(201602000000616, 'TF-DR-082', 'Dress', 449, 0, '27THFASHION'),
(201602000000617, 'TF-SS-041', 'Shorts', 299, 0, '27THFASHION'),
(201602000000618, 'TF-JP-052', 'Jumper', 499, -1, '27THFASHION'),
(201602000000619, 'TF-SLOCK-002', 'Others', 350, 0, '27THFASHION'),
(201602000000620, 'Baelish Dress', 'Dress', 360, 0, 'LIZPICKS'),
(201602000000621, 'PROENZA', 'Dress', 360, 1, 'LIZPICKS'),
(201602000000622, 'Keisha ', 'Dress', 300, 0, 'LIZPICKS'),
(201602000000623, 'Zipback ', 'Dress', 360, 0, 'LIZPICKS'),
(201602000000624, 'Destiny Dress', 'Dress', 380, 0, 'LIZPICKS'),
(201602000000625, 'Essie Escape', 'Dress', 370, 1, 'LIZPICKS'),
(201602000000626, 'Cullotes', 'Shorts', 350, 1, 'LIZPICKS'),
(201602000000627, 'Cone Top', 'Blouse', 250, 2, 'LIZPICKS'),
(201602000000628, 'Sabo Top', 'Blouse', 250, 0, 'LIZPICKS'),
(201602000000629, 'Kygo Skirt', 'Skirt', 340, 0, 'LIZPICKS'),
(201602000000630, 'Criss Cross Top', 'Blouse', 270, 2, 'LIZPICKS'),
(201602000000631, 'Choker 3/4 Sleeves', 'Blouse', 270, 1, 'LIZPICKS'),
(201602000000632, 'Rib Top', 'Blouse', 250, 2, 'LIZPICKS'),
(201602000000633, 'Rib Top', 'Blouse', 250, 0, 'LIZPICKS'),
(201602000000634, 'Choker Top', 'Blouse', 290, 0, 'LIZPICKS'),
(201602000000635, 'Hadid Top', 'Blouse', 270, 1, 'LIZPICKS'),
(201602000000636, 'Champagne Top', 'Blouse', 260, 1, 'LIZPICKS'),
(201602000000637, 'STRIPE BLOUSE', 'Blouse', 189, 5, '8THGRAVITY'),
(201602000000638, 'CROP W/ INNER', 'Romper', 190, 6, '8THGRAVITY'),
(201602000000639, 'JOGGER S M L', 'Jeans', 220, 1, '8THGRAVITY'),
(201602000000640, 'JOGGER XL', 'Jeans', 250, 3, '8THGRAVITY'),
(201602000000641, 'BLOUSE WITH SLIT', 'Blouse', 170, 9, '8THGRAVITY'),
(201602000000642, 'BLOUSE W/ SHORTS', 'Romper', 185, 2, '8THGRAVITY'),
(201602000000643, 'SLEEVELESS LONG DRESS', 'Dress', 199, 2, '8THGRAVITY'),
(201602000000644, 'POLO SHIRTS ', 'Polo Shirt', 380, 6, '8THGRAVITY'),
(201602000000645, 'ZARA MEN''S SHORT', 'Shorts', 375, 2, '8THGRAVITY'),
(201602000000646, 'ZARA RIPPED JEANS', 'Jeans', 499, 1, '8THGRAVITY'),
(201602000000647, 'KNITTED TOP', 'Blouse', 249, 2, '8THGRAVITY'),
(201602000000648, 'LONG TEE', 'Tee', 249, 2, '8THGRAVITY'),
(201602000000649, 'KNIT DRESS', 'Blouse', 349, 0, '8THGRAVITY'),
(201602000000650, 'H&M WOMENS SLEEVELESS POLO', 'Polo Shirt', 250, 1, '8THGRAVITY'),
(201602000000651, 'KNIT DRESS', 'Dress', 349, 1, '8THGRAVITY'),
(201602000000652, 'BANGKOK SKIRT', 'Skirt', 250, 2, '8THGRAVITY'),
(201602000000653, 'FOREVER NEW TOP', 'Blouse', 200, 1, '8THGRAVITY'),
(201602000000654, 'KNITTED SKIRT', 'Skirt', 249, 0, '8THGRAVITY'),
(201602000000655, 'SEQUENCE DRESS', 'Dress', 499, 1, '8THGRAVITY'),
(201602000000656, 'DENIM PANTS', 'Jeans', 550, 1, '8THGRAVITY'),
(201602000000657, 'DENIM CULOTTES', 'Shorts', 400, 1, '8THGRAVITY'),
(201602000000658, 'CROP TOP', 'Blouse', 150, 0, '8THGRAVITY'),
(201602000000659, 'JAMPER', 'Jumper', 380, 1, '8THGRAVITY'),
(201602000000660, 'OFF SHOULDER TOP', 'Blouse', 150, 0, '8THGRAVITY'),
(201602000000661, 'STRIPES BLOUSE', 'Blouse', 180, 1, '8THGRAVITY'),
(201602000000662, 'Scoopback (EHK)', 'Blouse', 150, -2, 'TWELFTHDISTRICT'),
(201602000000663, 'Blouse Plus Size (ERE)', 'Blouse', 180, -1, 'TWELFTHDISTRICT'),
(201602000000664, 'Knitted Top Sleeveless (BHE)', 'Blouse', 280, -4, 'TWELFTHDISTRICT'),
(201602000000665, 'Garter Sleeveless Top (EHK)', 'Blouse', 199, 0, 'TWELFTHDISTRICT'),
(201602000000666, 'Haltered Top (EOK)', 'Blouse', 160, -1, 'TWELFTHDISTRICT'),
(201602000000667, 'Long Back (EOK)', 'Blouse', 168, -1, 'TWELFTHDISTRICT'),
(201602000000668, 'Crop Top (ESE)', 'Blouse', 199, -2, 'TWELFTHDISTRICT'),
(201602000000669, 'Blouse Polo (ERE)', 'Blouse', 180, -2, 'TWELFTHDISTRICT'),
(201602000000670, 'VR Box (LAE)', 'Others', 530, 0, 'TWELFTHDISTRICT'),
(201602000000671, 'SPADRILLE', 'Shoes', 490, -2, 'ZERO2TEN'),
(201602000000672, 'FROG SHOES', 'Shoes', 650, 0, 'ZERO2TEN'),
(201602000000673, 'LOFERS WOMEN SHOES', 'Shoes', 650, 0, 'ZERO2TEN'),
(201602000000674, 'DOLL SHOES', 'Shoes', 630, 0, 'ZERO2TEN'),
(201602000000675, 'WOMEN SNEAKERS', 'Shoes', 700, 0, 'ZERO2TEN'),
(201602000000676, 'PROENZA', 'Dress', 360, 0, 'LIZPICKS'),
(201602000000677, 'SABO TOP', 'Blouse', 250, 1, 'LIZPICKS'),
(201602000000678, 'Blush Top', 'Blouse', 250, 0, 'LIZPICKS'),
(201602000000679, 'Cut Sleeve', 'Blouse', 240, 0, 'LIZPICKS'),
(201602000000680, 'Kim Chui Top', 'Blouse', 240, 0, 'LIZPICKS'),
(201602000000681, 'Sonia Top', 'Blouse', 250, 0, 'LIZPICKS'),
(201602000000682, 'Julia Dress', 'Dress', 380, 0, 'LIZPICKS'),
(201602000000683, 'Razor Ramper ', 'Others', 370, 0, 'LIZPICKS'),
(201602000000684, 'Bryelle', 'Dress', 380, 1, 'LIZPICKS'),
(201602000000685, 'Elise', 'Dress', 380, 0, 'LIZPICKS'),
(201602000000686, 'KLOSS Top', 'Blouse', 200, 1, 'LIZPICKS'),
(201602000000687, 'SC-ZB-09', 'Blouse', 199, -4, 'STYLECREW'),
(201602000000688, 'SC-PO-031', 'Pullover', 250, -2, 'STYLECREW'),
(201602000000689, 'SC-SZ-031', 'Blouse', 250, -3, 'STYLECREW'),
(201602000000690, 'SC-SZ-041', 'Blouse', 250, -3, 'STYLECREW'),
(201602000000691, 'SC-DR-051', 'Dress', 250, 0, 'STYLECREW'),
(201602000000692, 'SC-TNSL-06', 'Crop Top', 150, -3, 'STYLECREW'),
(201602000000693, 'SC-MC-56', 'Crop Top', 150, -1, 'STYLECREW'),
(201602000000694, 'SC-TN-07', 'Crop Top', 160, -3, 'STYLECREW'),
(201602000000695, 'SC-ZB-L-011', 'Blouse', 250, -2, 'STYLECREW'),
(201602000000696, 'SC-CULLOTES-031', 'Shorts', 250, 0, 'STYLECREW'),
(201602000000697, 'SC-SL-58', 'Blouse', 199, -2, 'STYLECREW'),
(201602000000698, 'SC-ZBDR-041', 'Dress', 280, -3, 'STYLECREW'),
(201602000000699, 'SC-CROP-OS-57', 'Crop Top', 150, -10, 'STYLECREW'),
(201602000000700, 'TF-SKIRT-071', 'Skirt', 299, -1, '27THFASHION'),
(201602000000701, 'TF-OS-L-051', 'Crop Top', 299, 0, '27THFASHION'),
(201602000000702, 'TF-BB-012', 'Blouse', 349, 0, '27THFASHION'),
(201602000000703, 'TF-SH-581', 'Skirt', 299, 0, '27THFASHION'),
(201602000000704, 'TF-PT-091', 'Jeans', 450, 0, '27THFASHION'),
(201602000000705, 'TF-KPT-081', 'Skirt', 299, -2, '27THFASHION'),
(201602000000706, 'TF-PORTABLELIGHT', 'Others', 250, 0, '27THFASHION'),
(201602000000707, 'TF-POLO-051', 'Polo Shirt', 250, -1, '27THFASHION'),
(201602000000708, 'TF-TESY-OS-051', 'Others', 250, 0, '27THFASHION'),
(201602000000709, 'TF-TESY-DR-051', 'Dress', 250, -2, '27THFASHION'),
(201602000000710, 'ADIDAS JACKET', 'Jacket', 380, 3, '8THGRAVITY'),
(201602000000711, 'JUMPSKIRT', 'Jumper', 320, 0, '8THGRAVITY'),
(201602000000712, 'LONG BACK BLOUSE', 'Blouse', 190, 1, '8THGRAVITY'),
(201602000000713, 'JAMES LONG TEE', 'Tee', 330, 2, '8THGRAVITY'),
(201602000000714, 'LEGGINS', 'Jeans', 215, 8, '8THGRAVITY'),
(201602000000715, 'TURTLE NECK BLOUSE', 'Blouse', 190, 8, '8THGRAVITY'),
(201602000000716, 'SLEEVELESS DRESS', 'Dress', 295, 3, '8THGRAVITY'),
(201602000000717, 'LONG TEE NEW', 'Tee', 299, 1, '8THGRAVITY'),
(201602000000718, 'TOPSHOP GARTER SHORTS', 'Shorts', 265, 3, '8THGRAVITY'),
(201602000000719, 'VNECK KNOT', 'Blouse', 195, 0, '8THGRAVITY'),
(201602000000720, 'RIBBED DRESS', 'Dress', 260, 0, '8THGRAVITY'),
(201602000000721, 'LACED SHORTS', 'Shorts', 99, 6, '8THGRAVITY'),
(201602000000722, 'HIGH WAIST DENIM SHORTS', 'Shorts', 220, 0, '8THGRAVITY'),
(201602000000723, 'H&M INSPIRED SHORTS', 'Shorts', 250, 4, '8THGRAVITY'),
(201602000000724, 'RIBBED CROP TOP', 'Blouse', 185, 13, '8THGRAVITY'),
(201602000000725, 'OFFSHOULDER CROP', 'Blouse', 185, 9, '8THGRAVITY'),
(201602000000726, 'CHOCKER WITH SLIDE SLIT', 'Blouse', 265, 11, '8THGRAVITY'),
(201602000000727, 'LONG BACK SLEEVELESS', 'Blouse', 270, 6, '8THGRAVITY'),
(201602000000728, 'LONG SLEEVE CROP TOP', 'Blouse', 265, 8, '8THGRAVITY');
INSERT INTO `pos_item` (`item_id`, `item_name`, `item_category`, `item_price`, `item_stock`, `item_supplier`) VALUES
(201602000000729, 'OFF SHOULDER FERN', 'Blouse', 195, 4, '8THGRAVITY'),
(201602000000730, 'LILY''S NEW ZIPBACK', 'Blouse', 285, 8, '8THGRAVITY'),
(201602000000731, 'PULLOVER LONG CROP', 'Blouse', 235, 11, '8THGRAVITY'),
(201602000000732, 'LACED UP PULLYS LONG KNOT', 'Blouse', 195, 10, '8THGRAVITY'),
(201602000000733, 'CARDIGAN', 'Jacket', 249, 8, '8THGRAVITY'),
(201602000000734, 'NEW ERA CAP DELIVERY 2', 'Blouse', 0, 0, '8THGRAVITY'),
(201602000000735, 'Razor Ramper', 'Others', 370, 0, 'LIZPICKS'),
(201602000000736, 'Razor Ramper', 'Others', 370, 0, 'LIZPICKS'),
(201602000000737, 'Razor Ramper', 'Others', 370, 0, 'LIZPICKS'),
(201602000000738, 'Razor Ramper', 'Others', 370, -2, 'LIZPICKS'),
(201602000000739, 'Cone Top', 'Blouse', 250, -1, 'LIZPICKS'),
(201602000000740, 'Kyla Top', 'Blouse', 260, -1, 'LIZPICKS'),
(201602000000741, 'Blush Top', 'Blouse', 250, 0, 'LIZPICKS'),
(201602000000742, 'Keisha', 'Dress', 300, -2, 'LIZPICKS'),
(201602000000743, 'Kris Denim', 'Dress', 360, -2, 'LIZPICKS'),
(201602000000744, 'Tally Dress', 'Dress', 360, -1, 'LIZPICKS'),
(201602000000745, 'Cardi Rib', 'Blouse', 180, -1, 'LIZPICKS'),
(201602000000746, 'Ellie Mustard', 'Blouse', 210, 0, 'LIZPICKS'),
(201602000000747, 'Eye Adhesive', 'Makeup', 65, -2, 'GETGLAM'),
(201602000000748, 'KJM Liptint', 'Makeup', 160, -22, 'GETGLAM'),
(201602000000749, 'Pro Conceal', 'Makeup', 180, -5, 'GETGLAM'),
(201602000000750, 'Eyebrow Template', 'Makeup', 79, 0, 'GETGLAM'),
(201602000000751, 'Cherry White', 'Makeup', 80, -3, 'GETGLAM'),
(201602000000752, 'Vaseline', 'Makeup', 90, -2, 'GETGLAM'),
(201602000000753, 'Maybeline BB Silk', 'Makeup', 160, 0, 'GETGLAM'),
(201602000000754, 'Etude Pressed Powder', 'Makeup', 160, 0, 'GETGLAM'),
(201602000000755, 'Maybeline Clear Smooth', 'Makeup', 160, 0, 'GETGLAM'),
(201602000000756, 'Menow Eybrow Cake', 'Makeup', 160, 0, 'GETGLAM'),
(201602000000757, 'Menow Eybrow Cake', 'Makeup', 160, 0, 'GETGLAM'),
(201602000000758, 'Menow Eybrow Cake', 'Makeup', 160, 0, 'GETGLAM'),
(201602000000759, 'Menow Eybrow Cake', 'Makeup', 160, -2, 'GETGLAM'),
(201602000000760, 'Brow Class', 'Makeup', 50, -2, 'GETGLAM'),
(201602000000761, 'Matte Me Lip Cream', 'Makeup', 160, -4, 'GETGLAM'),
(201602000000762, 'Neoprene dress with back zipper', 'Dress', 399, 0, 'PURPLEROW'),
(201602000000763, 'Denim jumpshorts', 'Jumper', 580, 0, 'PURPLEROW'),
(201602000000764, 'Supa fresh shirt', 'Blouse', 250, 0, 'PURPLEROW'),
(201602000000765, 'Forever 21 stripes blouse w/ zipper', 'Blouse', 280, -3, 'PURPLEROW'),
(201602000000766, 'Stripe turtleneck long sleeves heartbreaker', 'Blouse', 250, 0, 'PURPLEROW'),
(201602000000767, 'Famous sleeveless top', 'Blouse', 199, 0, 'PURPLEROW'),
(201602000000768, 'Forever 21 ( cali top) ', 'Blouse', 250, 0, 'PURPLEROW'),
(201602000000769, 'F21 crop sleeveless top ( BYE)', 'Blouse', 250, -2, 'PURPLEROW'),
(201602000000770, 'long back shirt', 'Blouse', 250, 0, 'PURPLEROW'),
(201602000000771, 'Forever 21 rock tshirt teddy smith', 'Blouse', 280, 0, 'PURPLEROW'),
(201602000000772, 'bershka off shoulder denim', 'Blouse', 380, -2, 'PURPLEROW'),
(201602000000773, 'Denim Sleeveless', 'Blouse', 280, -1, 'PURPLEROW'),
(201602000000774, 'Jarama white top with denim piping', 'Blouse', 280, -1, 'PURPLEROW'),
(201602000000775, 'turtleneck sleeveless top', 'Blouse', 199, 0, 'PURPLEROW'),
(201602000000776, 'lace cross back cami', 'Blouse', 299, 0, 'PURPLEROW'),
(201602000000777, 'off shoulder chiffon', 'Blouse', 299, 0, 'PURPLEROW'),
(201602000000778, 'NEW ER cap', 'Cap', 1399, 0, '8THGRAVITY'),
(201602000000779, 'STY-T-07', 'Blouse', 199, 0, 'STYLECREW'),
(201602000000780, 'HIGH WAIST DENIM SHORTS', 'Shorts', 250, -2, '8THGRAVITY'),
(201602000000781, 'ID CASE', 'Accessories', 60, -1, '8THGRAVITY'),
(201602000000782, 'SOAP NEW PACKAGING', 'Soap', 160, 0, '8THGRAVITY'),
(201602000000783, 'SOAP NEW PACKAGING', 'Soap', 170, -1, '8THGRAVITY'),
(201602000000784, 'SOAP OLD PACKAGING', 'Soap', 160, 0, '8THGRAVITY'),
(201602000000785, 'PILATEN PORE STIP', 'Makeup', 35, 0, '8THGRAVITY'),
(201602000000786, 'PILATEN PORE STIP', 'Others', 35, -7, 'SKULMATE'),
(201602000000787, 'NOSE SECRET', 'Others', 149, 0, 'SKULMATE'),
(201602000000788, 'NOTEBOOK STARBUCKS', 'School Supplies', 180, 0, 'SKULMATE'),
(201602000000789, 'LAZER BOND', 'Gadget', 200, 0, 'SKULMATE'),
(201602000000790, 'WHITE LIGHT', 'Gadget', 199, -3, 'SKULMATE'),
(201602000000791, 'AIR SOFA', 'Accessories', 600, 0, 'SKULMATE'),
(201602000000792, 'DISPENSER', 'Others', 200, -1, 'SKULMATE'),
(201602000000793, 'JEAN PASCALE TEE', 'Tee', 230, 0, '8THGRAVITY'),
(201602000000794, 'FLORAL OFF SHOULDER', 'Blouse', 170, 0, '8THGRAVITY'),
(201602000000795, 'Striped hanging blouse', 'Blouse', 220, 0, 'ZERO2TEN'),
(201602000000796, 'Mango jumper', 'Dress', 450, -1, 'ZERO2TEN'),
(201602000000797, 'Clockhouse dress', 'Dress', 450, 0, 'ZERO2TEN'),
(201602000000798, 'Checkered dress', 'Dress', 450, -1, 'ZERO2TEN'),
(201602000000799, 'Zara striped dress', 'Dress', 650, 0, 'ZERO2TEN'),
(201602000000800, 'Maong romper', 'Dress', 650, 0, 'ZERO2TEN'),
(201602000000801, 'Maroon striped dress', 'Dress', 450, -2, 'ZERO2TEN'),
(201602000000802, 'Maroon striped dress', 'Dress', 450, 0, 'ZERO2TEN'),
(201602000000803, 'h&m jump short', 'Dress', 300, -2, 'ZERO2TEN'),
(201602000000804, 'Printed cardigans', 'Cardigan', 300, -2, 'ZERO2TEN'),
(201602000000805, 'Plain cardigans', 'Cardigan', 300, 0, 'ZERO2TEN'),
(201602000000806, 'Zara jeans', 'Jeans', 450, -1, 'ZERO2TEN'),
(201602000000807, 'White pants ', 'Jeans', 380, 0, 'ZERO2TEN'),
(201602000000808, 'Ole blue top', 'Blouse', 240, 0, 'ZERO2TEN'),
(201602000000809, 'Cropp sleeveless', 'Blouse', 280, 0, 'ZERO2TEN'),
(201602000000810, 'Denim spaghetti strap', 'Blouse', 300, -1, 'ZERO2TEN'),
(201602000000811, 'H&m longsleeves', 'Blouse', 280, -1, 'ZERO2TEN'),
(201602000000812, 'Ole blue top', 'Blouse', 280, -4, 'ZERO2TEN'),
(201602000000813, 'SAMPLE BLOUSE', 'Blouse', 100, 0, '8THGRAVITY'),
(201602000000814, 'Haltered Top Thess (ESE)', 'Blouse', 199, -3, 'TWELFTHDISTRICT'),
(201602000000815, 'Short Dress Thess (BLE)', 'Dress', 280, -2, 'TWELFTHDISTRICT'),
(201602000000816, 'Polo (BLE)', 'Blouse', 250, 0, 'TWELFTHDISTRICT'),
(201602000000817, 'V CROP TOP (EPK)', 'Crop Top', 160, -3, 'TWELFTHDISTRICT'),
(201602000000818, 'SEE THROUGH SLEEVELES', 'Blouse', 150, -3, '8THGRAVITY'),
(201602000000819, 'ELAINE SHORTS', 'Blouse', 150, -3, '8THGRAVITY'),
(201602000000820, 'PINK SHIRT', 'Blouse', 149, 0, '8THGRAVITY'),
(201602000000821, 'MENS VNECK SMALL', 'Tee', 160, -5, '8THGRAVITY'),
(201602000000822, 'KNITTED SLEEVELESS', 'Blouse', 145, -1, '8THGRAVITY'),
(201602000000823, 'POLO', 'Polo Shirt', 350, 0, '8THGRAVITY'),
(201602000000824, 'STRIPE PATCH DRESS', 'Dress', 280, -2, '8THGRAVITY'),
(201602000000825, 'F21 BOHO SET', 'Blouse', 285, 0, '8THGRAVITY'),
(201602000000826, 'OFF SHOULDER W/ SCARF', 'Blouse', 199, -3, '8THGRAVITY'),
(201602000000827, 'H&M INSPIRED SHORTS', 'Shorts', 250, -4, '8THGRAVITY'),
(201602000000828, 'PATCH SHIRT', 'Blouse', 185, -6, '8THGRAVITY'),
(201602000000829, 'V ZIP DRESS', 'Dress', 280, -1, '8THGRAVITY'),
(201602000000830, 'ZIP TOP', 'Blouse', 195, -1, '8THGRAVITY'),
(201602000000831, 'PULL AND BEAR SHORTS', 'Shorts', 250, -1, '8THGRAVITY'),
(201602000000832, 'SLEEVELESS KNOT', 'Blouse', 175, -3, '8THGRAVITY'),
(201602000000833, 'FOLDED SLEEVES', 'Blouse', 160, -1, '8THGRAVITY'),
(201602000000834, 'LADY BUG DRESS', 'Dress', 190, 0, '8THGRAVITY'),
(201602000000835, 'CARDIGAN', 'Jacket', 245, -2, '8THGRAVITY'),
(201602000000836, 'ZIP BACK BLOUSE', 'Blouse', 285, -2, '8THGRAVITY'),
(201602000000837, '', 'Blouse', 0, 0, 'ZERO2TEN'),
(201602000000838, 'Cristina Top', 'Blouse', 270, 0, 'LIZPICKS'),
(201602000000839, 'Razor Ramper', 'Others', 370, -2, 'LIZPICKS'),
(201602000000840, 'Agot Dress', 'Dress', 370, 0, 'LIZPICKS'),
(201602000000841, 'Proenza', 'Dress', 360, 0, 'LIZPICKS'),
(201602000000842, 'Kris Denim', 'Dress', 360, 0, 'LIZPICKS'),
(201602000000843, 'Baelish', 'Dress', 360, -1, 'LIZPICKS'),
(201602000000844, 'Lady Dress', 'Dress', 380, 0, 'LIZPICKS'),
(201602000000845, 'Cone Top', 'Blouse', 250, -1, 'LIZPICKS'),
(201602000000846, 'Choker Top', 'Blouse', 290, 0, 'LIZPICKS'),
(201602000000847, 'Malibu Top', 'Blouse', 280, -1, 'LIZPICKS'),
(201602000000848, 'Zipline', 'Shorts', 250, 0, 'LIZPICKS'),
(201602000000849, 'Kim Chu Top', 'Blouse', 240, 0, 'LIZPICKS'),
(201602000000850, 'Criss Cross', 'Blouse', 270, 0, 'LIZPICKS'),
(201602000000851, 'Quartz Top', 'Blouse', 250, 0, 'LIZPICKS'),
(201602000000852, 'Kimono', 'Blouse', 250, 0, 'LIZPICKS'),
(201602000000853, 'Candy Pants', 'Jeans', 350, -1, 'LIZPICKS'),
(201602000000854, 'Swimsuits_lizpicks', 'Swimsuit', 650, -1, 'LIZPICKS'),
(201602000000855, 'White Cap', 'Cap', 250, 0, 'LIZPICKS'),
(201602000000856, 'Bodour Skirt', 'Skirt', 300, 0, 'LIZPICKS'),
(201602000000857, 'Mint Pants', 'Jeans', 300, 0, 'LIZPICKS'),
(201602000000858, 'Denim Short', 'Shorts', 430, 0, 'LIZPICKS'),
(201602000000859, 'Razor Ramper', 'Romper', 370, 0, 'LIZPICKS'),
(201602000000860, 'Daze Top', 'Blouse', 260, 0, 'LIZPICKS'),
(201602000000861, 'Kim Chui Top', 'Blouse', 240, 0, 'LIZPICKS'),
(201602000000862, 'BLOUSE WITH ZIPPER BACK (PLAIN)', 'Blouse', 299, 0, 'PURPLEROW'),
(201602000000863, 'LACED SHORTS', 'Shorts', 99, -2, '8THGRAVITY'),
(201602000000864, 'PLUS SIZE BLOUSE', 'Blouse', 180, -1, '8THGRAVITY'),
(201602000000865, 'ELAINE SHORTS', 'Shorts', 160, -6, '8THGRAVITY'),
(201602000000866, 'LEGGINS', 'Jeans', 195, -1, '8THGRAVITY'),
(201602000000867, 'PRINTED CROP', 'Blouse', 160, -3, '8THGRAVITY'),
(201602000000868, 'PRINTED MENS SHIRT', 'Tee', 190, -5, '8THGRAVITY'),
(201602000000869, 'LONG CROP', 'Blouse', 180, -2, '8THGRAVITY'),
(201602000000870, 'PATCHED CROP', 'Blouse', 175, 0, '8THGRAVITY'),
(201602000000871, 'RINGER TEE B/W', 'Tee', 175, -2, '8THGRAVITY'),
(201602000000872, 'SLIT BACK', 'Blouse', 180, -1, '8THGRAVITY'),
(201602000000873, 'CHOCKER TOP', 'Blouse', 180, -2, '8THGRAVITY'),
(201602000000874, 'STRING BAG', 'Bag', 280, 0, '8THGRAVITY'),
(201602000000875, 'STRIPPED BLOUSE', 'Blouse', 165, 0, '8THGRAVITY'),
(201602000000876, 'KNITTED TOP', 'Blouse', 185, -1, '8THGRAVITY'),
(201602000000877, 'OFF SHOULDER ', 'Blouse', 199, 0, '8THGRAVITY'),
(201602000000878, 'LONG TEE', 'Tee', 199, 0, '8THGRAVITY'),
(201602000000879, 'CROP 3/4', 'Blouse', 179, 0, '8THGRAVITY'),
(201602000000880, 'AZTEK DRESS', 'Dress', 199, 0, '8THGRAVITY'),
(201602000000881, 'BROOKLYN LONG TEE', 'Blouse', 199, 0, '8THGRAVITY'),
(201602000000882, 'LEFT ZIP BLOUSE', 'Blouse', 179, 0, '8THGRAVITY'),
(201602000000883, 'LITEA DRESS', 'Dress', 220, 0, '8THGRAVITY'),
(201602000000884, 'THICK BLOUSE', 'Blouse', 99, -1, '8THGRAVITY'),
(201602000000885, 'SLEEVELESS CARDIGAN', 'Blouse', 149, 0, '8THGRAVITY'),
(201602000000886, 'ASSORTED DRESS PULLOUT VILLA', 'Dress', 199, 0, '8THGRAVITY'),
(201602000000887, 'ASSORTED DRESS PULLOUT VILLA', 'Dress', 199, -4, '8THGRAVITY'),
(201602000000888, 'TURTLE NECK LONG SLEEVES', 'Blouse', 150, 0, '8THGRAVITY'),
(201602000000889, 'PULLOUT SHIRTS', 'Tee', 140, 0, '8THGRAVITY'),
(201602000000890, 'THICK TEE PULLOUT', 'Tee', 150, -1, '8THGRAVITY'),
(201602000000891, 'TURTLE NECK RED', 'Blouse', 150, -1, '8THGRAVITY'),
(201602000000892, 'STRING SANDO', 'Blouse', 130, -1, '8THGRAVITY'),
(201602000000893, 'THICK BLOUSE', 'Blouse', 99, 0, '8THGRAVITY'),
(201602000000894, 'POLKA JUMPER', 'Jeans', 199, 0, '8THGRAVITY'),
(201602000000895, 'STRIPE BLACK BLOUSE PO', 'Blouse', 170, 0, '8THGRAVITY'),
(201602000000896, 'BROWN LONG CROP PO', 'Blouse', 165, 0, '8THGRAVITY'),
(201602000000897, 'FLORAL SWEATER PO', 'Jacket', 250, 0, '8THGRAVITY'),
(201602000000898, 'T-SHIRT Beth (BKE)', 'Tee', 270, 0, 'TWELFTHDISTRICT'),
(201602000000899, 'Choker Top (ESE)', 'Blouse', 199, 0, 'TWELFTHDISTRICT'),
(201602000000900, 'Sleeveless Thess (EHK)', 'Blouse', 180, -2, 'TWELFTHDISTRICT'),
(201602000000901, 'Apple Crop Lanz (ERE)', 'Crop Top', 199, -3, 'TWELFTHDISTRICT'),
(201602000000902, 'Off Shoulder Ruffles (BEE)', 'Blouse', 220, -1, 'TWELFTHDISTRICT'),
(201602000000903, 'Button Down Lanz (BBE)', 'Blouse', 250, -1, 'TWELFTHDISTRICT'),
(201602000000904, 'Off Shoulder Bac (ESK)', 'Blouse', 200, 0, 'TWELFTHDISTRICT'),
(201602000000905, 'Baseball Shirt (BAK)', 'Tee', 250, -1, 'TWELFTHDISTRICT'),
(201602000000906, 'Zipback (ESE)', 'Blouse', 199, 0, 'TWELFTHDISTRICT'),
(201602000000907, 'Belish Top', 'Blouse', 280, 0, 'LIZPICKS'),
(201602000000908, 'Kriss Dress', 'Dress', 360, -1, 'LIZPICKS'),
(201602000000909, 'Liz Dress', 'Dress', 370, 0, 'LIZPICKS'),
(201602000000910, 'Sheena Dress', 'Dress', 360, 0, 'LIZPICKS'),
(201602000000911, 'Baelish', 'Dress', 360, 0, 'LIZPICKS'),
(201602000000912, 'Candy Pants', 'Jeans', 350, 0, 'LIZPICKS'),
(201602000000913, 'Summer Lace', 'Blouse', 250, -1, 'LIZPICKS'),
(201602000000914, 'Razor Ramper_CILP', 'Romper', 370, 0, 'LIZPICKS'),
(201602000000915, 'Micah Dress_CILP', 'Dress', 350, -1, 'LIZPICKS'),
(201602000000916, 'Denim Top', 'Blouse', 270, 0, 'LIZPICKS'),
(201602000000917, 'Denim Top_CILP', 'Blouse', 270, 0, 'LIZPICKS'),
(201602000000918, 'Keisha', 'Dress', 300, 0, 'LIZPICKS'),
(201602000000919, 'Keisha_CILP', 'Dress', 300, 0, 'LIZPICKS'),
(201602000000920, 'Belish Top_CILP', 'Blouse', 280, 0, 'LIZPICKS'),
(201602000000921, 'Breton Stripes top', 'Blouse', 280, 0, 'PURPLEROW'),
(201602000000922, 'Linen Blouse with Ribbon front', 'Blouse', 350, 0, 'PURPLEROW'),
(201602000000923, 'Zara soft denim top', 'Blouse', 350, 0, 'PURPLEROW'),
(201602000000924, 'Stripes round neck dress', 'Dress', 350, 0, 'PURPLEROW'),
(201602000000925, 'Stripes Blue with Lace blouse', 'Blouse', 290, 0, 'PURPLEROW'),
(201602000000926, 'Blouse with back zipper', 'Blouse', 299, 0, 'PURPLEROW'),
(201602000000927, 'PATCH N PRINT', 'Blouse', 199, -1, '8THGRAVITY'),
(201602000000928, 'STRING BAG', 'Bag', 275, 0, '8THGRAVITY'),
(201602000000929, 'LADIES BAG', 'Bag', 270, 0, '8THGRAVITY'),
(201602000000930, 'COIN PURSE', 'Blouse', 80, 0, '8THGRAVITY'),
(201602000000931, 'TF-COOLWATER MEN35ML', 'Blouse', 200, 0, '27THFASHION'),
(201602000000932, 'TF-COOLWATERMEN35ML', 'Perfume', 180, 0, '27THFASHION'),
(201602000000933, 'TF-COOLWATERN MEN 30ML', 'Perfume', 180, 0, '27THFASHION'),
(201602000000934, 'TF-COOLWATER MEN25ML', 'Perfume', 160, 0, '27THFASHION'),
(201602000000935, 'TF-INCANTOSHINE 35ML', 'Perfume', 200, 0, '27THFASHION'),
(201602000000936, 'TF-INCANTOSHINE 30ML', 'Perfume', 180, 0, '27THFASHION'),
(201602000000937, 'TF-INCANTOSHINE 30ML', 'Perfume', 180, 0, '27THFASHION'),
(201602000000938, 'TF-INCANTOSHINE 25ML', 'Perfume', 160, 0, '27THFASHION'),
(201602000000939, 'TF-INCANTOSHINE 45ML', 'Perfume', 250, 0, '27THFASHION'),
(201602000000940, 'TF-COOLWATER WOMEN25ML', 'Perfume', 160, 0, '27THFASHION'),
(201602000000941, 'TF-COOLWATER WOMEN30ML', 'Perfume', 180, 0, '27THFASHION'),
(201602000000942, 'TF-COOLWATER WOMEN35ML', 'Perfume', 200, 0, '27THFASHION'),
(201602000000943, 'TF-COOLWATER WOMEN45ML', 'Perfume', 250, 0, '27THFASHION'),
(201602000000944, 'TF-ISSEYMIYAKE MEN25ML', 'Perfume', 160, 0, '27THFASHION'),
(201602000000945, 'TF-ISSEYMIYAKE MEN30ML', 'Perfume', 180, 0, '27THFASHION'),
(201602000000946, 'TF-ISSEYMIYAKE MEN35ML', 'Perfume', 200, 0, '27THFASHION'),
(201602000000947, 'TF-JLOVE 30ML', 'Perfume', 180, 0, '27THFASHION'),
(201602000000948, 'TF-JLOVE 35ML', 'Perfume', 299, 0, '27THFASHION'),
(201602000000949, 'TF-JLOVE 35ML', 'Perfume', 200, 0, '27THFASHION');

-- --------------------------------------------------------

--
-- Table structure for table `pos_pullout`
--

CREATE TABLE IF NOT EXISTS `pos_pullout` (
  `pullout_id` bigint(20) NOT NULL AUTO_INCREMENT,
  `pullout_item` bigint(20) NOT NULL,
  `pullout_quantity` int(11) NOT NULL,
  `pullout_supplier` varchar(30) NOT NULL,
  `pullout_date` datetime NOT NULL,
  `pullout_approved_date` datetime NOT NULL,
  `pullout_status` int(11) NOT NULL,
  PRIMARY KEY (`pullout_id`)
) ENGINE=InnoDB  DEFAULT CHARSET=latin1 AUTO_INCREMENT=201607000000054 ;

--
-- Dumping data for table `pos_pullout`
--

INSERT INTO `pos_pullout` (`pullout_id`, `pullout_item`, `pullout_quantity`, `pullout_supplier`, `pullout_date`, `pullout_approved_date`, `pullout_status`) VALUES
(201607000000001, 201602000000001, 1, '8THGRAVITY', '2016-08-07 11:12:12', '2016-08-07 11:12:51', 1),
(201607000000002, 201602000000004, 1, 'tenant', '2016-08-11 00:31:24', '2016-09-21 19:13:13', 2),
(201607000000003, 201602000000003, 1, 'tenant', '2016-08-12 12:27:51', '2016-09-21 19:12:58', 2),
(201607000000004, 201602000000139, 10, '8THGRAVITY', '2016-08-13 21:55:32', '2016-08-13 21:56:51', 1),
(201607000000005, 201602000000274, 1, 'TWELFTHDISTRICT', '2016-08-14 17:48:21', '2016-08-15 18:09:45', 1),
(201607000000006, 201602000000274, 1, 'TWELFTHDISTRICT', '2016-08-15 16:39:53', '2016-08-15 18:10:24', 2),
(201607000000007, 201602000000190, 1, 'UCOMPLETEME', '2016-08-16 14:04:51', '0000-00-00 00:00:00', 0),
(201607000000008, 0, 2147483647, 'GETGLAM', '2016-08-17 09:20:53', '0000-00-00 00:00:00', 0),
(201607000000009, 201602000000236, 3, 'GETGLAM', '2016-08-17 09:21:31', '0000-00-00 00:00:00', 0),
(201607000000010, 201602000000446, 1, '8THGRAVITY', '2016-08-23 18:55:16', '2016-09-21 19:13:22', 1),
(201607000000011, 201602000000446, 1, '8THGRAVITY', '2016-08-23 18:55:20', '2016-09-07 19:09:52', 1),
(201607000000012, 201602000000520, 0, 'ZERO2TEN', '2016-08-24 21:10:21', '0000-00-00 00:00:00', 0),
(201607000000013, 201602000000188, 1, 'UCOMPLETEME', '2016-08-26 21:29:11', '0000-00-00 00:00:00', 0),
(201607000000014, 20102000000522, 2, 'STYLECREW', '2016-08-27 07:35:52', '0000-00-00 00:00:00', 0),
(201607000000015, 201602000000045, 1, '8THGRAVITY', '2016-09-01 17:50:52', '2016-09-07 19:09:28', 1),
(201607000000016, 201602000000045, 0, '8THGRAVITY', '2016-09-01 17:51:27', '2016-09-21 19:13:29', 2),
(201607000000017, 201602000000045, 0, '8THGRAVITY', '2016-09-01 17:51:37', '2016-09-19 19:38:59', 1),
(201607000000018, 201602000000045, 1, '8THGRAVITY', '2016-09-01 17:51:52', '2016-09-19 16:04:12', 1),
(201607000000019, 201602000000524, 1, 'UCOMPLETEME', '2016-09-01 20:16:30', '0000-00-00 00:00:00', 0),
(201607000000020, 201602000000187, 2, 'UCOMPLETEME', '2016-09-01 20:18:31', '0000-00-00 00:00:00', 0),
(201607000000021, 201602000000523, 3, 'UCOMPLETEME', '2016-09-01 20:19:30', '0000-00-00 00:00:00', 0),
(201607000000022, 201602000000191, 1, 'UCOMPLETEME', '2016-09-01 20:20:34', '0000-00-00 00:00:00', 0),
(201607000000023, 201602000000188, 1, 'UCOMPLETEME', '2016-09-01 20:21:12', '0000-00-00 00:00:00', 0),
(201607000000024, 201602000000675, 3, 'ZERO2TEN', '2016-09-05 11:21:29', '0000-00-00 00:00:00', 0),
(201607000000025, 201602000000382, 15, '8THGRAVITY', '2016-09-07 12:45:57', '2016-09-07 12:46:42', 1),
(201607000000026, 201602000000627, 1, 'LIZPICKS', '2016-09-15 21:57:56', '2016-09-21 17:07:09', 1),
(201607000000027, 201602000000628, 1, 'LIZPICKS', '2016-09-15 21:58:19', '2016-09-21 17:07:36', 1),
(201607000000028, 201602000000679, 1, 'LIZPICKS', '2016-09-15 21:58:44', '2016-09-21 17:06:41', 1),
(201607000000029, 201602000000635, 1, 'LIZPICKS', '2016-09-15 21:59:12', '2016-09-21 17:06:20', 1),
(201607000000030, 201602000000626, 1, 'LIZPICKS', '2016-09-15 21:59:29', '2016-09-21 17:07:57', 1),
(201607000000031, 201602000000621, 1, 'LIZPICKS', '2016-09-15 21:59:53', '2016-09-21 17:07:26', 1),
(201607000000032, 201602000000685, 1, 'LIZPICKS', '2016-09-15 22:00:07', '2016-09-21 17:07:49', 1),
(201607000000033, 201602000000676, 1, 'LIZPICKS', '2016-09-15 22:00:22', '2016-09-21 17:06:51', 1),
(201607000000034, 201602000000681, 1, 'LIZPICKS', '2016-09-15 22:00:47', '2016-09-21 17:06:31', 1),
(201607000000035, 201602000000493, 2, 'STYLECREW', '2016-09-19 15:38:38', '0000-00-00 00:00:00', 0),
(201607000000036, 201602000000722, 0, '8THGRAVITY', '2016-09-19 15:56:11', '2016-09-21 19:13:36', 2),
(201607000000037, 201602000000722, 7, '8THGRAVITY', '2016-09-19 16:02:13', '2016-09-19 19:39:21', 1),
(201607000000038, 201602000000382, 15, '8THGRAVITY', '2016-09-19 19:38:13', '2016-09-19 19:39:10', 1),
(201607000000039, 201602000000369, 11, '8THGRAVITY', '2016-09-21 19:10:17', '2016-09-21 19:12:34', 1),
(201607000000040, 201602000000368, 14, '8THGRAVITY', '2016-09-21 19:10:35', '2016-09-21 19:12:41', 1),
(201607000000041, 201602000000368, 14, '8THGRAVITY', '2016-09-21 19:10:36', '2016-09-21 19:13:44', 2),
(201607000000042, 20160200000808, 0, 'ZERO2TEN', '2016-09-26 17:43:06', '0000-00-00 00:00:00', 0),
(201607000000043, 201602000000677, 1, 'LIZPICKS', '2016-09-30 23:28:31', '0000-00-00 00:00:00', 0),
(201607000000044, 201602000000631, 1, 'LIZPICKS', '2016-09-30 23:29:17', '0000-00-00 00:00:00', 0),
(201607000000045, 201602000000626, 1, 'LIZPICKS', '2016-09-30 23:29:48', '0000-00-00 00:00:00', 0),
(201607000000046, 201602000000630, 1, 'LIZPICKS', '2016-09-30 23:30:09', '0000-00-00 00:00:00', 0),
(201607000000047, 201602000000742, 1, 'LIZPICKS', '2016-09-30 23:30:28', '0000-00-00 00:00:00', 0),
(201607000000048, 201602000000625, 1, 'LIZPICKS', '2016-09-30 23:30:46', '0000-00-00 00:00:00', 0),
(201607000000049, 201602000000841, 1, 'LIZPICKS', '2016-10-04 09:32:59', '0000-00-00 00:00:00', 0),
(201607000000050, 201602000000844, 1, 'LIZPICKS', '2016-10-04 09:33:22', '0000-00-00 00:00:00', 0),
(201607000000051, 201602000000840, 1, 'LIZPICKS', '2016-10-04 09:33:38', '0000-00-00 00:00:00', 0),
(201607000000052, 201602000000842, 1, 'LIZPICKS', '2016-10-04 09:33:53', '0000-00-00 00:00:00', 0),
(201607000000053, 201602000000838, 1, 'LIZPICKS', '2016-10-04 09:34:09', '0000-00-00 00:00:00', 0);

-- --------------------------------------------------------

--
-- Table structure for table `pos_sales`
--

CREATE TABLE IF NOT EXISTS `pos_sales` (
  `sales_id` bigint(20) NOT NULL AUTO_INCREMENT,
  `sales_item` bigint(20) NOT NULL,
  `sales_quantity` int(11) NOT NULL,
  `sales_total` double NOT NULL,
  `sales_discount` double NOT NULL,
  `sales_date` datetime NOT NULL,
  `sales_supplier` varchar(30) NOT NULL,
  `sales_st` bigint(20) NOT NULL,
  `sales_status` int(11) NOT NULL,
  PRIMARY KEY (`sales_id`)
) ENGINE=InnoDB  DEFAULT CHARSET=latin1 AUTO_INCREMENT=201603000002224 ;

--
-- Dumping data for table `pos_sales`
--

INSERT INTO `pos_sales` (`sales_id`, `sales_item`, `sales_quantity`, `sales_total`, `sales_discount`, `sales_date`, `sales_supplier`, `sales_st`, `sales_status`) VALUES
(201603000000001, 1, 1, 250, 0, '2016-08-07 10:26:30', '8THGRAVITY', 0, 0),
(201603000000002, 1, 1, 220, 30, '2016-08-07 19:52:48', '8THGRAVITY', 0, 0),
(201603000000003, 1, 1, 240, 10, '2016-08-07 19:56:59', '8THGRAVITY', 0, 0),
(201603000000004, 1, 1, 250, 100, '2016-08-07 21:27:04', '8THGRAVITY', 0, 0),
(201603000000006, 201602000000229, 1, 120, 0, '2016-08-15 10:51:50', 'GETGLAM', 0, 0),
(201603000000007, 201602000000169, 1, 150, 0, '2016-08-15 11:15:50', 'STYLECREW', 0, 0),
(201603000000008, 201602000000054, 1, 100, 0, '2016-08-15 12:06:57', 'TWELFTHDISTRICT', 0, 0),
(201603000000009, 201602000000092, 1, 380, 0, '2016-08-15 12:06:57', '8THGRAVITY', 0, 0),
(201603000000010, 201602000000103, 1, 300, 0, '2016-08-15 12:06:57', '8THGRAVITY', 0, 0),
(201603000000011, 201602000000030, 1, 165, 0, '2016-08-15 12:06:57', '8THGRAVITY', 0, 0),
(201603000000012, 201602000000043, 1, 200, 0, '2016-08-15 12:06:57', '8THGRAVITY', 0, 0),
(201603000000013, 201602000000016, 1, 200, 0, '2016-08-15 12:06:57', '27THFASHION', 0, 0),
(201603000000014, 201602000000111, 1, 170, 0, '2016-08-15 12:06:57', '8THGRAVITY', 0, 0),
(201603000000015, 201602000000045, 1, 220, 0, '2016-08-15 12:06:57', '8THGRAVITY', 0, 0),
(201603000000016, 201602000000054, 1, 100, 0, '2016-08-15 12:06:57', 'TWELFTHDISTRICT', 0, 0),
(201603000000017, 201602000000023, 1, 170, 0, '2016-08-15 12:06:57', '8THGRAVITY', 0, 0),
(201603000000018, 201602000000023, 1, 170, 0, '2016-08-15 12:06:57', '8THGRAVITY', 0, 0),
(201603000000019, 201602000000038, 1, 150, 0, '2016-08-15 12:06:57', '8THGRAVITY', 0, 0),
(201603000000020, 201602000000023, 1, 170, 0, '2016-08-15 12:06:57', '8THGRAVITY', 0, 0),
(201603000000021, 201602000000044, 1, 200, 0, '2016-08-15 12:06:57', '8THGRAVITY', 0, 0),
(201603000000022, 201602000000044, 1, 200, 0, '2016-08-15 12:06:57', '8THGRAVITY', 0, 0),
(201603000000023, 201602000000100, 1, 200, 0, '2016-08-15 12:06:57', '8THGRAVITY', 0, 0),
(201603000000024, 201602000000101, 1, 230, 0, '2016-08-15 12:06:57', '8THGRAVITY', 0, 0),
(201603000000025, 201602000000039, 1, 150, 0, '2016-08-15 12:06:57', '8THGRAVITY', 0, 0),
(201603000000026, 201602000000146, 1, 199, 0, '2016-08-15 12:06:57', '27THFASHION', 0, 0),
(201603000000027, 201602000000058, 1, 150, 0, '2016-08-15 12:06:57', 'TWELFTHDISTRICT', 0, 0),
(201603000000028, 201602000000038, 1, 150, 0, '2016-08-15 12:06:57', '8THGRAVITY', 0, 0),
(201603000000029, 201602000000005, 1, 275, 0, '2016-08-15 12:06:57', '27THFASHION', 0, 0),
(201603000000030, 201602000000047, 1, 150, 0, '2016-08-15 12:06:57', '8THGRAVITY', 0, 0),
(201603000000031, 201602000000103, 1, 300, 0, '2016-08-15 12:06:57', '8THGRAVITY', 0, 0),
(201603000000032, 201602000000040, 1, 200, 0, '2016-08-15 12:06:57', '8THGRAVITY', 0, 0),
(201603000000033, 201602000000137, 1, 230, 0, '2016-08-15 12:06:57', '8THGRAVITY', 0, 0),
(201603000000034, 201602000000103, 1, 300, 0, '2016-08-15 12:06:57', '8THGRAVITY', 0, 0),
(201603000000035, 201602000000021, 1, 250, 0, '2016-08-15 12:07:23', '27THFASHION', 0, 0),
(201603000000036, 201602000000035, 1, 200, 0, '2016-08-15 14:43:36', '8THGRAVITY', 0, 0),
(201603000000037, 201602000000093, 1, 249, 0, '2016-08-15 14:43:36', '8THGRAVITY', 0, 0),
(201603000000038, 201602000000044, 1, 200, 0, '2016-08-15 15:42:56', '8THGRAVITY', 0, 0),
(201603000000039, 201602000000082, 1, 199, 0, '2016-08-15 16:31:41', '8THGRAVITY', 0, 0),
(201603000000040, 201602000000210, 1, 230, 0, '2016-08-15 16:31:41', 'TWELFTHDISTRICT', 0, 0),
(201603000000041, 201602000000262, 1, 250, 0, '2016-08-15 16:56:05', 'PURPLEROW', 0, 0),
(201603000000042, 201602000000164, 1, 250, 0, '2016-08-15 16:56:05', 'STYLECREW', 0, 0),
(201603000000043, 201602000000045, 1, 220, 0, '2016-08-15 16:56:05', '8THGRAVITY', 0, 0),
(201603000000044, 201602000000030, 1, 165, 0, '2016-08-15 19:05:38', '8THGRAVITY', 0, 0),
(201603000000045, 201602000000005, 1, 275, 0, '2016-08-15 19:05:38', '27THFASHION', 0, 0),
(201603000000046, 201602000000200, 1, 150, 0, '2016-08-15 19:45:38', 'TWELFTHDISTRICT', 0, 0),
(201603000000047, 201602000000211, 1, 99, 0, '2016-08-15 20:10:27', 'GETGLAM', 0, 0),
(201603000000048, 201602000000167, 1, 250, 0, '2016-08-16 13:21:20', 'STYLECREW', 0, 0),
(201603000000049, 201602000000090, 1, 300, 0, '2016-08-16 15:07:06', '8THGRAVITY', 0, 0),
(201603000000050, 201602000000256, 1, 250, 0, '2016-08-16 15:07:06', 'PURPLEROW', 0, 0),
(201603000000051, 201602000000036, 1, 185, 0, '2016-08-16 15:07:06', '8THGRAVITY', 0, 0),
(201603000000052, 201602000000261, 1, 299, 0, '2016-08-16 15:07:06', 'PURPLEROW', 0, 0),
(201603000000053, 201602000000222, 1, 120, 0, '2016-08-16 15:07:06', 'GETGLAM', 0, 0),
(201603000000054, 201602000000023, 1, 170, 0, '2016-08-16 15:11:41', '8THGRAVITY', 0, 0),
(201603000000055, 201602000000026, 1, 200, 0, '2016-08-16 15:11:41', '8THGRAVITY', 0, 0),
(201603000000056, 201602000000208, 1, 200, 0, '2016-08-16 15:11:41', 'TWELFTHDISTRICT', 0, 0),
(201603000000057, 201602000000201, 1, 190, 0, '2016-08-16 15:11:41', 'TWELFTHDISTRICT', 0, 0),
(201603000000058, 201602000000112, 1, 190, 0, '2016-08-16 15:11:41', '8THGRAVITY', 0, 0),
(201603000000059, 201602000000265, 1, 350, 0, '2016-08-16 15:13:44', 'PURPLEROW', 0, 0),
(201603000000060, 201602000000106, 1, 299, 0, '2016-08-16 15:13:44', '8THGRAVITY', 0, 0),
(201603000000061, 201602000000175, 1, 199, 0, '2016-08-16 15:13:44', 'STYLECREW', 0, 0),
(201603000000062, 201602000000005, 1, 275, 0, '2016-08-16 15:16:14', '27THFASHION', 0, 0),
(201603000000063, 201602000000009, 1, 230, 0, '2016-08-16 15:16:14', '27THFASHION', 0, 0),
(201603000000064, 201602000000038, 1, 150, 0, '2016-08-16 15:16:14', '8THGRAVITY', 0, 0),
(201603000000065, 201602000000044, 1, 200, 0, '2016-08-16 17:29:19', '8THGRAVITY', 0, 0),
(201603000000066, 201602000000290, 1, 125, 0, '2016-08-16 17:50:16', '27THFASHION', 0, 0),
(201603000000067, 201602000000217, 1, 150, 0, '2016-08-16 17:55:39', 'GETGLAM', 0, 0),
(201603000000068, 201602000000263, 1, 280, 0, '2016-08-16 17:58:49', 'PURPLEROW', 0, 0),
(201603000000069, 201602000000164, 1, 250, 0, '2016-08-16 17:58:49', 'STYLECREW', 0, 0),
(201603000000070, 201602000000026, 1, 200, 0, '2016-08-16 18:27:29', '8THGRAVITY', 0, 0),
(201603000000071, 201602000000026, 1, 200, 0, '2016-08-16 18:27:29', '8THGRAVITY', 0, 0),
(201603000000072, 201602000000209, 1, 230, 0, '2016-08-16 18:27:29', 'TWELFTHDISTRICT', 0, 0),
(201603000000073, 201602000000258, 1, 250, 0, '2016-08-16 18:40:16', 'PURPLEROW', 0, 0),
(201603000000074, 201602000000230, 1, 160, 0, '2016-08-16 18:40:16', 'GETGLAM', 0, 0),
(201603000000075, 201602000000103, 1, 300, 0, '2016-08-16 19:39:18', '8THGRAVITY', 0, 0),
(201603000000076, 201602000000179, 1, 250, 0, '2016-08-17 11:32:25', 'STYLECREW', 0, 0),
(201603000000077, 201602000000257, 1, 299, 0, '2016-08-17 11:32:25', 'PURPLEROW', 0, 0),
(201603000000078, 201602000000165, 1, 199, 0, '2016-08-17 11:32:25', 'STYLECREW', 0, 0),
(201603000000079, 201602000000028, 1, 200, 0, '2016-08-17 11:39:23', '8THGRAVITY', 0, 0),
(201603000000080, 201602000000057, 1, 75, 0, '2016-08-17 13:20:15', 'TWELFTHDISTRICT', 0, 0),
(201603000000081, 201602000000098, 1, 280, 0, '2016-08-17 13:31:21', '8THGRAVITY', 0, 0),
(201603000000082, 201602000000024, 1, 165, 0, '2016-08-17 13:31:21', '8THGRAVITY', 0, 0),
(201603000000083, 201602000000044, 1, 200, 0, '2016-08-17 13:31:21', '8THGRAVITY', 0, 0),
(201603000000084, 201602000000123, 1, 360, 0, '2016-08-17 14:07:14', '8THGRAVITY', 0, 1),
(201603000000085, 201602000000113, 1, 195, 0, '2016-08-17 16:01:44', '8THGRAVITY', 0, 0),
(201603000000086, 201602000000113, 1, 195, 0, '2016-08-17 16:01:44', '8THGRAVITY', 0, 0),
(201603000000087, 201602000000045, 1, 220, 0, '2016-08-17 16:06:39', '8THGRAVITY', 0, 0),
(201603000000088, 201602000000166, 1, 150, 0, '2016-08-17 16:11:30', 'STYLECREW', 0, 0),
(201603000000089, 201602000000166, 1, 150, 0, '2016-08-17 16:11:30', 'STYLECREW', 0, 0),
(201603000000090, 201602000000164, 1, 250, 0, '2016-08-17 16:11:30', 'STYLECREW', 0, 0),
(201603000000091, 201602000000166, 1, 150, 0, '2016-08-17 16:11:30', 'STYLECREW', 0, 0),
(201603000000092, 201602000000062, 1, 170, 0, '2016-08-17 16:13:45', 'TWELFTHDISTRICT', 0, 0),
(201603000000093, 201602000000252, 1, 250, 0, '2016-08-17 17:30:12', 'GETGLAM', 0, 0),
(201603000000094, 201602000000226, 1, 160, 0, '2016-08-17 17:30:12', 'GETGLAM', 0, 0),
(201603000000095, 201602000000208, 1, 200, 0, '2016-08-17 17:46:24', 'TWELFTHDISTRICT', 0, 0),
(201603000000096, 201602000000028, 1, 200, 0, '2016-08-17 17:46:24', '8THGRAVITY', 0, 0),
(201603000000097, 201602000000037, 1, 170, 0, '2016-08-17 18:19:35', '8THGRAVITY', 0, 0),
(201603000000098, 201602000000173, 1, 150, 0, '2016-08-17 18:19:35', 'STYLECREW', 0, 0),
(201603000000099, 201602000000046, 1, 99, 0, '2016-08-17 18:19:35', '8THGRAVITY', 0, 0),
(201603000000100, 201602000000213, 1, 79, 0, '2016-08-17 18:19:35', 'GETGLAM', 0, 0),
(201603000000101, 201602000000213, 1, 79, 0, '2016-08-17 18:19:35', 'GETGLAM', 0, 0),
(201603000000102, 201602000000213, 1, 79, 0, '2016-08-17 18:19:35', 'GETGLAM', 0, 0),
(201603000000103, 201602000000241, 1, 220, 0, '2016-08-17 18:19:35', 'GETGLAM', 0, 0),
(201603000000104, 201602000000031, 1, 170, 0, '2016-08-17 18:19:35', '8THGRAVITY', 0, 0),
(201603000000105, 201602000000212, 1, 35, 0, '2016-08-17 18:28:48', 'GETGLAM', 0, 0),
(201603000000106, 201602000000112, 1, 190, 0, '2016-08-17 19:10:17', '8THGRAVITY', 0, 0),
(201603000000107, 201602000000166, 1, 150, 0, '2016-08-17 19:17:28', 'STYLECREW', 0, 0),
(201603000000108, 201602000000165, 1, 199, 0, '2016-08-17 19:17:28', 'STYLECREW', 0, 0),
(201603000000109, 201602000000291, 1, 100, 0, '2016-08-17 19:34:59', '27THFASHION', 0, 0),
(201603000000110, 201602000000291, 1, 100, 0, '2016-08-17 19:34:59', '27THFASHION', 0, 0),
(201603000000111, 201602000000135, 1, 230, 0, '2016-08-17 19:38:21', '8THGRAVITY', 0, 0),
(201603000000112, 201602000000132, 1, 250, 0, '2016-08-17 19:39:38', '8THGRAVITY', 0, 0),
(201603000000113, 201602000000048, 1, 125, 0, '2016-08-18 10:23:31', 'TWELFTHDISTRICT', 0, 0),
(201603000000114, 201602000000112, 1, 190, 0, '2016-08-18 10:49:09', '8THGRAVITY', 0, 0),
(201603000000115, 201602000000175, 1, 199, 0, '2016-08-18 12:16:33', 'STYLECREW', 0, 0),
(201603000000116, 201602000000187, 1, 88, 0, '2016-08-18 12:30:47', 'UCOMPLETEME', 0, 0),
(201603000000117, 201602000000040, 1, 200, 0, '2016-08-18 13:14:54', '8THGRAVITY', 0, 0),
(201603000000118, 201602000000261, 1, 299, 0, '2016-08-18 13:14:54', 'PURPLEROW', 0, 0),
(201603000000119, 201602000000093, 1, 249, 0, '2016-08-18 13:44:53', '8THGRAVITY', 0, 0),
(201603000000120, 201602000000045, 1, 220, 0, '2016-08-18 14:34:41', '8THGRAVITY', 0, 0),
(201603000000121, 201602000000026, 1, 200, 0, '2016-08-18 14:38:18', '8THGRAVITY', 0, 0),
(201603000000122, 201602000000295, 1, 50, 0, '2016-08-18 14:38:18', '27THFASHION', 0, 0),
(201603000000123, 201602000000258, 1, 250, 0, '2016-08-18 14:45:24', 'PURPLEROW', 0, 0),
(201603000000124, 201602000000291, 1, 100, 0, '2016-08-18 14:58:28', '27THFASHION', 0, 0),
(201603000000125, 201602000000026, 1, 200, 0, '2016-08-18 15:12:50', '8THGRAVITY', 0, 0),
(201603000000126, 201602000000009, 1, 230, 0, '2016-08-18 15:12:50', '27THFASHION', 0, 0),
(201603000000127, 201602000000046, 1, 99, 0, '2016-08-18 15:18:14', '8THGRAVITY', 0, 0),
(201603000000128, 201602000000037, 1, 170, 0, '2016-08-18 15:29:29', '8THGRAVITY', 0, 0),
(201603000000129, 201602000000174, 1, 150, 0, '2016-08-18 15:44:16', 'STYLECREW', 0, 0),
(201603000000130, 201602000000030, 1, 165, 0, '2016-08-18 15:45:21', '8THGRAVITY', 0, 0),
(201603000000131, 201602000000097, 1, 250, 0, '2016-08-18 15:45:21', '8THGRAVITY', 0, 0),
(201603000000132, 201602000000110, 1, 350, 0, '2016-08-18 16:21:24', '8THGRAVITY', 0, 0),
(201603000000133, 201602000000012, 1, 450, 0, '2016-08-18 16:21:24', '27THFASHION', 0, 0),
(201603000000134, 201602000000230, 1, 160, 0, '2016-08-18 16:40:07', 'GETGLAM', 0, 0),
(201603000000135, 201602000000164, 1, 250, 0, '2016-08-18 17:17:07', 'STYLECREW', 0, 0),
(201603000000136, 201602000000127, 1, 385, 0, '2016-08-18 17:22:14', '8THGRAVITY', 0, 0),
(201603000000137, 201602000000092, 1, 380, 0, '2016-08-18 17:22:14', '8THGRAVITY', 0, 0),
(201603000000138, 201602000000039, 1, 150, 0, '2016-08-18 17:55:22', '8THGRAVITY', 0, 0),
(201603000000139, 201602000000207, 1, 250, 0, '2016-08-18 18:12:32', 'TWELFTHDISTRICT', 0, 0),
(201603000000140, 201602000000207, 1, 250, 0, '2016-08-18 18:12:32', 'TWELFTHDISTRICT', 0, 0),
(201603000000141, 201602000000042, 1, 250, 0, '2016-08-18 18:12:32', '8THGRAVITY', 0, 0),
(201603000000142, 201602000000063, 1, 150, 0, '2016-08-18 18:18:01', 'TWELFTHDISTRICT', 0, 0),
(201603000000143, 201602000000266, 1, 360, 0, '2016-08-18 18:37:13', 'PURPLEROW', 0, 0),
(201603000000144, 201602000000112, 1, 190, 0, '2016-08-18 18:37:13', '8THGRAVITY', 0, 0),
(201603000000145, 201602000000165, 1, 199, 0, '2016-08-18 18:37:13', 'STYLECREW', 0, 0),
(201603000000146, 201602000000131, 1, 199, 0, '2016-08-18 19:26:36', '8THGRAVITY', 0, 0),
(201603000000147, 201602000000186, 1, 125, 0, '2016-08-18 19:32:05', 'UCOMPLETEME', 0, 0),
(201603000000148, 201602000000024, 1, 165, 0, '2016-08-18 19:50:05', '8THGRAVITY', 0, 0),
(201603000000149, 201602000000030, 1, 165, 0, '2016-08-18 19:50:05', '8THGRAVITY', 0, 0),
(201603000000150, 201602000000076, 1, 60, 0, '2016-08-18 19:52:35', 'TWELFTHDISTRICT', 0, 0),
(201603000000151, 201602000000076, 1, 60, 0, '2016-08-18 19:52:35', 'TWELFTHDISTRICT', 0, 0),
(201603000000152, 201602000000092, 1, 380, 0, '2016-08-18 20:06:53', '8THGRAVITY', 0, 0),
(201603000000153, 201602000000208, 1, 200, 0, '2016-08-18 20:13:14', 'TWELFTHDISTRICT', 0, 0),
(201603000000154, 201602000000208, 1, 200, 0, '2016-08-18 20:13:14', 'TWELFTHDISTRICT', 0, 0),
(201603000000155, 201602000000055, 1, 100, 0, '2016-08-18 20:24:38', 'TWELFTHDISTRICT', 0, 0),
(201603000000156, 201602000000044, 1, 200, 0, '2016-08-18 20:28:33', '8THGRAVITY', 0, 0),
(201603000000157, 201602000000270, 1, 150, 0, '2016-08-18 20:30:02', 'TWELFTHDISTRICT', 0, 0),
(201603000000158, 201602000000034, 1, 150, 0, '2016-08-18 20:52:51', '8THGRAVITY', 0, 0),
(201603000000159, 201602000000252, 1, 250, 0, '2016-08-19 12:33:10', 'GETGLAM', 0, 0),
(201603000000160, 201602000000252, 1, 250, 0, '2016-08-19 12:33:10', 'GETGLAM', 0, 0),
(201603000000161, 201602000000229, 1, 120, 0, '2016-08-19 12:37:55', 'GETGLAM', 0, 0),
(201603000000162, 201602000000024, 1, 165, 0, '2016-08-19 12:43:37', '8THGRAVITY', 0, 0),
(201603000000163, 201602000000164, 1, 250, 0, '2016-08-19 12:45:10', 'STYLECREW', 0, 0),
(201603000000164, 201602000000089, 1, 450, 0, '2016-08-19 12:45:10', '8THGRAVITY', 0, 0),
(201603000000165, 201602000000173, 1, 150, 0, '2016-08-19 12:58:32', 'STYLECREW', 0, 0),
(201603000000166, 201602000000031, 1, 170, 0, '2016-08-19 12:58:32', '8THGRAVITY', 0, 0),
(201603000000167, 201602000000164, 1, 250, 0, '2016-08-19 12:59:46', 'STYLECREW', 0, 0),
(201603000000168, 201602000000295, 1, 50, 0, '2016-08-19 13:02:26', '27THFASHION', 0, 0),
(201603000000169, 201602000000045, 1, 220, 0, '2016-08-19 13:05:36', '8THGRAVITY', 0, 0),
(201603000000170, 201602000000266, 1, 360, 0, '2016-08-19 13:06:51', 'PURPLEROW', 0, 0),
(201603000000171, 201602000000174, 1, 150, 0, '2016-08-19 13:13:51', 'STYLECREW', 0, 0),
(201603000000172, 201602000000031, 1, 170, 0, '2016-08-19 13:13:51', '8THGRAVITY', 0, 0),
(201603000000173, 201602000000104, 1, 300, 0, '2016-08-19 13:15:41', '8THGRAVITY', 0, 0),
(201603000000174, 201602000000045, 1, 220, 0, '2016-08-19 13:15:41', '8THGRAVITY', 0, 0),
(201603000000175, 201602000000046, 1, 99, 0, '2016-08-19 14:19:57', '8THGRAVITY', 0, 0),
(201603000000176, 201602000000046, 1, 99, 0, '2016-08-19 14:19:57', '8THGRAVITY', 0, 0),
(201603000000177, 201602000000253, 1, 200, 0, '2016-08-19 15:49:39', 'GETGLAM', 0, 0),
(201603000000178, 201602000000241, 1, 220, 0, '2016-08-19 15:49:39', 'GETGLAM', 0, 0),
(201603000000179, 201602000000236, 1, 199, 0, '2016-08-19 15:49:39', 'GETGLAM', 0, 0),
(201603000000180, 201602000000150, 1, 199, 0, '2016-08-19 15:49:39', '27THFASHION', 0, 0),
(201603000000181, 201602000000076, 1, 60, 0, '2016-08-19 15:49:39', 'TWELFTHDISTRICT', 0, 0),
(201603000000182, 201602000000053, 1, 100, 0, '2016-08-19 15:50:00', 'TWELFTHDISTRICT', 0, 0),
(201603000000183, 201602000000076, 1, 60, 0, '2016-08-19 15:59:08', 'TWELFTHDISTRICT', 0, 1),
(201603000000184, 201602000000021, 1, 250, 0, '2016-08-19 16:08:37', '27THFASHION', 0, 0),
(201603000000185, 201602000000205, 1, 250, 0, '2016-08-19 16:08:37', 'TWELFTHDISTRICT', 0, 0),
(201603000000186, 201602000000270, 1, 150, 0, '2016-08-19 16:08:37', 'TWELFTHDISTRICT', 0, 0),
(201603000000187, 201602000000270, 1, 150, 0, '2016-08-19 16:10:14', 'TWELFTHDISTRICT', 0, 0),
(201603000000188, 201602000000169, 1, 150, 0, '2016-08-19 16:18:26', 'STYLECREW', 0, 0),
(201603000000189, 201602000000270, 1, 150, 0, '2016-08-19 16:18:26', 'TWELFTHDISTRICT', 0, 0),
(201603000000190, 201602000000037, 1, 170, 0, '2016-08-19 16:18:26', '8THGRAVITY', 0, 0),
(201603000000191, 201602000000031, 1, 170, 0, '2016-08-19 16:49:11', '8THGRAVITY', 0, 0),
(201603000000192, 201602000000201, 1, 190, 0, '2016-08-19 18:00:01', 'TWELFTHDISTRICT', 0, 0),
(201603000000193, 201602000000168, 1, 250, 0, '2016-08-19 18:00:01', 'STYLECREW', 0, 0),
(201603000000194, 201602000000166, 1, 150, 0, '2016-08-19 18:01:18', 'STYLECREW', 0, 0),
(201603000000195, 201602000000082, 1, 199, 0, '2016-08-19 18:02:48', '8THGRAVITY', 0, 0),
(201603000000196, 201602000000111, 1, 170, 0, '2016-08-19 18:10:03', '8THGRAVITY', 0, 0),
(201603000000197, 201602000000028, 1, 200, 0, '2016-08-19 18:14:01', '8THGRAVITY', 0, 0),
(201603000000198, 201602000000164, 1, 250, 0, '2016-08-19 18:14:01', 'STYLECREW', 0, 0),
(201603000000199, 201602000000092, 1, 380, 0, '2016-08-19 18:18:21', '8THGRAVITY', 0, 0),
(201603000000200, 201602000000079, 1, 175, 0, '2016-08-19 18:28:58', '8THGRAVITY', 0, 0),
(201603000000201, 201602000000180, 1, 249, 0, '2016-08-19 18:28:58', 'STYLECREW', 0, 0),
(201603000000202, 201602000000181, 1, 150, 0, '2016-08-19 18:28:58', 'STYLECREW', 0, 0),
(201603000000203, 201602000000178, 1, 150, 0, '2016-08-19 18:28:58', 'STYLECREW', 0, 0),
(201603000000204, 201602000000176, 1, 199, 0, '2016-08-19 18:28:58', 'STYLECREW', 0, 0),
(201603000000205, 201602000000029, 1, 230, 0, '2016-08-19 18:28:58', '8THGRAVITY', 0, 0),
(201603000000206, 201602000000111, 1, 170, 0, '2016-08-19 18:28:58', '8THGRAVITY', 0, 0),
(201603000000207, 201602000000031, 1, 170, 0, '2016-08-19 18:28:58', '8THGRAVITY', 0, 0),
(201603000000208, 201602000000185, 1, 77, 0, '2016-08-19 18:28:58', 'UCOMPLETEME', 0, 0),
(201603000000209, 201602000000127, 1, 385, 0, '2016-08-19 18:42:50', '8THGRAVITY', 0, 0),
(201603000000210, 201602000000087, 1, 300, 0, '2016-08-19 19:27:47', '8THGRAVITY', 0, 0),
(201603000000211, 201602000000135, 1, 230, 0, '2016-08-19 19:27:47', '8THGRAVITY', 0, 0),
(201603000000212, 201602000000099, 1, 290, 0, '2016-08-19 19:27:47', '8THGRAVITY', 0, 0),
(201603000000213, 201602000000028, 1, 200, 0, '2016-08-19 19:27:47', '8THGRAVITY', 0, 0),
(201603000000214, 201602000000208, 1, 200, 0, '2016-08-19 19:27:47', 'TWELFTHDISTRICT', 0, 0),
(201603000000215, 201602000000185, 1, 77, 0, '2016-08-19 19:27:47', 'UCOMPLETEME', 0, 0),
(201603000000216, 201602000000185, 1, 77, 0, '2016-08-19 19:27:47', 'UCOMPLETEME', 0, 0),
(201603000000217, 201602000000187, 1, 88, 0, '2016-08-19 19:27:47', 'UCOMPLETEME', 0, 0),
(201603000000218, 201602000000175, 1, 199, 0, '2016-08-19 19:49:33', 'STYLECREW', 0, 0),
(201603000000219, 201602000000012, 1, 450, 0, '2016-08-19 19:49:33', '27THFASHION', 0, 0),
(201603000000220, 201602000000237, 1, 180, 0, '2016-08-19 19:49:33', 'GETGLAM', 0, 0),
(201603000000221, 201602000000226, 1, 160, 0, '2016-08-19 19:49:33', 'GETGLAM', 0, 0),
(201603000000222, 201602000000226, 1, 160, 0, '2016-08-19 19:49:33', 'GETGLAM', 0, 0),
(201603000000223, 201602000000104, 1, 300, 0, '2016-08-19 19:49:33', '8THGRAVITY', 0, 0),
(201603000000224, 201602000000104, 1, 300, 0, '2016-08-19 19:51:44', '8THGRAVITY', 0, 0),
(201603000000225, 201602000000078, 1, 220, 0, '2016-08-19 19:51:44', '8THGRAVITY', 0, 0),
(201603000000226, 201602000000044, 1, 200, 0, '2016-08-19 19:51:44', '8THGRAVITY', 0, 0),
(201603000000227, 201602000000226, 1, 160, 0, '2016-08-19 19:51:44', 'GETGLAM', 0, 0),
(201603000000228, 201602000000226, 1, 160, 0, '2016-08-19 19:51:44', 'GETGLAM', 0, 0),
(201603000000229, 201602000000031, 1, 170, 0, '2016-08-19 19:52:57', '8THGRAVITY', 0, 0),
(201603000000230, 201602000000031, 1, 170, 0, '2016-08-19 19:52:57', '8THGRAVITY', 0, 0),
(201603000000231, 201602000000031, 1, 170, 0, '2016-08-19 19:52:57', '8THGRAVITY', 0, 0),
(201603000000232, 201602000000244, 1, 90, 0, '2016-08-19 20:00:01', 'GETGLAM', 0, 0),
(201603000000233, 201602000000046, 1, 99, 0, '2016-08-19 20:00:01', '8THGRAVITY', 0, 0),
(201603000000234, 201602000000025, 1, 280, 0, '2016-08-19 20:29:46', '8THGRAVITY', 0, 0),
(201603000000235, 201602000000309, 1, 349, 0, '2016-08-19 20:29:46', '27THFASHION', 0, 0),
(201603000000236, 201602000000037, 1, 170, 0, '2016-08-19 20:29:46', '8THGRAVITY', 0, 0),
(201603000000237, 201602000000300, 1, 350, 0, '2016-08-19 20:32:02', '27THFASHION', 0, 0),
(201603000000238, 201602000000090, 1, 300, 0, '2016-08-19 20:46:17', '8THGRAVITY', 0, 0),
(201603000000239, 201602000000046, 1, 99, 0, '2016-08-19 20:46:17', '8THGRAVITY', 0, 0),
(201603000000240, 201602000000036, 1, 185, 0, '2016-08-20 10:10:27', '8THGRAVITY', 0, 0),
(201603000000241, 201602000000217, 1, 150, 0, '2016-08-20 10:29:14', 'GETGLAM', 0, 0),
(201603000000242, 201602000000036, 1, 185, 0, '2016-08-20 11:14:24', '8THGRAVITY', 0, 0),
(201603000000243, 201602000000179, 1, 250, 0, '2016-08-20 12:29:18', 'STYLECREW', 0, 0),
(201603000000244, 201602000000179, 1, 250, 0, '2016-08-20 12:29:19', 'STYLECREW', 0, 0),
(201603000000245, 201602000000205, 1, 250, 0, '2016-08-20 12:34:28', 'TWELFTHDISTRICT', 0, 0),
(201603000000246, 201602000000187, 1, 88, 0, '2016-08-20 12:37:18', 'UCOMPLETEME', 0, 0),
(201603000000247, 201602000000236, 1, 199, 0, '2016-08-20 13:15:59', 'GETGLAM', 0, 0),
(201603000000248, 201602000000211, 1, 99, 0, '2016-08-20 13:15:59', 'GETGLAM', 0, 0),
(201603000000249, 201602000000244, 1, 90, 0, '2016-08-20 15:20:12', 'GETGLAM', 0, 0),
(201603000000250, 201602000000218, 1, 150, 0, '2016-08-20 15:20:12', 'GETGLAM', 0, 0),
(201603000000251, 201602000000218, 1, 150, 0, '2016-08-20 15:20:12', 'GETGLAM', 0, 0),
(201603000000252, 201602000000102, 1, 260, 0, '2016-08-20 15:25:39', '8THGRAVITY', 0, 0),
(201603000000253, 201602000000200, 1, 150, 0, '2016-08-20 16:01:29', 'TWELFTHDISTRICT', 0, 0),
(201603000000254, 201602000000208, 1, 200, 0, '2016-08-20 17:32:24', 'TWELFTHDISTRICT', 0, 0),
(201603000000255, 201602000000030, 1, 165, 0, '2016-08-20 17:32:24', '8THGRAVITY', 0, 0),
(201603000000256, 201602000000175, 1, 199, 0, '2016-08-20 17:32:24', 'STYLECREW', 0, 0),
(201603000000257, 201602000000164, 1, 250, 0, '2016-08-20 17:32:24', 'STYLECREW', 0, 0),
(201603000000258, 201602000000167, 1, 250, 0, '2016-08-20 17:32:24', 'STYLECREW', 0, 0),
(201603000000259, 201602000000166, 1, 150, 0, '2016-08-20 17:32:24', 'STYLECREW', 0, 0),
(201603000000260, 201602000000166, 1, 150, 0, '2016-08-20 17:32:24', 'STYLECREW', 0, 0),
(201603000000261, 201602000000031, 1, 170, 0, '2016-08-20 17:32:24', '8THGRAVITY', 0, 0),
(201603000000262, 201602000000200, 1, 150, 0, '2016-08-20 17:32:24', 'TWELFTHDISTRICT', 0, 0),
(201603000000263, 201602000000228, 1, 120, 0, '2016-08-20 17:32:24', 'GETGLAM', 0, 0),
(201603000000264, 201602000000102, 1, 260, 0, '2016-08-20 17:32:24', '8THGRAVITY', 0, 0),
(201603000000265, 201602000000082, 1, 199, 0, '2016-08-20 17:37:04', '8THGRAVITY', 0, 0),
(201603000000266, 201602000000038, 1, 150, 0, '2016-08-20 18:11:46', '8THGRAVITY', 0, 0),
(201603000000267, 201602000000209, 1, 230, 0, '2016-08-20 18:11:46', 'TWELFTHDISTRICT', 0, 0),
(201603000000268, 201602000000129, 1, 150, 0, '2016-08-20 18:13:08', '8THGRAVITY', 0, 0),
(201603000000269, 201602000000111, 1, 170, 0, '2016-08-20 18:21:49', '8THGRAVITY', 0, 0),
(201603000000270, 201602000000164, 1, 250, 0, '2016-08-20 18:21:49', 'STYLECREW', 0, 0),
(201603000000271, 201602000000164, 1, 250, 0, '2016-08-20 18:21:49', 'STYLECREW', 0, 0),
(201603000000272, 201602000000207, 1, 250, 0, '2016-08-20 18:23:34', 'TWELFTHDISTRICT', 0, 0),
(201603000000273, 201602000000045, 1, 220, 0, '2016-08-20 18:23:34', '8THGRAVITY', 0, 0),
(201603000000274, 201602000000207, 1, 250, 0, '2016-08-20 18:24:58', 'TWELFTHDISTRICT', 0, 0),
(201603000000275, 201602000000252, 1, 250, 0, '2016-08-20 18:24:58', 'GETGLAM', 0, 0),
(201603000000276, 201602000000172, 1, 250, 0, '2016-08-20 18:27:08', 'STYLECREW', 0, 0),
(201603000000277, 201602000000112, 1, 190, 0, '2016-08-20 18:33:19', '8THGRAVITY', 0, 0),
(201603000000278, 201602000000111, 1, 170, 0, '2016-08-20 18:33:19', '8THGRAVITY', 0, 0),
(201603000000279, 201602000000207, 1, 250, 0, '2016-08-20 18:33:19', 'TWELFTHDISTRICT', 0, 0),
(201603000000280, 201602000000150, 1, 199, 0, '2016-08-20 18:35:32', '27THFASHION', 0, 0),
(201603000000281, 201602000000089, 1, 450, 0, '2016-08-20 18:45:23', '8THGRAVITY', 0, 0),
(201603000000282, 201602000000174, 1, 150, 0, '2016-08-20 18:45:23', 'STYLECREW', 0, 0),
(201603000000283, 201602000000208, 1, 200, 0, '2016-08-20 18:45:23', 'TWELFTHDISTRICT', 0, 0),
(201603000000284, 201602000000135, 1, 230, 0, '2016-08-20 18:45:23', '8THGRAVITY', 0, 0),
(201603000000285, 201602000000035, 1, 200, 0, '2016-08-20 18:45:23', '8THGRAVITY', 0, 0),
(201603000000286, 201602000000063, 1, 150, 0, '2016-08-20 19:03:18', 'TWELFTHDISTRICT', 0, 0),
(201603000000287, 201602000000208, 1, 200, 0, '2016-08-20 19:04:18', 'TWELFTHDISTRICT', 0, 0),
(201603000000288, 201602000000046, 1, 99, 0, '2016-08-20 19:21:59', '8THGRAVITY', 0, 0),
(201603000000289, 201602000000044, 1, 200, 0, '2016-08-20 19:54:37', '8THGRAVITY', 0, 0),
(201603000000290, 201602000000112, 1, 190, 0, '2016-08-20 20:25:31', '8THGRAVITY', 0, 0),
(201603000000291, 201602000000276, 1, 250, 0, '2016-08-20 20:25:53', 'TWELFTHDISTRICT', 0, 0),
(201603000000292, 201602000000089, 1, 450, 0, '2016-08-20 20:29:42', '8THGRAVITY', 0, 0),
(201603000000293, 201602000000226, 1, 160, 0, '2016-08-20 20:31:41', 'GETGLAM', 0, 0),
(201603000000294, 201602000000102, 1, 260, 0, '2016-08-21 11:18:45', '8THGRAVITY', 0, 0),
(201603000000295, 201602000000011, 1, 270, 0, '2016-08-21 11:18:45', '27THFASHION', 0, 0),
(201603000000296, 201602000000225, 1, 250, 0, '2016-08-21 11:45:52', 'GETGLAM', 0, 0),
(201603000000297, 201602000000037, 1, 170, 0, '2016-08-21 11:45:52', '8THGRAVITY', 0, 0),
(201603000000298, 201602000000092, 1, 380, 0, '2016-08-21 11:45:52', '8THGRAVITY', 0, 0),
(201603000000299, 201602000000113, 1, 195, 0, '2016-08-21 11:55:41', '8THGRAVITY', 0, 0),
(201603000000300, 201602000000117, 1, 0, 0, '2016-08-21 12:34:27', '', 0, 0),
(201603000000301, 201602000000174, 1, 150, 0, '2016-08-21 12:34:27', 'STYLECREW', 0, 0),
(201603000000302, 201602000000031, 1, 170, 0, '2016-08-21 12:34:27', '8THGRAVITY', 0, 0),
(201603000000303, 201602000000031, 1, 170, 0, '2016-08-21 12:34:27', '8THGRAVITY', 0, 0),
(201603000000304, 201602000000045, 1, 220, 0, '2016-08-21 12:34:27', '8THGRAVITY', 0, 0),
(201603000000305, 201602000000089, 1, 450, 0, '2016-08-21 12:34:27', '8THGRAVITY', 0, 0),
(201603000000306, 201602000000110, 1, 350, 0, '2016-08-21 12:34:27', '8THGRAVITY', 0, 0),
(201603000000307, 201602000000046, 1, 99, 0, '2016-08-21 12:53:22', '8THGRAVITY', 0, 0),
(201603000000308, 201602000000191, 1, 200, 0, '2016-08-21 13:01:01', 'UCOMPLETEME', 0, 0),
(201603000000309, 201602000000187, 1, 88, 0, '2016-08-21 13:01:01', 'UCOMPLETEME', 0, 0),
(201603000000310, 201602000000187, 1, 88, 0, '2016-08-21 13:01:01', 'UCOMPLETEME', 0, 0),
(201603000000311, 201602000000244, 1, 90, 0, '2016-08-21 13:01:01', 'GETGLAM', 0, 0),
(201603000000312, 201602000000201, 1, 190, 0, '2016-08-21 13:01:01', 'TWELFTHDISTRICT', 0, 0),
(201603000000313, 201602000000229, 1, 120, 0, '2016-08-21 13:01:01', 'GETGLAM', 0, 0),
(201603000000314, 201602000000205, 1, 250, 0, '2016-08-21 13:07:21', 'TWELFTHDISTRICT', 0, 0),
(201603000000315, 201602000000005, 1, 275, 0, '2016-08-21 13:07:21', '27THFASHION', 0, 0),
(201603000000316, 201602000000061, 1, 250, 0, '2016-08-21 13:17:56', 'TWELFTHDISTRICT', 0, 0),
(201603000000317, 201602000000099, 1, 290, 0, '2016-08-21 14:22:56', '8THGRAVITY', 0, 0),
(201603000000318, 201602000000244, 1, 90, 0, '2016-08-21 14:22:56', 'GETGLAM', 0, 0),
(201603000000319, 201602000000195, 1, 150, 0, '2016-08-21 14:26:13', 'TWELFTHDISTRICT', 0, 0),
(201603000000320, 201602000000131, 1, 199, 0, '2016-08-21 14:26:13', '8THGRAVITY', 0, 0),
(201603000000321, 201602000000019, 1, 200, 0, '2016-08-21 17:02:49', '27THFASHION', 0, 1),
(201603000000322, 201602000000166, 1, 150, 0, '2016-08-21 17:02:49', 'STYLECREW', 0, 1),
(201603000000323, 201602000000228, 1, 120, 0, '2016-08-22 10:44:07', 'GETGLAM', 0, 0),
(201603000000324, 201602000000019, 1, 200, 0, '2016-08-22 12:23:45', '27THFASHION', 0, 0),
(201603000000325, 201602000000166, 1, 150, 0, '2016-08-22 12:23:45', 'STYLECREW', 0, 0),
(201603000000326, 201602000000208, 1, 200, 0, '2016-08-22 12:23:45', 'TWELFTHDISTRICT', 0, 0),
(201603000000327, 201602000000033, 1, 150, 0, '2016-08-22 12:23:45', '8THGRAVITY', 0, 0),
(201603000000328, 201602000000046, 1, 99, 0, '2016-08-22 12:23:45', '8THGRAVITY', 0, 0),
(201603000000329, 201602000000200, 1, 150, 0, '2016-08-22 12:23:45', 'TWELFTHDISTRICT', 0, 0),
(201603000000330, 201602000000202, 1, 150, 0, '2016-08-22 12:23:45', 'TWELFTHDISTRICT', 0, 0),
(201603000000331, 201602000000043, 1, 200, 0, '2016-08-22 13:18:18', '8THGRAVITY', 0, 0),
(201603000000332, 201602000000349, 1, 25, 0, '2016-08-22 14:26:18', 'SKULMATE', 0, 0),
(201603000000333, 201602000000357, 1, 35, 0, '2016-08-22 14:26:18', 'SKULMATE', 0, 0),
(201603000000334, 201602000000187, 1, 88, 0, '2016-08-22 15:27:09', 'UCOMPLETEME', 0, 0),
(201603000000335, 201602000000442, 1, 200, 0, '2016-08-22 16:58:57', '8THGRAVITY', 0, 0),
(201603000000336, 201602000000045, 1, 220, 0, '2016-08-22 16:58:57', '8THGRAVITY', 0, 0),
(201603000000337, 201602000000261, 1, 299, 0, '2016-08-22 16:58:57', 'PURPLEROW', 0, 0),
(201603000000338, 201602000000349, 1, 25, 0, '2016-08-22 17:03:18', 'SKULMATE', 0, 0),
(201603000000339, 201602000000349, 1, 25, 0, '2016-08-22 17:03:18', 'SKULMATE', 0, 0),
(201603000000340, 201602000000349, 1, 25, 0, '2016-08-22 17:03:18', 'SKULMATE', 0, 0),
(201603000000341, 201602000000211, 1, 99, 0, '2016-08-22 17:12:53', 'GETGLAM', 0, 0),
(201603000000342, 201602000000252, 1, 250, 0, '2016-08-22 17:12:53', 'GETGLAM', 0, 0),
(201603000000343, 201602000000150, 1, 199, 0, '2016-08-22 17:12:53', '27THFASHION', 0, 0),
(201603000000344, 201602000000187, 1, 88, 0, '2016-08-22 17:24:04', 'UCOMPLETEME', 0, 0),
(201603000000345, 201602000000187, 1, 88, 0, '2016-08-22 17:33:12', 'UCOMPLETEME', 0, 0),
(201603000000346, 201602000000355, 1, 20, 0, '2016-08-22 17:33:12', 'SKULMATE', 0, 0),
(201603000000347, 201602000000395, 1, 25, 0, '2016-08-22 17:39:13', 'SIMPLYFAB', 0, 0),
(201603000000348, 201602000000395, 1, 25, 0, '2016-08-22 17:39:13', 'SIMPLYFAB', 0, 0),
(201603000000349, 201602000000349, 1, 25, 0, '2016-08-22 17:39:13', 'SKULMATE', 0, 0),
(201603000000350, 201602000000126, 1, 383, 0, '2016-08-22 17:48:21', '8THGRAVITY', 0, 0),
(201603000000351, 201602000000164, 1, 250, 0, '2016-08-22 18:27:54', 'STYLECREW', 0, 0),
(201603000000352, 201602000000395, 1, 25, 0, '2016-08-22 18:30:59', 'SIMPLYFAB', 0, 0),
(201603000000353, 201602000000395, 1, 25, 0, '2016-08-22 18:30:59', 'SIMPLYFAB', 0, 0),
(201603000000354, 201602000000028, 1, 200, 0, '2016-08-22 18:41:19', '8THGRAVITY', 0, 0),
(201603000000355, 201602000000047, 1, 150, 0, '2016-08-22 19:02:28', '8THGRAVITY', 0, 0),
(201603000000356, 201602000000043, 1, 200, 0, '2016-08-22 19:18:58', '8THGRAVITY', 0, 0),
(201603000000357, 201602000000079, 1, 175, 0, '2016-08-22 19:57:02', '8THGRAVITY', 0, 1),
(201603000000358, 201602000000079, 1, 175, 35, '2016-08-22 19:58:24', '8THGRAVITY', 0, 0),
(201603000000359, 201602000000046, 1, 99, 0, '2016-08-22 20:11:37', '8THGRAVITY', 0, 0),
(201603000000360, 201602000000212, 1, 35, 0, '2016-08-22 20:12:28', 'GETGLAM', 0, 0),
(201603000000361, 201602000000022, 1, 400, 0, '2016-08-22 20:12:28', '27THFASHION', 0, 0),
(201603000000362, 201602000000424, 1, 450, 90, '2016-08-22 20:19:47', '8THGRAVITY', 0, 0),
(201603000000363, 201602000000388, 1, 25, 5, '2016-08-22 20:19:47', 'SIMPLYFAB', 0, 0),
(201603000000364, 201602000000165, 1, 199, 0, '2016-08-22 20:22:35', 'STYLECREW', 0, 0),
(201603000000365, 201602000000057, 1, 75, 0, '2016-08-23 11:05:22', 'TWELFTHDISTRICT', 0, 0),
(201603000000366, 201602000000425, 1, 250, 0, '2016-08-23 12:32:25', '8THGRAVITY', 0, 0),
(201603000000367, 201602000000024, 1, 165, 0, '2016-08-23 13:05:23', '8THGRAVITY', 0, 0),
(201603000000368, 201602000000264, 1, 350, 0, '2016-08-23 13:05:23', 'PURPLEROW', 0, 0),
(201603000000369, 201602000000393, 1, 40, 0, '2016-08-23 13:05:23', 'SIMPLYFAB', 0, 0),
(201603000000370, 201602000000442, 1, 200, 0, '2016-08-23 13:09:40', '8THGRAVITY', 0, 0),
(201603000000371, 201602000000213, 1, 79, 0, '2016-08-23 13:48:05', 'GETGLAM', 0, 0),
(201603000000372, 201602000000385, 1, 20, 0, '2016-08-23 13:48:05', 'SIMPLYFAB', 0, 0),
(201603000000373, 201602000000174, 1, 150, 0, '2016-08-23 14:02:12', 'STYLECREW', 0, 1),
(201603000000374, 201602000000476, 1, 200, 0, '2016-08-23 15:51:13', '8THGRAVITY', 0, 0),
(201603000000375, 201602000000474, 1, 199, 0, '2016-08-23 16:49:35', '8THGRAVITY', 0, 0),
(201603000000376, 201602000000213, 1, 79, 0, '2016-08-23 17:00:36', 'GETGLAM', 0, 0),
(201603000000377, 201602000000425, 1, 250, 0, '2016-08-23 17:02:26', '8THGRAVITY', 0, 0),
(201603000000378, 201602000000174, 1, 150, 0, '2016-08-23 17:02:50', 'STYLECREW', 0, 0),
(201603000000379, 201602000000404, 1, 180, 0, '2016-08-23 17:08:55', 'TWELFTHDISTRICT', 0, 0),
(201603000000380, 201602000000444, 1, 250, 0, '2016-08-23 17:08:55', '8THGRAVITY', 0, 0),
(201603000000381, 201602000000476, 1, 200, 0, '2016-08-23 17:37:17', '8THGRAVITY', 0, 0),
(201603000000382, 201602000000393, 1, 40, 0, '2016-08-23 18:53:42', 'SIMPLYFAB', 0, 0),
(201603000000383, 201602000000187, 1, 88, 0, '2016-08-23 18:53:42', 'UCOMPLETEME', 0, 0),
(201603000000384, 201602000000469, 1, 300, 0, '2016-08-23 18:59:54', '8THGRAVITY', 0, 0),
(201603000000385, 201602000000420, 1, 2300, 0, '2016-08-23 19:00:18', 'ZERO2TEN', 0, 0),
(201603000000386, 201602000000186, 1, 125, 0, '2016-08-23 19:04:29', 'UCOMPLETEME', 0, 0),
(201603000000387, 201602000000200, 1, 150, 0, '2016-08-23 19:26:47', 'TWELFTHDISTRICT', 0, 0),
(201603000000388, 201602000000055, 1, 100, 0, '2016-08-24 11:04:41', 'TWELFTHDISTRICT', 0, 0),
(201603000000389, 201602000000265, 1, 350, 0, '2016-08-24 11:10:12', 'PURPLEROW', 0, 0),
(201603000000390, 201602000000468, 1, 290, 0, '2016-08-24 11:10:12', '8THGRAVITY', 0, 1),
(201603000000391, 201602000000215, 1, 80, 0, '2016-08-24 11:10:12', 'GETGLAM', 0, 0),
(201603000000392, 201602000000300, 1, 350, 0, '2016-08-24 11:28:01', '27THFASHION', 0, 0),
(201603000000393, 201602000000252, 1, 250, 0, '2016-08-24 13:42:42', 'GETGLAM', 0, 0),
(201603000000394, 201602000000228, 1, 120, 0, '2016-08-24 14:26:13', 'GETGLAM', 0, 0),
(201603000000395, 201602000000493, 1, 150, 0, '2016-08-24 15:59:09', 'STYLECREW', 0, 0),
(201603000000396, 201602000000480, 1, 200, 0, '2016-08-24 15:59:09', '8THGRAVITY', 0, 0),
(201603000000397, 201602000000150, 1, 199, 0, '2016-08-24 16:44:36', '27THFASHION', 0, 0),
(201603000000398, 201602000000150, 1, 199, 0, '2016-08-24 16:44:36', '27THFASHION', 0, 0),
(201603000000399, 201602000000410, 1, 100, 0, '2016-08-24 16:44:36', 'TWELFTHDISTRICT', 0, 0),
(201603000000400, 201602000000076, 1, 60, 0, '2016-08-24 16:44:36', 'TWELFTHDISTRICT', 0, 0),
(201603000000401, 201602000000077, 1, 50, 0, '2016-08-24 16:44:36', 'TWELFTHDISTRICT', 0, 0),
(201603000000402, 201602000000077, 1, 50, 0, '2016-08-24 16:44:36', 'TWELFTHDISTRICT', 0, 0),
(201603000000403, 201602000000077, 1, 50, 0, '2016-08-24 16:44:36', 'TWELFTHDISTRICT', 0, 0),
(201603000000404, 201602000000077, 1, 50, 0, '2016-08-24 16:44:36', 'TWELFTHDISTRICT', 0, 0),
(201603000000405, 201602000000077, 1, 50, 0, '2016-08-24 16:44:36', 'TWELFTHDISTRICT', 0, 0),
(201603000000406, 201602000000232, 1, 150, 0, '2016-08-24 16:47:52', 'GETGLAM', 0, 0),
(201603000000407, 201602000000417, 1, 250, 0, '2016-08-24 16:47:52', 'TWELFTHDISTRICT', 0, 0),
(201603000000408, 201602000000214, 1, 150, 0, '2016-08-24 16:47:52', 'GETGLAM', 0, 0),
(201603000000409, 201602000000479, 1, 450, 0, '2016-08-24 16:52:39', '8THGRAVITY', 0, 0),
(201603000000410, 201602000000273, 1, 220, 0, '2016-08-24 16:52:39', 'TWELFTHDISTRICT', 0, 0),
(201603000000411, 201602000000273, 1, 220, 0, '2016-08-24 16:52:39', 'TWELFTHDISTRICT', 0, 0),
(201603000000412, 201602000000482, 1, 299, 0, '2016-08-24 16:53:44', '8THGRAVITY', 0, 0),
(201603000000413, 201602000000013, 1, 499, 0, '2016-08-24 17:08:51', '27THFASHION', 0, 0),
(201603000000414, 201602000000195, 1, 150, 0, '2016-08-24 17:08:51', 'TWELFTHDISTRICT', 0, 0),
(201603000000415, 201602000000037, 1, 170, 0, '2016-08-24 17:08:51', '8THGRAVITY', 0, 0),
(201603000000416, 201602000000264, 1, 350, 0, '2016-08-24 17:08:51', 'PURPLEROW', 0, 0),
(201603000000417, 201602000000352, 1, 119, 0, '2016-08-24 17:08:51', 'SKULMATE', 0, 0),
(201603000000418, 201602000000377, 1, 65, 0, '2016-08-24 17:08:51', 'SIMPLYFAB', 0, 0),
(201603000000419, 201602000000389, 1, 35, 0, '2016-08-24 17:08:51', 'SIMPLYFAB', 0, 0),
(201603000000420, 201602000000395, 1, 25, 0, '2016-08-24 17:08:51', 'SIMPLYFAB', 0, 0),
(201603000000421, 201602000000076, 1, 60, 0, '2016-08-24 18:08:47', 'TWELFTHDISTRICT', 0, 0),
(201603000000422, 201602000000185, 1, 77, 0, '2016-08-24 18:38:41', 'UCOMPLETEME', 0, 0),
(201603000000423, 201602000000049, 1, 100, 0, '2016-08-24 18:38:41', 'TWELFTHDISTRICT', 0, 0),
(201603000000424, 201602000000457, 1, 185, 0, '2016-08-24 18:38:41', '8THGRAVITY', 0, 0),
(201603000000425, 201602000000461, 1, 300, 0, '2016-08-24 19:21:40', '8THGRAVITY', 0, 0),
(201603000000426, 201602000000109, 1, 290, 0, '2016-08-24 19:21:40', '8THGRAVITY', 0, 0),
(201603000000427, 201602000000208, 1, 200, 0, '2016-08-24 19:21:40', 'TWELFTHDISTRICT', 0, 0),
(201603000000428, 201602000000218, 1, 150, 0, '2016-08-24 19:22:46', 'GETGLAM', 0, 0),
(201603000000429, 201602000000472, 1, 200, 0, '2016-08-24 19:22:46', '8THGRAVITY', 0, 0),
(201603000000430, 201602000000230, 1, 160, 0, '2016-08-24 20:06:41', 'GETGLAM', 0, 0),
(201603000000431, 201602000000226, 1, 160, 0, '2016-08-24 20:06:41', 'GETGLAM', 0, 0),
(201603000000432, 201602000000024, 1, 165, 0, '2016-08-24 20:12:05', '8THGRAVITY', 0, 0),
(201603000000433, 201602000000393, 1, 40, 0, '2016-08-24 20:12:05', 'SIMPLYFAB', 0, 0),
(201603000000434, 201602000000364, 1, 25, 0, '2016-08-24 20:18:36', 'SIMPLYFAB', 0, 0),
(201603000000435, 201602000000494, 1, 150, 0, '2016-08-24 20:21:23', 'STYLECREW', 0, 0),
(201603000000436, 201602000000394, 1, 25, 0, '2016-08-25 11:23:58', 'SIMPLYFAB', 0, 0),
(201603000000437, 201602000000395, 1, 25, 0, '2016-08-25 11:23:58', 'SIMPLYFAB', 0, 0),
(201603000000438, 201602000000395, 1, 25, 0, '2016-08-25 13:37:35', 'SIMPLYFAB', 0, 0),
(201603000000439, 201602000000477, 1, 299, 0, '2016-08-25 15:15:00', '8THGRAVITY', 0, 0),
(201603000000440, 201602000000478, 1, 295, 0, '2016-08-25 15:15:00', '8THGRAVITY', 0, 0),
(201603000000441, 201602000000360, 1, 89, 0, '2016-08-25 15:23:24', 'SKULMATE', 0, 0),
(201603000000442, 201602000000226, 1, 160, 0, '2016-08-25 15:50:52', 'GETGLAM', 0, 0),
(201603000000443, 201602000000513, 1, 650, 0, '2016-08-25 15:52:50', 'ZERO2TEN', 0, 0),
(201603000000444, 201602000000331, 1, 60, 0, '2016-08-25 16:02:43', 'SKULMATE', 0, 0),
(201603000000445, 201602000000092, 1, 380, 0, '2016-08-25 16:29:28', '8THGRAVITY', 0, 0),
(201603000000446, 201602000000499, 1, 250, 0, '2016-08-25 17:37:55', 'STYLECREW', 0, 0),
(201603000000447, 201602000000058, 1, 150, 0, '2016-08-25 17:38:14', 'TWELFTHDISTRICT', 0, 1),
(201603000000448, 201602000000407, 1, 150, 0, '2016-08-25 17:42:39', 'TWELFTHDISTRICT', 0, 0),
(201603000000449, 201602000000302, 1, 349, 0, '2016-08-25 17:50:40', '27THFASHION', 0, 0),
(201603000000450, 201602000000477, 1, 299, 0, '2016-08-25 18:00:00', '8THGRAVITY', 0, 0),
(201603000000451, 201602000000383, 1, 30, 0, '2016-08-25 18:00:00', 'SIMPLYFAB', 0, 0),
(201603000000452, 201602000000475, 1, 220, 0, '2016-08-25 18:18:08', '8THGRAVITY', 0, 0),
(201603000000453, 201602000000270, 1, 150, 0, '2016-08-25 18:19:11', 'TWELFTHDISTRICT', 0, 0),
(201603000000454, 201602000000378, 1, 50, 0, '2016-08-25 18:25:19', 'SIMPLYFAB', 0, 0),
(201603000000455, 201602000000364, 1, 25, 0, '2016-08-25 18:28:59', 'SIMPLYFAB', 0, 0),
(201603000000456, 201602000000364, 1, 25, 0, '2016-08-25 18:28:59', 'SIMPLYFAB', 0, 0),
(201603000000457, 201602000000405, 1, 150, 0, '2016-08-25 18:32:10', 'TWELFTHDISTRICT', 0, 0),
(201603000000458, 201602000000444, 1, 250, 0, '2016-08-25 18:36:06', '8THGRAVITY', 0, 0),
(201603000000459, 201602000000137, 1, 230, 0, '2016-08-25 18:36:06', '8THGRAVITY', 0, 0),
(201603000000460, 201602000000219, 1, 180, 0, '2016-08-25 18:41:16', 'GETGLAM', 0, 1),
(201603000000461, 201602000000291, 1, 100, 0, '2016-08-25 18:41:52', '27THFASHION', 0, 0),
(201603000000462, 201602000000411, 1, 80, 0, '2016-08-25 18:42:26', 'TWELFTHDISTRICT', 0, 0),
(201603000000463, 201602000000494, 1, 150, 0, '2016-08-25 18:44:06', 'STYLECREW', 0, 0),
(201603000000464, 201602000000236, 1, 199, 0, '2016-08-25 18:56:20', 'GETGLAM', 0, 0),
(201603000000465, 201602000000228, 1, 120, 0, '2016-08-25 18:56:20', 'GETGLAM', 0, 0),
(201603000000466, 201602000000211, 1, 99, 0, '2016-08-25 18:56:20', 'GETGLAM', 0, 0),
(201603000000467, 201602000000215, 1, 80, 0, '2016-08-25 18:56:20', 'GETGLAM', 0, 0),
(201603000000468, 201602000000046, 1, 99, 0, '2016-08-25 19:01:02', '8THGRAVITY', 0, 0),
(201603000000469, 201602000000462, 1, 170, 0, '2016-08-25 19:01:02', '8THGRAVITY', 0, 0),
(201603000000470, 201602000000495, 1, 150, 0, '2016-08-25 19:03:51', 'STYLECREW', 0, 0),
(201603000000471, 201602000000512, 1, 320, 0, '2016-08-25 19:03:51', 'ZERO2TEN', 0, 0),
(201603000000472, 201602000000043, 1, 200, 0, '2016-08-25 19:14:23', '8THGRAVITY', 0, 0),
(201603000000473, 201602000000405, 1, 150, 0, '2016-08-25 19:24:05', 'TWELFTHDISTRICT', 0, 0),
(201603000000474, 201602000000462, 1, 170, 0, '2016-08-25 19:33:00', '8THGRAVITY', 0, 0),
(201603000000475, 201602000000243, 1, 250, 0, '2016-08-25 19:35:12', 'GETGLAM', 0, 0),
(201603000000476, 201602000000480, 1, 200, 0, '2016-08-25 19:36:26', '8THGRAVITY', 0, 0),
(201603000000477, 201602000000395, 1, 25, 0, '2016-08-25 19:56:05', 'SIMPLYFAB', 0, 0),
(201603000000478, 201602000000394, 1, 25, 0, '2016-08-25 19:56:05', 'SIMPLYFAB', 0, 0),
(201603000000479, 201602000000379, 1, 25, 0, '2016-08-25 19:56:05', 'SIMPLYFAB', 0, 0),
(201603000000480, 201602000000289, 1, 180, 0, '2016-08-25 19:56:39', '27THFASHION', 0, 0),
(201603000000481, 201602000000208, 1, 200, 0, '2016-08-25 20:32:44', 'TWELFTHDISTRICT', 0, 0),
(201603000000482, 201602000000041, 1, 250, 0, '2016-08-25 20:48:40', '8THGRAVITY', 0, 0),
(201603000000483, 201602000000295, 1, 50, 0, '2016-08-26 10:27:10', '27THFASHION', 0, 0),
(201603000000484, 201602000000386, 1, 15, 0, '2016-08-26 10:27:10', 'SIMPLYFAB', 0, 0),
(201603000000485, 201602000000289, 1, 180, 0, '2016-08-26 10:29:48', '27THFASHION', 0, 0),
(201603000000486, 201602000000395, 1, 25, 0, '2016-08-26 10:29:48', 'SIMPLYFAB', 0, 0),
(201603000000487, 201602000000093, 1, 249, 0, '2016-08-26 11:00:06', '8THGRAVITY', 0, 0),
(201603000000488, 201602000000044, 1, 200, 0, '2016-08-26 11:00:06', '8THGRAVITY', 0, 0),
(201603000000489, 201602000000208, 1, 200, 0, '2016-08-26 11:00:06', 'TWELFTHDISTRICT', 0, 0),
(201603000000490, 201602000000123, 1, 360, 0, '2016-08-26 11:57:05', '8THGRAVITY', 0, 0),
(201603000000491, 201602000000244, 1, 90, 0, '2016-08-26 12:24:43', 'GETGLAM', 0, 0),
(201603000000492, 201602000000186, 1, 125, 0, '2016-08-26 12:34:00', 'UCOMPLETEME', 0, 0),
(201603000000493, 201602000000469, 1, 300, 0, '2016-08-26 12:46:28', '8THGRAVITY', 0, 0),
(201603000000494, 201602000000431, 1, 300, 0, '2016-08-26 12:46:28', '8THGRAVITY', 0, 0),
(201603000000495, 201602000000218, 1, 150, 0, '2016-08-26 12:50:27', 'GETGLAM', 0, 0),
(201603000000496, 201602000000494, 1, 150, 0, '2016-08-26 13:11:07', 'STYLECREW', 0, 0),
(201603000000497, 201602000000480, 1, 200, 0, '2016-08-26 13:11:07', '8THGRAVITY', 0, 0),
(201603000000498, 201602000000442, 1, 200, 0, '2016-08-26 14:56:03', '8THGRAVITY', 0, 0),
(201603000000499, 201602000000016, 1, 200, 0, '2016-08-26 15:15:44', '27THFASHION', 0, 0),
(201603000000500, 201602000000232, 1, 150, 0, '2016-08-26 15:30:17', 'GETGLAM', 0, 0),
(201603000000501, 201602000000062, 1, 170, 0, '2016-08-26 15:30:17', 'TWELFTHDISTRICT', 0, 0),
(201603000000502, 201602000000510, 1, 320, 0, '2016-08-26 16:26:44', 'ZERO2TEN', 0, 0),
(201603000000503, 201602000000188, 1, 250, 0, '2016-08-26 16:26:44', 'UCOMPLETEME', 0, 0),
(201603000000504, 201602000000411, 1, 80, 0, '2016-08-26 16:26:44', 'TWELFTHDISTRICT', 0, 0),
(201603000000505, 201602000000187, 1, 88, 0, '2016-08-26 16:26:44', 'UCOMPLETEME', 0, 0),
(201603000000506, 201602000000049, 1, 100, 0, '2016-08-26 17:57:05', 'TWELFTHDISTRICT', 0, 0),
(201603000000507, 201602000000228, 1, 120, 0, '2016-08-26 17:58:16', 'GETGLAM', 0, 0),
(201603000000508, 201602000000349, 1, 25, 0, '2016-08-26 17:58:42', 'SKULMATE', 0, 0),
(201603000000509, 201602000000349, 1, 25, 0, '2016-08-26 17:58:42', 'SKULMATE', 0, 0),
(201603000000510, 201602000000349, 1, 25, 0, '2016-08-26 18:00:31', 'SKULMATE', 0, 0),
(201603000000511, 201602000000349, 1, 25, 0, '2016-08-26 18:00:31', 'SKULMATE', 0, 0),
(201603000000512, 201602000000364, 1, 25, 0, '2016-08-26 18:00:31', 'SIMPLYFAB', 0, 0),
(201603000000513, 201602000000364, 1, 25, 0, '2016-08-26 18:00:31', 'SIMPLYFAB', 0, 0),
(201603000000514, 201602000000385, 1, 20, 0, '2016-08-26 18:32:18', 'SIMPLYFAB', 0, 0),
(201603000000515, 201602000000393, 1, 40, 0, '2016-08-26 18:32:18', 'SIMPLYFAB', 0, 0),
(201603000000516, 201602000000506, 1, 250, 0, '2016-08-26 18:32:18', 'STYLECREW', 0, 0),
(201603000000517, 201602000000495, 1, 150, 0, '2016-08-26 18:32:18', 'STYLECREW', 0, 0),
(201603000000518, 201602000000049, 1, 100, 0, '2016-08-26 18:48:31', 'TWELFTHDISTRICT', 0, 0),
(201603000000519, 201602000000103, 1, 300, 0, '2016-08-26 19:04:29', '8THGRAVITY', 0, 0),
(201603000000520, 201602000000043, 1, 200, 0, '2016-08-26 19:04:29', '8THGRAVITY', 0, 0),
(201603000000521, 201602000000076, 1, 60, 0, '2016-08-26 19:29:17', 'TWELFTHDISTRICT', 0, 0),
(201603000000522, 201602000000076, 1, 60, 0, '2016-08-26 19:29:18', 'TWELFTHDISTRICT', 0, 0),
(201603000000523, 201602000000040, 1, 200, 0, '2016-08-26 20:20:14', '8THGRAVITY', 0, 0),
(201603000000524, 201602000000086, 1, 250, 0, '2016-08-26 20:20:14', '8THGRAVITY', 0, 0),
(201603000000525, 201602000000430, 1, 149, 0, '2016-08-26 20:20:14', '8THGRAVITY', 0, 0),
(201603000000526, 201602000000461, 1, 300, 0, '2016-08-26 20:28:18', '8THGRAVITY', 0, 0),
(201603000000527, 201602000000187, 1, 88, 0, '2016-08-26 20:28:18', 'UCOMPLETEME', 0, 0),
(201603000000528, 201602000000395, 1, 25, 0, '2016-08-26 20:28:18', 'SIMPLYFAB', 0, 0),
(201603000000529, 201602000000108, 1, 260, 0, '2016-08-26 20:30:24', '8THGRAVITY', 0, 0),
(201603000000530, 201602000000012, 1, 450, 0, '2016-08-26 20:31:15', '27THFASHION', 0, 0),
(201603000000531, 201602000000493, 1, 150, 0, '2016-08-26 20:31:15', 'STYLECREW', 0, 0),
(201603000000532, 201602000000513, 1, 650, 0, '2016-08-26 20:40:41', 'ZERO2TEN', 0, 0),
(201603000000533, 201602000000488, 1, 199, 0, '2016-08-26 20:44:14', 'STYLECREW', 0, 0),
(201603000000534, 201602000000187, 1, 88, 0, '2016-08-27 11:22:29', 'UCOMPLETEME', 0, 0),
(201603000000535, 201602000000028, 1, 200, 0, '2016-08-27 12:12:09', '8THGRAVITY', 0, 0),
(201603000000536, 201602000000205, 1, 250, 0, '2016-08-27 12:12:09', 'TWELFTHDISTRICT', 0, 0),
(201603000000537, 201602000000204, 1, 250, 0, '2016-08-27 13:57:23', 'TWELFTHDISTRICT', 0, 0),
(201603000000538, 201602000000456, 1, 165, 0, '2016-08-27 14:15:02', '8THGRAVITY', 0, 0),
(201603000000539, 201602000000265, 1, 350, 0, '2016-08-27 14:15:02', 'PURPLEROW', 0, 0),
(201603000000540, 201602000000270, 1, 150, 0, '2016-08-27 14:22:07', 'TWELFTHDISTRICT', 0, 0),
(201603000000541, 201602000000405, 1, 150, 0, '2016-08-27 14:36:05', 'TWELFTHDISTRICT', 0, 0),
(201603000000542, 201602000000394, 1, 25, 0, '2016-08-27 14:36:05', 'SIMPLYFAB', 0, 0),
(201603000000543, 201602000000394, 1, 25, 0, '2016-08-27 14:36:05', 'SIMPLYFAB', 0, 0),
(201603000000544, 201602000000410, 1, 100, 0, '2016-08-27 14:42:13', 'TWELFTHDISTRICT', 0, 0),
(201603000000545, 201602000000214, 1, 150, 0, '2016-08-27 16:13:05', 'GETGLAM', 0, 0),
(201603000000546, 201602000000225, 1, 250, 0, '2016-08-27 16:13:05', 'GETGLAM', 0, 0),
(201603000000547, 201602000000500, 1, 199, 0, '2016-08-27 16:18:56', 'STYLECREW', 0, 0),
(201603000000548, 201602000000499, 1, 250, 0, '2016-08-27 16:21:06', 'STYLECREW', 0, 0),
(201603000000549, 201602000000225, 1, 250, 0, '2016-08-27 17:48:26', 'GETGLAM', 0, 0),
(201603000000550, 201602000000442, 1, 200, 0, '2016-08-27 17:48:26', '8THGRAVITY', 0, 0),
(201603000000551, 201602000000233, 1, 250, 0, '2016-08-27 17:53:40', 'GETGLAM', 0, 0),
(201603000000552, 201602000000248, 1, 199, 0, '2016-08-27 17:53:40', 'GETGLAM', 0, 0),
(201603000000553, 201602000000221, 1, 160, 0, '2016-08-27 17:55:15', 'GETGLAM', 0, 0),
(201603000000554, 201602000000211, 1, 99, 0, '2016-08-27 18:01:22', 'GETGLAM', 0, 0),
(201603000000555, 201602000000090, 1, 300, 0, '2016-08-27 18:25:16', '8THGRAVITY', 0, 0),
(201603000000556, 201602000000471, 1, 350, 0, '2016-08-27 18:25:16', '8THGRAVITY', 0, 0),
(201603000000557, 201602000000176, 1, 199, 0, '2016-08-27 18:25:16', 'STYLECREW', 0, 0),
(201603000000558, 201602000000425, 1, 250, 0, '2016-08-27 18:25:16', '8THGRAVITY', 0, 0),
(201603000000559, 201602000000089, 1, 450, 0, '2016-08-27 18:46:43', '8THGRAVITY', 0, 0),
(201603000000560, 201602000000012, 1, 450, 0, '2016-08-27 18:46:43', '27THFASHION', 0, 0),
(201603000000561, 201602000000460, 1, 300, 0, '2016-08-27 18:48:49', '8THGRAVITY', 0, 0),
(201603000000562, 201602000000490, 1, 240, 0, '2016-08-27 18:48:49', 'STYLECREW', 0, 0),
(201603000000563, 201602000000490, 1, 240, 0, '2016-08-27 19:11:10', 'STYLECREW', 0, 0),
(201603000000564, 201602000000082, 1, 199, 0, '2016-08-27 20:00:18', '8THGRAVITY', 0, 0),
(201603000000565, 201602000000041, 1, 250, 0, '2016-08-27 20:00:18', '8THGRAVITY', 0, 0),
(201603000000566, 201602000000047, 1, 150, 0, '2016-08-28 11:05:16', '8THGRAVITY', 0, 0),
(201603000000567, 201602000000045, 1, 220, 0, '2016-08-28 13:01:05', '8THGRAVITY', 0, 0);
INSERT INTO `pos_sales` (`sales_id`, `sales_item`, `sales_quantity`, `sales_total`, `sales_discount`, `sales_date`, `sales_supplier`, `sales_st`, `sales_status`) VALUES
(201603000000568, 201602000000500, 1, 199, 0, '2016-08-28 13:01:05', 'STYLECREW', 0, 0),
(201603000000569, 201602000000024, 1, 165, 0, '2016-08-28 13:01:05', '8THGRAVITY', 0, 0),
(201603000000570, 201602000000228, 1, 120, 0, '2016-08-28 13:15:07', 'GETGLAM', 0, 0),
(201603000000571, 201602000000228, 1, 120, 0, '2016-08-28 13:15:07', 'GETGLAM', 0, 0),
(201603000000572, 201602000000228, 1, 120, 0, '2016-08-28 13:15:07', 'GETGLAM', 0, 0),
(201603000000573, 201602000000228, 1, 120, 0, '2016-08-28 13:15:07', 'GETGLAM', 0, 0),
(201603000000574, 201602000000214, 1, 150, 0, '2016-08-28 13:15:07', 'GETGLAM', 0, 0),
(201603000000575, 201602000000422, 1, 280, 0, '2016-08-28 13:15:07', 'ZERO2TEN', 0, 0),
(201603000000576, 201602000000029, 1, 230, 0, '2016-08-28 14:39:16', '8THGRAVITY', 0, 0),
(201603000000577, 201602000000472, 1, 200, 0, '2016-08-28 15:06:55', '8THGRAVITY', 0, 0),
(201603000000578, 201602000000093, 1, 249, 0, '2016-08-28 15:18:21', '8THGRAVITY', 0, 0),
(201603000000579, 201602000000427, 1, 300, 0, '2016-08-28 15:18:46', '8THGRAVITY', 0, 0),
(201603000000580, 201602000000345, 1, 550, 0, '2016-08-28 15:19:07', 'SKULMATE', 0, 0),
(201603000000581, 201602000000045, 1, 220, 0, '2016-08-28 15:33:55', '8THGRAVITY', 0, 0),
(201603000000582, 201602000000263, 1, 280, 0, '2016-08-28 15:33:55', 'PURPLEROW', 0, 0),
(201603000000583, 201602000000037, 1, 170, 0, '2016-08-28 15:35:14', '8THGRAVITY', 0, 0),
(201603000000584, 201602000000037, 1, 170, 0, '2016-08-28 15:35:14', '8THGRAVITY', 0, 0),
(201603000000585, 201602000000466, 1, 250, 0, '2016-08-28 16:09:21', '8THGRAVITY', 0, 0),
(201603000000586, 201602000000079, 1, 175, 0, '2016-08-28 16:17:53', '8THGRAVITY', 0, 0),
(201603000000587, 201602000000484, 1, 180, 0, '2016-08-28 16:17:53', '8THGRAVITY', 0, 0),
(201603000000588, 201602000000079, 1, 175, 0, '2016-08-28 16:25:41', '8THGRAVITY', 0, 0),
(201603000000589, 201602000000103, 1, 300, 0, '2016-08-29 11:42:53', '8THGRAVITY', 0, 0),
(201603000000590, 201602000000044, 1, 200, 0, '2016-08-29 11:42:53', '8THGRAVITY', 0, 0),
(201603000000591, 201602000000044, 1, 200, 0, '2016-08-29 11:42:53', '8THGRAVITY', 0, 0),
(201603000000592, 201602000000427, 1, 300, 0, '2016-08-29 12:03:04', '8THGRAVITY', 0, 0),
(201603000000593, 201602000000515, 1, 320, 0, '2016-08-29 12:57:57', 'ZERO2TEN', 0, 0),
(201603000000594, 201602000000208, 1, 200, 0, '2016-08-29 12:57:57', 'TWELFTHDISTRICT', 0, 0),
(201603000000595, 201602000000422, 1, 280, 0, '2016-08-29 12:57:57', 'ZERO2TEN', 0, 0),
(201603000000596, 201602000000422, 1, 280, 0, '2016-08-29 12:57:57', 'ZERO2TEN', 0, 0),
(201603000000597, 201602000000230, 1, 160, 0, '2016-08-29 12:57:57', 'GETGLAM', 0, 0),
(201603000000598, 201602000000113, 1, 195, 0, '2016-08-29 13:32:17', '8THGRAVITY', 0, 0),
(201603000000599, 201602000000527, 1, 399, 0, '2016-08-29 15:45:39', 'PURPLEROW', 0, 0),
(201603000000600, 201602000000420, 1, 2300, 0, '2016-08-29 15:58:02', 'ZERO2TEN', 0, 0),
(201603000000601, 201602000000252, 1, 250, 0, '2016-08-29 16:13:32', 'GETGLAM', 0, 0),
(201603000000602, 201602000000092, 1, 380, 0, '2016-08-29 16:27:42', '8THGRAVITY', 0, 0),
(201603000000603, 201602000000458, 1, 250, 0, '2016-08-29 16:35:07', '8THGRAVITY', 0, 0),
(201603000000604, 201602000000500, 1, 199, 0, '2016-08-29 16:35:07', 'STYLECREW', 0, 0),
(201603000000605, 201602000000462, 1, 170, 0, '2016-08-29 16:50:51', '8THGRAVITY', 0, 0),
(201603000000606, 201602000000501, 1, 199, 0, '2016-08-29 17:46:16', 'STYLECREW', 0, 0),
(201603000000607, 201602000000086, 1, 250, 0, '2016-08-29 17:50:28', '8THGRAVITY', 0, 0),
(201603000000608, 201602000000076, 1, 60, 0, '2016-08-29 17:50:28', 'TWELFTHDISTRICT', 0, 0),
(201603000000609, 201602000000394, 1, 25, 0, '2016-08-29 17:50:28', 'SIMPLYFAB', 0, 0),
(201603000000610, 201602000000424, 1, 450, 0, '2016-08-29 18:20:53', '8THGRAVITY', 0, 0),
(201603000000611, 201602000000457, 1, 185, 0, '2016-08-29 18:20:53', '8THGRAVITY', 0, 0),
(201603000000612, 201602000000011, 1, 270, 0, '2016-08-29 18:21:34', '27THFASHION', 0, 0),
(201603000000613, 201602000000505, 1, 240, 0, '2016-08-29 18:33:51', 'STYLECREW', 0, 0),
(201603000000614, 201602000000023, 1, 170, 0, '2016-08-29 18:45:34', '8THGRAVITY', 0, 0),
(201603000000615, 201602000000550, 1, 400, 0, '2016-08-29 19:13:22', 'ZERO2TEN', 0, 0),
(201603000000616, 201602000000450, 1, 399, 0, '2016-08-29 19:13:22', '8THGRAVITY', 0, 0),
(201603000000617, 201602000000515, 1, 320, 0, '2016-08-29 19:27:38', 'ZERO2TEN', 0, 0),
(201603000000618, 201602000000500, 1, 199, 0, '2016-08-29 19:27:38', 'STYLECREW', 0, 0),
(201603000000619, 201602000000088, 1, 350, 0, '2016-08-29 19:32:10', '8THGRAVITY', 0, 0),
(201603000000620, 201602000000024, 1, 165, 17.5, '2016-08-29 19:51:12', '8THGRAVITY', 0, 0),
(201603000000621, 201602000000229, 1, 120, 0, '2016-08-29 20:19:19', 'GETGLAM', 0, 0),
(201603000000622, 201602000000289, 1, 180, 0, '2016-08-29 20:19:19', '27THFASHION', 0, 0),
(201603000000623, 201602000000046, 1, 99, 0, '2016-08-30 10:43:19', '8THGRAVITY', 0, 0),
(201603000000624, 201602000000428, 1, 300, 0, '2016-08-30 11:55:52', '8THGRAVITY', 0, 0),
(201603000000625, 201602000000540, 1, 220, 0, '2016-08-30 11:55:52', 'ZERO2TEN', 0, 0),
(201603000000626, 201602000000185, 1, 77, 0, '2016-08-30 11:55:52', 'UCOMPLETEME', 0, 0),
(201603000000627, 201602000000289, 1, 180, 0, '2016-08-30 12:27:42', '27THFASHION', 0, 0),
(201603000000628, 201602000000445, 1, 200, 0, '2016-08-30 13:07:31', '8THGRAVITY', 0, 0),
(201603000000629, 201602000000421, 1, 300, 0, '2016-08-30 14:28:53', 'ZERO2TEN', 0, 0),
(201603000000630, 201602000000521, 1, 2300, 0, '2016-08-30 14:38:07', 'ZERO2TEN', 0, 0),
(201603000000631, 201602000000231, 1, 180, 0, '2016-08-30 14:52:19', 'GETGLAM', 0, 0),
(201603000000632, 201602000000253, 1, 200, 0, '2016-08-30 14:52:19', 'GETGLAM', 0, 0),
(201603000000633, 201602000000187, 1, 88, 0, '2016-08-30 14:52:19', 'UCOMPLETEME', 0, 0),
(201603000000634, 201602000000425, 1, 250, 0, '2016-08-30 14:52:19', '8THGRAVITY', 0, 0),
(201603000000635, 201602000000425, 1, 250, 0, '2016-08-30 14:52:19', '8THGRAVITY', 0, 0),
(201603000000636, 201602000000515, 1, 320, 0, '2016-08-30 14:52:19', 'ZERO2TEN', 0, 0),
(201603000000637, 201602000000508, 1, 300, 50, '2016-08-30 14:54:56', 'ZERO2TEN', 0, 0),
(201603000000638, 201602000000510, 1, 320, 0, '2016-08-30 16:02:26', 'ZERO2TEN', 0, 0),
(201603000000639, 201602000000230, 1, 160, 0, '2016-08-30 16:21:13', 'GETGLAM', 0, 0),
(201603000000640, 201602000000225, 1, 250, 0, '2016-08-30 16:21:13', 'GETGLAM', 0, 0),
(201603000000641, 201602000000490, 1, 240, 0, '2016-08-30 16:41:02', 'STYLECREW', 0, 0),
(201603000000642, 201602000000187, 1, 88, 0, '2016-08-30 17:01:02', 'UCOMPLETEME', 0, 0),
(201603000000643, 201602000000185, 1, 77, 0, '2016-08-30 17:01:02', 'UCOMPLETEME', 0, 0),
(201603000000644, 201602000000385, 1, 20, 0, '2016-08-30 17:29:22', 'SIMPLYFAB', 0, 0),
(201603000000645, 201602000000393, 1, 40, 0, '2016-08-30 17:29:22', 'SIMPLYFAB', 0, 0),
(201603000000646, 201602000000218, 1, 150, 0, '2016-08-30 17:43:11', 'GETGLAM', 0, 0),
(201603000000647, 201602000000023, 1, 170, 0, '2016-08-30 18:18:21', '8THGRAVITY', 0, 0),
(201603000000648, 201602000000150, 1, 199, 0, '2016-08-30 19:11:12', '27THFASHION', 0, 0),
(201603000000649, 201602000000553, 1, 199, 0, '2016-08-30 19:56:17', 'STYLECREW', 0, 0),
(201603000000650, 201602000000070, 1, 125, 0, '2016-08-30 19:56:17', 'TWELFTHDISTRICT', 0, 0),
(201603000000651, 201602000000364, 1, 25, 0, '2016-08-30 20:19:07', 'SIMPLYFAB', 0, 0),
(201603000000652, 201602000000364, 1, 25, 0, '2016-08-30 20:19:07', 'SIMPLYFAB', 0, 0),
(201603000000653, 201602000000364, 1, 25, 0, '2016-08-30 20:19:07', 'SIMPLYFAB', 0, 0),
(201603000000654, 201602000000364, 1, 25, 0, '2016-08-30 20:19:07', 'SIMPLYFAB', 0, 0),
(201603000000655, 201602000000349, 1, 25, 0, '2016-08-30 20:19:07', 'SKULMATE', 0, 0),
(201603000000656, 201602000000545, 1, 650, 0, '2016-08-31 12:14:32', 'ZERO2TEN', 0, 0),
(201603000000657, 201602000000547, 1, 400, 0, '2016-08-31 12:14:32', 'ZERO2TEN', 0, 0),
(201603000000658, 201602000000061, 1, 250, 0, '2016-08-31 12:14:32', 'TWELFTHDISTRICT', 0, 0),
(201603000000659, 201602000000020, 1, 250, 0, '2016-08-31 12:15:52', '27THFASHION', 0, 0),
(201603000000660, 201602000000494, 1, 150, 0, '2016-08-31 12:49:43', 'STYLECREW', 0, 0),
(201603000000661, 201602000000186, 1, 125, 0, '2016-08-31 12:52:43', 'UCOMPLETEME', 0, 0),
(201603000000662, 201602000000186, 1, 125, 0, '2016-08-31 12:52:43', 'UCOMPLETEME', 0, 0),
(201603000000663, 201602000000442, 1, 200, 0, '2016-08-31 13:00:39', '8THGRAVITY', 0, 0),
(201603000000664, 201602000000186, 1, 125, 0, '2016-08-31 13:00:39', 'UCOMPLETEME', 0, 0),
(201603000000665, 201602000000218, 1, 150, 0, '2016-08-31 13:00:39', 'GETGLAM', 0, 0),
(201603000000666, 201602000000444, 1, 250, 0, '2016-08-31 14:27:08', '8THGRAVITY', 0, 0),
(201603000000667, 201602000000050, 1, 200, 0, '2016-08-31 14:41:58', 'TWELFTHDISTRICT', 0, 0),
(201603000000668, 201602000000540, 1, 220, 0, '2016-08-31 14:41:58', 'ZERO2TEN', 0, 0),
(201603000000669, 201602000000468, 1, 290, 0, '2016-08-31 14:41:58', '8THGRAVITY', 0, 0),
(201603000000670, 201602000000271, 1, 190, 0, '2016-08-31 16:27:04', 'TWELFTHDISTRICT', 0, 0),
(201603000000671, 201602000000229, 1, 120, 0, '2016-08-31 17:37:23', 'GETGLAM', 0, 0),
(201603000000672, 201602000000453, 1, 349, 0, '2016-08-31 17:57:05', '8THGRAVITY', 0, 0),
(201603000000673, 201602000000450, 1, 399, 0, '2016-08-31 18:58:09', '8THGRAVITY', 0, 0),
(201603000000674, 201602000000442, 1, 200, 0, '2016-08-31 18:58:09', '8THGRAVITY', 0, 0),
(201603000000675, 201602000000208, 1, 200, 0, '2016-08-31 19:07:28', 'TWELFTHDISTRICT', 0, 0),
(201603000000676, 201602000000185, 1, 77, 0, '2016-08-31 19:09:38', 'UCOMPLETEME', 0, 0),
(201603000000677, 201602000000185, 1, 77, 0, '2016-08-31 19:09:38', 'UCOMPLETEME', 0, 0),
(201603000000678, 201602000000125, 1, 399, 0, '2016-08-31 19:10:01', '8THGRAVITY', 0, 0),
(201603000000679, 201602000000029, 1, 230, 0, '2016-08-31 19:44:18', '8THGRAVITY', 0, 0),
(201603000000680, 201602000000460, 1, 300, 0, '2016-08-31 20:11:03', '8THGRAVITY', 0, 0),
(201603000000681, 201602000000270, 1, 150, 0, '2016-08-31 20:12:16', 'TWELFTHDISTRICT', 0, 0),
(201603000000682, 201602000000270, 1, 150, 0, '2016-08-31 20:12:16', 'TWELFTHDISTRICT', 0, 0),
(201603000000683, 201602000000265, 1, 350, 0, '2016-08-31 20:17:03', 'PURPLEROW', 0, 0),
(201603000000684, 201602000000422, 1, 280, 0, '2016-08-31 20:17:46', 'ZERO2TEN', 0, 0),
(201603000000685, 201602000000208, 1, 200, 0, '2016-09-01 11:32:27', 'TWELFTHDISTRICT', 0, 0),
(201603000000686, 201602000000561, 1, 150, 0, '2016-09-01 12:42:04', '8THGRAVITY', 0, 0),
(201603000000687, 201602000000425, 1, 250, 0, '2016-09-01 12:42:04', '8THGRAVITY', 0, 0),
(201603000000688, 201602000000464, 1, 170, 0, '2016-09-01 13:28:17', '8THGRAVITY', 0, 0),
(201603000000689, 201602000000089, 1, 450, 0, '2016-09-01 13:34:36', '8THGRAVITY', 0, 0),
(201603000000690, 201602000000566, 1, 230, 0, '2016-09-01 13:34:36', '8THGRAVITY', 0, 0),
(201603000000691, 201602000000092, 1, 380, 0, '2016-09-01 13:37:36', '8THGRAVITY', 0, 0),
(201603000000692, 201602000000424, 1, 450, 0, '2016-09-01 13:37:36', '8THGRAVITY', 0, 0),
(201603000000693, 201602000000389, 1, 35, 0, '2016-09-01 13:59:52', 'SIMPLYFAB', 0, 0),
(201603000000694, 201602000000064, 1, 150, 0, '2016-09-01 13:59:52', 'TWELFTHDISTRICT', 0, 0),
(201603000000695, 201602000000227, 1, 120, 0, '2016-09-01 14:33:54', 'GETGLAM', 0, 0),
(201603000000696, 201602000000187, 1, 88, 0, '2016-09-01 14:33:54', 'UCOMPLETEME', 0, 0),
(201603000000697, 201602000000442, 1, 200, 0, '2016-09-01 14:49:44', '8THGRAVITY', 0, 0),
(201603000000698, 201602000000557, 1, 198, 0, '2016-09-01 15:59:56', '8THGRAVITY', 0, 0),
(201603000000699, 201602000000552, 1, 250, 0, '2016-09-01 15:59:56', 'STYLECREW', 0, 0),
(201603000000700, 201602000000425, 1, 250, 0, '2016-09-01 15:59:56', '8THGRAVITY', 0, 0),
(201603000000701, 201602000000091, 1, 250, 0, '2016-09-01 15:59:56', '8THGRAVITY', 0, 0),
(201603000000702, 201602000000425, 1, 250, 0, '2016-09-01 15:59:56', '8THGRAVITY', 0, 0),
(201603000000703, 201602000000187, 1, 88, 0, '2016-09-01 15:59:56', 'UCOMPLETEME', 0, 0),
(201603000000704, 201602000000464, 1, 170, 0, '2016-09-01 16:02:21', '8THGRAVITY', 0, 0),
(201603000000705, 201602000000501, 1, 199, 0, '2016-09-01 16:07:24', 'STYLECREW', 0, 0),
(201603000000706, 201602000000488, 1, 199, 0, '2016-09-01 16:10:55', 'STYLECREW', 0, 0),
(201603000000707, 201602000000530, 1, 399, 0, '2016-09-01 16:10:55', 'PURPLEROW', 0, 0),
(201603000000708, 201602000000534, 1, 300, 0, '2016-09-01 16:32:39', 'ZERO2TEN', 0, 0),
(201603000000709, 201602000000046, 1, 99, 0, '2016-09-01 16:46:13', '8THGRAVITY', 0, 0),
(201603000000710, 201602000000090, 1, 300, 0, '2016-09-01 16:51:07', '8THGRAVITY', 0, 0),
(201603000000711, 201602000000196, 1, 250, 0, '2016-09-01 16:56:17', 'TWELFTHDISTRICT', 0, 0),
(201603000000712, 201602000000393, 1, 40, 0, '2016-09-01 17:23:01', 'SIMPLYFAB', 0, 0),
(201603000000713, 201602000000379, 1, 25, 0, '2016-09-01 17:23:01', 'SIMPLYFAB', 0, 0),
(201603000000714, 201602000000492, 1, 199, 0, '2016-09-01 17:23:01', 'STYLECREW', 0, 0),
(201603000000715, 201602000000567, 1, 199, 0, '2016-09-01 17:23:01', '8THGRAVITY', 0, 0),
(201603000000716, 201602000000453, 1, 349, 0, '2016-09-01 17:25:52', '8THGRAVITY', 0, 0),
(201603000000717, 201602000000444, 1, 250, 0, '2016-09-01 17:25:52', '8THGRAVITY', 0, 0),
(201603000000718, 201602000000361, 1, 200, 0, '2016-09-01 17:25:52', 'SKULMATE', 0, 0),
(201603000000719, 201602000000225, 1, 250, 0, '2016-09-01 17:27:01', 'GETGLAM', 0, 0),
(201603000000720, 201602000000253, 1, 200, 0, '2016-09-01 17:28:33', 'GETGLAM', 0, 0),
(201603000000721, 201602000000548, 1, 450, 0, '2016-09-01 17:42:47', 'ZERO2TEN', 0, 0),
(201603000000722, 201602000000541, 1, 450, 0, '2016-09-01 17:42:47', 'ZERO2TEN', 0, 0),
(201603000000723, 201602000000424, 1, 450, 0, '2016-09-01 17:45:44', '8THGRAVITY', 0, 0),
(201603000000724, 201602000000565, 1, 199, 0, '2016-09-01 17:45:44', '8THGRAVITY', 0, 0),
(201603000000725, 201602000000064, 1, 150, 0, '2016-09-01 17:55:18', 'TWELFTHDISTRICT', 0, 0),
(201603000000726, 201602000000523, 1, 300, 0, '2016-09-01 17:57:35', 'UCOMPLETEME', 0, 0),
(201603000000727, 201602000000021, 1, 250, 0, '2016-09-01 18:18:13', '27THFASHION', 0, 0),
(201603000000728, 201602000000046, 1, 99, 0, '2016-09-01 18:18:13', '8THGRAVITY', 0, 0),
(201603000000729, 201602000000457, 1, 185, 0, '2016-09-01 19:05:54', '8THGRAVITY', 0, 0),
(201603000000730, 201602000000173, 1, 150, 0, '2016-09-01 19:53:35', 'STYLECREW', 0, 0),
(201603000000731, 201602000000547, 1, 400, 0, '2016-09-01 19:53:35', 'ZERO2TEN', 0, 0),
(201603000000732, 201602000000045, 1, 220, 0, '2016-09-01 19:59:38', '8THGRAVITY', 0, 0),
(201603000000733, 201602000000553, 1, 199, 0, '2016-09-01 19:59:38', 'STYLECREW', 0, 0),
(201603000000734, 201602000000495, 1, 150, 0, '2016-09-01 19:59:38', 'STYLECREW', 0, 0),
(201603000000735, 201602000000559, 1, 250, 0, '2016-09-01 20:03:53', '8THGRAVITY', 0, 0),
(201603000000736, 201602000000253, 1, 200, 0, '2016-09-01 20:08:44', 'GETGLAM', 0, 0),
(201603000000737, 201602000000199, 1, 150, 0, '2016-09-01 20:15:18', 'TWELFTHDISTRICT', 0, 0),
(201603000000738, 201602000000036, 1, 185, 0, '2016-09-02 11:04:00', '8THGRAVITY', 0, 0),
(201603000000739, 201602000000359, 1, 65, 0, '2016-09-02 11:04:00', 'SKULMATE', 0, 0),
(201603000000740, 201602000000553, 1, 199, 0, '2016-09-02 11:05:03', 'STYLECREW', 0, 0),
(201603000000741, 201602000000106, 1, 299, 0, '2016-09-02 11:08:18', '8THGRAVITY', 0, 0),
(201603000000742, 201602000000424, 1, 450, 0, '2016-09-02 11:15:35', '8THGRAVITY', 0, 0),
(201603000000743, 201602000000090, 1, 300, 15, '2016-09-02 11:30:05', '8THGRAVITY', 0, 0),
(201603000000744, 201602000000541, 1, 450, 22, '2016-09-02 11:41:55', 'ZERO2TEN', 0, 0),
(201603000000745, 201602000000218, 1, 150, 0, '2016-09-02 12:51:33', 'GETGLAM', 0, 0),
(201603000000746, 201602000000218, 1, 150, 0, '2016-09-02 12:51:34', 'GETGLAM', 0, 1),
(201603000000747, 201602000000553, 1, 199, 0, '2016-09-02 13:37:36', 'STYLECREW', 0, 0),
(201603000000748, 201602000000061, 1, 250, 0, '2016-09-02 14:39:44', 'TWELFTHDISTRICT', 0, 0),
(201603000000749, 201602000000455, 1, 165, 0, '2016-09-02 15:01:05', '8THGRAVITY', 0, 0),
(201603000000750, 201602000000034, 1, 150, 0, '2016-09-02 15:01:05', '8THGRAVITY', 0, 0),
(201603000000751, 201602000000444, 1, 250, 0, '2016-09-02 15:01:05', '8THGRAVITY', 0, 0),
(201603000000752, 201602000000444, 1, 250, 0, '2016-09-02 15:04:09', '8THGRAVITY', 0, 0),
(201603000000753, 201602000000584, 1, 250, 0, '2016-09-02 15:04:09', '27THFASHION', 0, 0),
(201603000000754, 201602000000391, 1, 45, 0, '2016-09-02 15:42:53', 'SIMPLYFAB', 0, 0),
(201603000000755, 201602000000034, 1, 150, 0, '2016-09-02 16:01:19', '8THGRAVITY', 0, 0),
(201603000000756, 201602000000034, 1, 150, 0, '2016-09-02 16:01:19', '8THGRAVITY', 0, 0),
(201603000000757, 201602000000552, 1, 250, 0, '2016-09-02 16:46:12', 'STYLECREW', 0, 0),
(201603000000758, 201602000000528, 1, 299, 0, '2016-09-02 16:55:38', 'PURPLEROW', 0, 0),
(201603000000759, 201602000000186, 1, 125, 0, '2016-09-02 16:55:38', 'UCOMPLETEME', 0, 0),
(201603000000760, 201602000000186, 1, 125, 0, '2016-09-02 17:15:14', 'UCOMPLETEME', 0, 1),
(201603000000761, 201602000000288, 1, 180, 0, '2016-09-02 17:19:41', '27THFASHION', 0, 0),
(201603000000762, 201602000000523, 1, 300, 0, '2016-09-02 17:26:44', 'UCOMPLETEME', 0, 0),
(201603000000763, 201602000000572, 1, 250, 0, '2016-09-02 17:46:21', '8THGRAVITY', 0, 0),
(201603000000764, 201602000000559, 1, 250, 0, '2016-09-02 18:14:38', '8THGRAVITY', 0, 0),
(201603000000765, 201602000000208, 1, 200, 0, '2016-09-02 18:14:38', 'TWELFTHDISTRICT', 0, 0),
(201603000000766, 201602000000494, 1, 150, 0, '2016-09-02 18:14:38', 'STYLECREW', 0, 0),
(201603000000767, 201602000000389, 1, 35, 0, '2016-09-02 18:14:38', 'SIMPLYFAB', 0, 0),
(201603000000768, 201602000000281, 1, 199, 0, '2016-09-02 18:39:00', '27THFASHION', 0, 0),
(201603000000769, 201602000000105, 1, 450, 0, '2016-09-02 18:47:38', '8THGRAVITY', 0, 0),
(201603000000770, 201602000000491, 1, 150, 0, '2016-09-02 18:47:38', 'STYLECREW', 0, 0),
(201603000000771, 201602000000229, 1, 120, 0, '2016-09-02 18:48:27', 'GETGLAM', 0, 0),
(201603000000772, 201602000000444, 1, 250, 0, '2016-09-02 18:54:14', '8THGRAVITY', 0, 0),
(201603000000773, 201602000000200, 1, 150, 0, '2016-09-02 19:02:04', 'TWELFTHDISTRICT', 0, 0),
(201603000000774, 201602000000566, 1, 230, 0, '2016-09-02 19:02:04', '8THGRAVITY', 0, 0),
(201603000000775, 201602000000274, 1, 180, 0, '2016-09-02 19:02:04', 'TWELFTHDISTRICT', 0, 0),
(201603000000776, 201602000000200, 1, 150, 0, '2016-09-02 19:13:32', 'TWELFTHDISTRICT', 0, 0),
(201603000000777, 201602000000599, 1, 299, 0, '2016-09-02 19:17:04', '27THFASHION', 0, 0),
(201603000000778, 201602000000410, 1, 100, 0, '2016-09-02 19:23:37', 'TWELFTHDISTRICT', 0, 0),
(201603000000779, 201602000000410, 1, 100, 0, '2016-09-02 19:23:37', 'TWELFTHDISTRICT', 0, 0),
(201603000000780, 201602000000586, 1, 220, 0, '2016-09-02 19:33:16', '27THFASHION', 0, 0),
(201603000000781, 201602000000404, 1, 180, 0, '2016-09-02 19:33:16', 'TWELFTHDISTRICT', 0, 0),
(201603000000782, 201602000000055, 1, 100, 0, '2016-09-02 19:33:16', 'TWELFTHDISTRICT', 0, 0),
(201603000000783, 201602000000187, 1, 88, 0, '2016-09-02 19:47:52', 'UCOMPLETEME', 0, 0),
(201603000000784, 201602000000289, 1, 180, 0, '2016-09-02 20:05:53', '27THFASHION', 0, 0),
(201603000000785, 201602000000289, 1, 180, 0, '2016-09-02 20:06:16', '27THFASHION', 0, 0),
(201603000000786, 201602000000087, 1, 300, 0, '2016-09-02 20:06:51', '8THGRAVITY', 0, 0),
(201603000000787, 201602000000502, 1, 280, 0, '2016-09-02 20:08:15', 'STYLECREW', 0, 0),
(201603000000788, 201602000000527, 1, 399, 0, '2016-09-02 20:08:15', 'PURPLEROW', 0, 0),
(201603000000789, 201602000000545, 1, 650, 32.5, '2016-09-02 20:20:14', 'ZERO2TEN', 0, 0),
(201603000000790, 201602000000252, 1, 250, 12.5, '2016-09-02 20:20:14', 'GETGLAM', 0, 0),
(201603000000791, 201602000000025, 1, 280, 0, '2016-09-02 20:22:37', '8THGRAVITY', 0, 0),
(201603000000792, 201602000000572, 1, 250, 0, '2016-09-02 20:29:17', '8THGRAVITY', 0, 0),
(201603000000793, 201602000000572, 1, 250, 0, '2016-09-02 20:29:17', '8THGRAVITY', 0, 0),
(201603000000794, 201602000000137, 1, 230, 0, '2016-09-03 11:47:50', '8THGRAVITY', 0, 0),
(201603000000795, 201602000000229, 1, 120, 0, '2016-09-03 11:50:45', 'GETGLAM', 0, 0),
(201603000000796, 201602000000229, 1, 120, 0, '2016-09-03 11:50:45', 'GETGLAM', 0, 0),
(201603000000797, 201602000000570, 1, 185, 0, '2016-09-03 12:03:06', '8THGRAVITY', 0, 0),
(201603000000798, 201602000000011, 1, 270, 0, '2016-09-03 12:03:06', '27THFASHION', 0, 0),
(201603000000799, 201602000000422, 1, 280, 0, '2016-09-03 12:22:55', 'ZERO2TEN', 0, 0),
(201603000000800, 201602000000186, 1, 125, 0, '2016-09-03 12:28:19', 'UCOMPLETEME', 0, 0),
(201603000000801, 201602000000575, 1, 240, 0, '2016-09-03 13:18:56', '8THGRAVITY', 0, 0),
(201603000000802, 201602000000546, 1, 500, 0, '2016-09-03 13:18:56', 'ZERO2TEN', 0, 0),
(201603000000803, 201602000000110, 1, 350, 0, '2016-09-03 13:18:56', '8THGRAVITY', 0, 0),
(201603000000804, 201602000000227, 1, 120, 0, '2016-09-03 13:21:42', 'GETGLAM', 0, 0),
(201603000000805, 201602000000497, 1, 180, 0, '2016-09-03 14:13:46', 'STYLECREW', 0, 0),
(201603000000806, 201602000000135, 1, 230, 0, '2016-09-03 14:21:17', '8THGRAVITY', 0, 0),
(201603000000807, 201602000000405, 1, 150, 0, '2016-09-03 14:21:17', 'TWELFTHDISTRICT', 0, 0),
(201603000000808, 201602000000104, 1, 300, 0, '2016-09-03 14:26:40', '8THGRAVITY', 0, 0),
(201603000000809, 201602000000089, 1, 450, 0, '2016-09-03 14:59:57', '8THGRAVITY', 0, 0),
(201603000000810, 201602000000108, 1, 260, 0, '2016-09-03 14:59:57', '8THGRAVITY', 0, 0),
(201603000000811, 201602000000572, 1, 250, 0, '2016-09-03 15:03:24', '8THGRAVITY', 0, 0),
(201603000000812, 201602000000044, 1, 200, 0, '2016-09-03 15:03:24', '8THGRAVITY', 0, 0),
(201603000000813, 201602000000572, 1, 250, 0, '2016-09-03 15:03:24', '8THGRAVITY', 0, 0),
(201603000000814, 201602000000504, 1, 180, 0, '2016-09-03 15:10:54', 'STYLECREW', 0, 0),
(201603000000815, 201602000000261, 1, 299, 0, '2016-09-03 16:35:12', 'PURPLEROW', 0, 0),
(201603000000816, 201602000000577, 1, 220, 0, '2016-09-03 16:35:12', '8THGRAVITY', 0, 0),
(201603000000817, 201602000000016, 1, 200, 0, '2016-09-03 16:41:19', '27THFASHION', 0, 0),
(201603000000818, 201602000000218, 1, 150, 0, '2016-09-03 16:41:19', 'GETGLAM', 0, 0),
(201603000000819, 201602000000499, 1, 250, 0, '2016-09-03 16:45:45', 'STYLECREW', 0, 0),
(201603000000820, 201602000000252, 1, 250, 0, '2016-09-03 16:48:07', 'GETGLAM', 0, 0),
(201603000000821, 201602000000252, 1, 250, 0, '2016-09-03 16:48:07', 'GETGLAM', 0, 0),
(201603000000822, 201602000000590, 1, 350, 0, '2016-09-03 16:49:41', '27THFASHION', 0, 0),
(201603000000823, 201602000000463, 1, 270, 0, '2016-09-03 16:49:41', '8THGRAVITY', 0, 0),
(201603000000824, 201602000000186, 1, 125, 0, '2016-09-03 16:54:23', 'UCOMPLETEME', 0, 0),
(201603000000825, 201602000000186, 1, 125, 0, '2016-09-03 16:54:23', 'UCOMPLETEME', 0, 0),
(201603000000826, 201602000000187, 1, 88, 0, '2016-09-03 18:09:23', 'UCOMPLETEME', 0, 0),
(201603000000827, 201602000000546, 1, 500, 25, '2016-09-03 18:19:02', 'ZERO2TEN', 0, 0),
(201603000000828, 201602000000265, 1, 350, 17, '2016-09-03 18:19:02', 'PURPLEROW', 0, 0),
(201603000000829, 201602000000542, 1, 250, 0, '2016-09-03 18:25:49', 'ZERO2TEN', 0, 0),
(201603000000830, 201602000000229, 1, 120, 0, '2016-09-03 18:29:27', 'GETGLAM', 0, 0),
(201603000000831, 201602000000229, 1, 120, 0, '2016-09-03 18:29:27', 'GETGLAM', 0, 0),
(201603000000832, 201602000000212, 1, 35, 0, '2016-09-03 18:49:47', 'GETGLAM', 0, 0),
(201603000000833, 201602000000458, 1, 250, 0, '2016-09-03 18:53:01', '8THGRAVITY', 0, 0),
(201603000000834, 201602000000563, 1, 250, 0, '2016-09-03 18:53:01', '8THGRAVITY', 0, 0),
(201603000000835, 201602000000500, 1, 199, 0, '2016-09-03 18:56:18', 'STYLECREW', 0, 0),
(201603000000836, 201602000000212, 1, 35, 0, '2016-09-03 18:56:18', 'GETGLAM', 0, 0),
(201603000000837, 201602000000484, 1, 180, 0, '2016-09-03 18:59:24', '8THGRAVITY', 0, 0),
(201603000000838, 201602000000559, 1, 250, 0, '2016-09-03 18:59:24', '8THGRAVITY', 0, 0),
(201603000000839, 201602000000261, 1, 299, 0, '2016-09-03 19:01:15', 'PURPLEROW', 0, 0),
(201603000000840, 201602000000556, 1, 250, 0, '2016-09-03 19:59:45', '8THGRAVITY', 0, 0),
(201603000000841, 201602000000567, 1, 199, 0, '2016-09-03 20:02:04', '8THGRAVITY', 0, 0),
(201603000000842, 201602000000577, 1, 220, 0, '2016-09-03 20:02:04', '8THGRAVITY', 0, 0),
(201603000000843, 201602000000171, 1, 250, 0, '2016-09-03 20:09:15', 'STYLECREW', 0, 0),
(201603000000844, 201602000000429, 1, 250, 0, '2016-09-04 12:23:14', '8THGRAVITY', 0, 0),
(201603000000845, 201602000000079, 1, 175, 0, '2016-09-04 12:24:44', '8THGRAVITY', 0, 0),
(201603000000846, 201602000000079, 1, 175, 0, '2016-09-04 12:24:44', '8THGRAVITY', 0, 0),
(201603000000847, 201602000000557, 1, 198, 0, '2016-09-04 13:13:26', '8THGRAVITY', 0, 0),
(201603000000848, 201602000000525, 1, 350, 0, '2016-09-04 14:43:12', 'PURPLEROW', 0, 0),
(201603000000849, 201602000000568, 1, 245, 0, '2016-09-04 14:43:12', '8THGRAVITY', 0, 0),
(201603000000850, 201602000000552, 1, 250, 0, '2016-09-04 14:43:12', 'STYLECREW', 0, 0),
(201603000000851, 201602000000552, 1, 250, 0, '2016-09-04 14:43:12', 'STYLECREW', 0, 0),
(201603000000852, 201602000000606, 1, 475, 0, '2016-09-04 14:43:12', '27THFASHION', 0, 0),
(201603000000853, 201602000000174, 1, 150, 0, '2016-09-04 14:43:12', 'STYLECREW', 0, 0),
(201603000000854, 201602000000174, 1, 150, 0, '2016-09-04 14:43:12', 'STYLECREW', 0, 1),
(201603000000855, 201602000000016, 1, 200, 0, '2016-09-04 14:59:22', '27THFASHION', 0, 0),
(201603000000856, 201602000000564, 1, 260, 0, '2016-09-04 14:59:22', '8THGRAVITY', 0, 0),
(201603000000857, 201602000000662, 1, 150, 0, '2016-09-04 14:59:22', 'TWELFTHDISTRICT', 0, 0),
(201603000000858, 201602000000525, 1, 350, 0, '2016-09-04 15:02:29', 'PURPLEROW', 0, 0),
(201603000000859, 201602000000424, 1, 450, 90, '2016-09-04 15:59:09', '8THGRAVITY', 0, 0),
(201603000000860, 201602000000490, 1, 240, 50, '2016-09-04 15:59:33', 'STYLECREW', 0, 0),
(201603000000861, 201602000000490, 1, 240, 50, '2016-09-04 15:59:33', 'STYLECREW', 0, 0),
(201603000000862, 201602000000229, 1, 120, 0, '2016-09-05 12:49:28', 'GETGLAM', 0, 0),
(201603000000863, 201602000000229, 1, 120, 0, '2016-09-05 12:49:28', 'GETGLAM', 0, 0),
(201603000000864, 201602000000225, 1, 250, 0, '2016-09-05 12:49:28', 'GETGLAM', 0, 0),
(201603000000865, 201602000000035, 1, 200, 0, '2016-09-05 12:49:28', '8THGRAVITY', 0, 0),
(201603000000866, 201602000000493, 1, 150, 0, '2016-09-05 13:25:18', 'STYLECREW', 0, 0),
(201603000000867, 201602000000576, 1, 210, 0, '2016-09-05 13:25:18', '8THGRAVITY', 0, 0),
(201603000000868, 201602000000644, 1, 380, 0, '2016-09-05 14:04:15', '8THGRAVITY', 0, 0),
(201603000000869, 201602000000556, 1, 250, 0, '2016-09-05 14:04:15', '8THGRAVITY', 0, 0),
(201603000000870, 201602000000599, 1, 299, 0, '2016-09-05 14:58:21', '27THFASHION', 0, 0),
(201603000000871, 201602000000567, 1, 199, 0, '2016-09-05 15:35:35', '8THGRAVITY', 0, 0),
(201603000000872, 201602000000463, 1, 270, 0, '2016-09-05 15:35:35', '8THGRAVITY', 0, 0),
(201603000000873, 201602000000455, 1, 165, 0, '2016-09-05 15:35:35', '8THGRAVITY', 0, 0),
(201603000000874, 201602000000567, 1, 199, 0, '2016-09-05 15:35:35', '8THGRAVITY', 0, 0),
(201603000000875, 201602000000463, 1, 270, 0, '2016-09-05 15:35:35', '8THGRAVITY', 0, 0),
(201603000000876, 201602000000455, 1, 165, 0, '2016-09-05 15:35:35', '8THGRAVITY', 0, 0),
(201603000000877, 201602000000623, 1, 360, 0, '2016-09-05 15:37:34', 'LIZPICKS', 0, 0),
(201603000000878, 201602000000186, 1, 125, 0, '2016-09-05 15:45:37', 'UCOMPLETEME', 0, 0),
(201603000000879, 201602000000577, 1, 220, 0, '2016-09-05 16:03:40', '8THGRAVITY', 0, 0),
(201603000000880, 201602000000140, 1, 200, 0, '2016-09-05 16:30:11', '27THFASHION', 0, 0),
(201603000000881, 201602000000242, 1, 170, 0, '2016-09-05 16:30:11', 'GETGLAM', 0, 0),
(201603000000882, 201602000000406, 1, 240, 0, '2016-09-05 17:03:05', 'TWELFTHDISTRICT', 0, 0),
(201603000000883, 201602000000556, 1, 250, 0, '2016-09-05 17:52:10', '8THGRAVITY', 0, 0),
(201603000000884, 201602000000093, 1, 249, 0, '2016-09-05 17:52:10', '8THGRAVITY', 0, 0),
(201603000000885, 201602000000187, 1, 88, 0, '2016-09-05 18:07:41', 'UCOMPLETEME', 0, 0),
(201603000000886, 201602000000187, 1, 88, 0, '2016-09-05 18:07:41', 'UCOMPLETEME', 0, 0),
(201603000000887, 201602000000457, 1, 185, 0, '2016-09-05 18:19:21', '8THGRAVITY', 0, 0),
(201603000000888, 201602000000221, 1, 160, 0, '2016-09-05 18:19:21', 'GETGLAM', 0, 0),
(201603000000889, 201602000000228, 1, 120, 0, '2016-09-05 19:09:45', 'GETGLAM', 0, 0),
(201603000000890, 201602000000261, 1, 299, 0, '2016-09-05 19:53:03', 'PURPLEROW', 0, 0),
(201603000000891, 201602000000349, 1, 25, 0, '2016-09-05 19:53:03', 'SKULMATE', 0, 0),
(201603000000892, 201602000000349, 1, 25, 0, '2016-09-05 19:53:03', 'SKULMATE', 0, 0),
(201603000000893, 201602000000464, 1, 170, 0, '2016-09-06 11:24:13', '8THGRAVITY', 0, 0),
(201603000000894, 201602000000186, 1, 125, 0, '2016-09-06 11:24:13', 'UCOMPLETEME', 0, 0),
(201603000000895, 201602000000457, 1, 185, 0, '2016-09-06 11:26:25', '8THGRAVITY', 0, 0),
(201603000000896, 201602000000521, 1, 2300, 115, '2016-09-06 14:00:41', 'ZERO2TEN', 0, 0),
(201603000000897, 201602000000089, 1, 450, 0, '2016-09-06 17:10:59', '8THGRAVITY', 0, 0),
(201603000000898, 201602000000088, 1, 350, 0, '2016-09-06 17:26:12', '8THGRAVITY', 0, 0),
(201603000000899, 201602000000562, 1, 250, 0, '2016-09-06 17:42:02', '8THGRAVITY', 0, 0),
(201603000000900, 201602000000452, 1, 300, 15, '2016-09-06 17:42:02', '8THGRAVITY', 0, 0),
(201603000000901, 201602000000103, 1, 300, 0, '2016-09-06 19:07:20', '8THGRAVITY', 0, 0),
(201603000000902, 201602000000457, 1, 185, 0, '2016-09-06 19:08:21', '8THGRAVITY', 0, 0),
(201603000000903, 201602000000502, 1, 280, 0, '2016-09-06 19:12:38', 'STYLECREW', 0, 0),
(201603000000904, 201602000000568, 1, 245, 0, '2016-09-06 19:12:38', '8THGRAVITY', 0, 0),
(201603000000905, 201602000000502, 1, 280, 0, '2016-09-06 19:15:11', 'STYLECREW', 0, 0),
(201603000000906, 201602000000567, 1, 199, 0, '2016-09-06 19:15:11', '8THGRAVITY', 0, 0),
(201603000000907, 201602000000103, 1, 300, 0, '2016-09-06 19:16:26', '8THGRAVITY', 0, 0),
(201603000000908, 201602000000228, 1, 120, 0, '2016-09-06 19:16:26', 'GETGLAM', 0, 0),
(201603000000909, 201602000000165, 1, 199, 0, '2016-09-06 19:38:26', 'STYLECREW', 0, 0),
(201603000000910, 201602000000541, 1, 450, 0, '2016-09-06 19:40:45', 'ZERO2TEN', 0, 0),
(201603000000911, 201602000000568, 1, 245, 0, '2016-09-06 19:45:18', '8THGRAVITY', 0, 0),
(201603000000912, 201602000000462, 1, 170, 0, '2016-09-06 19:45:18', '8THGRAVITY', 0, 0),
(201603000000913, 201602000000496, 1, 199, 0, '2016-09-06 19:45:18', 'STYLECREW', 0, 0),
(201603000000914, 201602000000044, 1, 200, 0, '2016-09-06 19:47:41', '8THGRAVITY', 0, 0),
(201603000000915, 201602000000252, 1, 250, 0, '2016-09-06 20:25:21', 'GETGLAM', 0, 0),
(201603000000916, 201602000000248, 1, 199, 0, '2016-09-06 20:25:21', 'GETGLAM', 0, 0),
(201603000000917, 201602000000370, 1, 150, 0, '2016-09-06 20:25:21', 'SIMPLYFAB', 0, 0),
(201603000000918, 201602000000185, 1, 77, 0, '2016-09-06 20:25:21', 'UCOMPLETEME', 0, 0),
(201603000000919, 201602000000047, 1, 150, 0, '2016-09-06 20:25:55', '8THGRAVITY', 0, 0),
(201603000000920, 201602000000395, 1, 25, 0, '2016-09-06 20:39:13', 'SIMPLYFAB', 0, 0),
(201603000000921, 201602000000572, 1, 250, 0, '2016-09-06 20:40:42', '8THGRAVITY', 0, 0),
(201603000000922, 201602000000444, 1, 250, 0, '2016-09-07 11:49:29', '8THGRAVITY', 0, 0),
(201603000000923, 201602000000051, 1, 150, 0, '2016-09-07 11:49:29', 'TWELFTHDISTRICT', 0, 0),
(201603000000924, 201602000000444, 1, 250, 0, '2016-09-07 11:49:29', '8THGRAVITY', 0, 0),
(201603000000925, 201602000000141, 1, 250, 0, '2016-09-07 11:49:29', '27THFASHION', 0, 0),
(201603000000926, 201602000000141, 1, 250, 0, '2016-09-07 11:49:29', '27THFASHION', 0, 0),
(201603000000927, 201602000000593, 1, 550, 0, '2016-09-07 11:49:29', '27THFASHION', 0, 0),
(201603000000928, 201602000000591, 1, 250, 0, '2016-09-07 11:49:29', '27THFASHION', 0, 0),
(201603000000929, 201602000000594, 1, 580, 0, '2016-09-07 11:49:29', '27THFASHION', 0, 0),
(201603000000930, 201602000000594, 1, 580, 0, '2016-09-07 11:49:29', '27THFASHION', 0, 0),
(201603000000931, 201602000000594, 1, 580, 0, '2016-09-07 11:49:29', '27THFASHION', 0, 0),
(201603000000932, 201602000000186, 1, 125, 0, '2016-09-07 11:49:29', 'UCOMPLETEME', 0, 0),
(201603000000933, 201602000000186, 1, 125, 0, '2016-09-07 11:49:29', 'UCOMPLETEME', 0, 0),
(201603000000934, 201602000000186, 1, 125, 0, '2016-09-07 11:49:29', 'UCOMPLETEME', 0, 0),
(201603000000935, 201602000000188, 1, 250, 0, '2016-09-07 11:49:29', 'UCOMPLETEME', 0, 0),
(201603000000936, 201602000000188, 1, 250, 0, '2016-09-07 11:49:29', 'UCOMPLETEME', 0, 0),
(201603000000937, 201602000000596, 1, 180, 0, '2016-09-07 11:49:29', '27THFASHION', 0, 0),
(201603000000938, 201602000000588, 1, 275, 0, '2016-09-07 11:49:29', '27THFASHION', 0, 0),
(201603000000939, 201602000000604, 1, 120, 0, '2016-09-07 11:49:29', '27THFASHION', 0, 0),
(201603000000940, 201602000000604, 1, 120, 0, '2016-09-07 11:49:29', '27THFASHION', 0, 0),
(201603000000941, 201602000000562, 1, 250, 0, '2016-09-07 12:57:55', '8THGRAVITY', 0, 0),
(201603000000942, 201602000000648, 1, 249, 0, '2016-09-07 12:57:55', '8THGRAVITY', 0, 0),
(201603000000943, 201602000000202, 1, 150, 0, '2016-09-07 12:57:55', 'TWELFTHDISTRICT', 0, 0),
(201603000000944, 201602000000500, 1, 199, 0, '2016-09-07 12:59:57', 'STYLECREW', 0, 0),
(201603000000945, 201602000000211, 1, 99, 0, '2016-09-07 13:04:53', 'GETGLAM', 0, 0),
(201603000000946, 201602000000394, 1, 25, 0, '2016-09-07 15:10:04', 'SIMPLYFAB', 0, 0),
(201603000000947, 201602000000090, 1, 300, 0, '2016-09-07 15:56:35', '8THGRAVITY', 0, 0),
(201603000000948, 201602000000519, 1, 450, 0, '2016-09-07 16:02:20', 'ZERO2TEN', 0, 0),
(201603000000949, 201602000000526, 1, 299, 0, '2016-09-07 16:03:27', 'PURPLEROW', 0, 0),
(201603000000950, 201602000000563, 1, 250, 0, '2016-09-07 16:09:27', '8THGRAVITY', 0, 0),
(201603000000951, 201602000000500, 1, 199, 0, '2016-09-07 16:09:27', 'STYLECREW', 0, 0),
(201603000000952, 201602000000176, 1, 199, 0, '2016-09-07 16:09:27', 'STYLECREW', 0, 0),
(201603000000953, 201602000000078, 1, 220, 0, '2016-09-07 16:36:18', '8THGRAVITY', 0, 0),
(201603000000954, 201602000000460, 1, 300, 0, '2016-09-07 17:08:44', '8THGRAVITY', 0, 0),
(201603000000955, 201602000000463, 1, 270, 0, '2016-09-07 17:20:43', '8THGRAVITY', 0, 0),
(201603000000956, 201602000000627, 1, 250, 0, '2016-09-07 17:20:43', 'LIZPICKS', 0, 0),
(201603000000957, 201602000000484, 1, 180, 0, '2016-09-07 17:20:43', '8THGRAVITY', 0, 0),
(201603000000958, 201602000000521, 1, 2300, 0, '2016-09-07 18:00:12', 'ZERO2TEN', 0, 0),
(201603000000959, 201602000000683, 1, 370, 0, '2016-09-07 18:56:43', 'LIZPICKS', 0, 0),
(201603000000960, 201602000000164, 1, 250, 0, '2016-09-07 19:22:03', 'STYLECREW', 0, 0),
(201603000000961, 201602000000218, 1, 150, 0, '2016-09-07 19:32:36', 'GETGLAM', 0, 0),
(201603000000962, 201602000000264, 1, 350, 0, '2016-09-07 19:53:06', 'PURPLEROW', 0, 0),
(201603000000963, 201602000000265, 1, 350, 0, '2016-09-07 19:53:06', 'PURPLEROW', 0, 0),
(201603000000964, 201602000000091, 1, 250, 0, '2016-09-07 19:53:06', '8THGRAVITY', 0, 0),
(201603000000965, 201602000000227, 1, 120, 0, '2016-09-08 12:29:42', 'GETGLAM', 0, 0),
(201603000000966, 201602000000227, 1, 120, 0, '2016-09-08 12:29:42', 'GETGLAM', 0, 0),
(201603000000967, 201602000000227, 1, 120, 0, '2016-09-08 12:29:42', 'GETGLAM', 0, 0),
(201603000000968, 201602000000227, 1, 120, 0, '2016-09-08 12:29:42', 'GETGLAM', 0, 0),
(201603000000969, 201602000000227, 1, 120, 0, '2016-09-08 12:29:42', 'GETGLAM', 0, 0),
(201603000000970, 201602000000227, 1, 120, 0, '2016-09-08 12:29:42', 'GETGLAM', 0, 0),
(201603000000971, 201602000000227, 1, 120, 0, '2016-09-08 12:29:42', 'GETGLAM', 0, 0),
(201603000000972, 201602000000227, 1, 120, 0, '2016-09-08 12:29:42', 'GETGLAM', 0, 0),
(201603000000973, 201602000000227, 1, 120, 0, '2016-09-08 12:29:42', 'GETGLAM', 0, 0),
(201603000000974, 201602000000076, 1, 60, 0, '2016-09-08 12:31:58', 'TWELFTHDISTRICT', 0, 0),
(201603000000975, 201602000000028, 1, 200, 0, '2016-09-08 12:31:58', '8THGRAVITY', 0, 0),
(201603000000976, 201602000000484, 1, 180, 0, '2016-09-08 12:51:03', '8THGRAVITY', 0, 0),
(201603000000977, 201602000000036, 1, 185, 0, '2016-09-08 12:51:03', '8THGRAVITY', 0, 0),
(201603000000978, 201602000000487, 1, 250, 0, '2016-09-08 14:27:54', 'STYLECREW', 0, 0),
(201603000000979, 201602000000646, 1, 499, 0, '2016-09-08 14:39:45', '8THGRAVITY', 0, 0),
(201603000000980, 201602000000044, 1, 200, 0, '2016-09-08 14:43:15', '8THGRAVITY', 0, 0),
(201603000000981, 201602000000020, 1, 250, 0, '2016-09-08 15:01:09', '27THFASHION', 0, 0),
(201603000000982, 201602000000038, 1, 150, 0, '2016-09-08 15:01:09', '8THGRAVITY', 0, 0),
(201603000000983, 201602000000632, 1, 250, 0, '2016-09-08 15:09:08', 'LIZPICKS', 0, 0),
(201603000000984, 201602000000212, 1, 35, 0, '2016-09-08 15:18:05', 'GETGLAM', 0, 0),
(201603000000985, 201602000000266, 1, 360, 0, '2016-09-08 15:25:45', 'PURPLEROW', 0, 0),
(201603000000986, 201602000000485, 1, 349, 0, '2016-09-08 15:25:45', '8THGRAVITY', 0, 0),
(201603000000987, 201602000000394, 1, 25, 0, '2016-09-08 15:49:51', 'SIMPLYFAB', 0, 0),
(201603000000988, 201602000000295, 1, 50, 0, '2016-09-08 15:50:25', '27THFASHION', 0, 0),
(201603000000989, 201602000000500, 1, 199, 0, '2016-09-08 16:00:17', 'STYLECREW', 0, 0),
(201603000000990, 201602000000644, 1, 380, 0, '2016-09-08 16:42:33', '8THGRAVITY', 0, 0),
(201603000000991, 201602000000453, 1, 349, 0, '2016-09-08 16:42:33', '8THGRAVITY', 0, 0),
(201603000000992, 201602000000404, 1, 180, 0, '2016-09-08 17:32:07', 'TWELFTHDISTRICT', 0, 0),
(201603000000993, 201602000000571, 1, 245, 0, '2016-09-08 17:32:07', '8THGRAVITY', 0, 0),
(201603000000994, 201602000000455, 1, 165, 0, '2016-09-08 17:32:07', '8THGRAVITY', 0, 0),
(201603000000995, 201602000000055, 1, 100, 0, '2016-09-08 17:32:07', 'TWELFTHDISTRICT', 0, 0),
(201603000000996, 201602000000689, 1, 250, 0, '2016-09-08 18:11:19', 'STYLECREW', 0, 0),
(201603000000997, 201602000000261, 1, 299, 0, '2016-09-08 18:12:57', 'PURPLEROW', 0, 0),
(201603000000998, 201602000000013, 1, 499, 0, '2016-09-08 18:14:38', '27THFASHION', 0, 0),
(201603000000999, 201602000000567, 1, 199, 0, '2016-09-08 18:54:09', '8THGRAVITY', 0, 0),
(201603000001000, 201602000000091, 1, 250, 0, '2016-09-08 18:54:09', '8THGRAVITY', 0, 0),
(201603000001001, 201602000000564, 1, 260, 0, '2016-09-08 18:55:55', '8THGRAVITY', 0, 0),
(201603000001002, 201602000000577, 1, 220, 0, '2016-09-08 18:58:28', '8THGRAVITY', 0, 0),
(201603000001003, 201602000000568, 1, 245, 0, '2016-09-08 18:58:28', '8THGRAVITY', 0, 0),
(201603000001004, 201602000000456, 1, 165, 0, '2016-09-08 18:58:28', '8THGRAVITY', 0, 0),
(201603000001005, 201602000000640, 1, 250, 0, '2016-09-08 18:58:28', '8THGRAVITY', 0, 0),
(201603000001006, 201602000000484, 1, 180, 0, '2016-09-08 18:58:28', '8THGRAVITY', 0, 0),
(201603000001007, 201602000000484, 1, 180, 0, '2016-09-08 18:58:28', '8THGRAVITY', 0, 0),
(201603000001008, 201602000000200, 1, 150, 0, '2016-09-08 19:49:33', 'TWELFTHDISTRICT', 0, 0),
(201603000001009, 201602000000627, 1, 250, 0, '2016-09-08 19:51:16', 'LIZPICKS', 0, 0),
(201603000001010, 201602000000187, 1, 88, 0, '2016-09-08 19:51:16', 'UCOMPLETEME', 0, 0),
(201603000001011, 201602000000694, 1, 160, 50, '2016-09-08 20:17:10', 'STYLECREW', 0, 0),
(201603000001012, 201602000000692, 1, 150, 50, '2016-09-08 20:17:10', 'STYLECREW', 0, 0),
(201603000001013, 201602000000082, 1, 199, 0, '2016-09-09 11:15:00', '8THGRAVITY', 0, 0),
(201603000001014, 201602000000458, 1, 250, 0, '2016-09-09 11:35:47', '8THGRAVITY', 0, 0),
(201603000001015, 201602000000601, 1, 350, 0, '2016-09-09 11:35:47', '27THFASHION', 0, 0),
(201603000001016, 201602000000201, 1, 190, 9, '2016-09-09 11:41:49', 'TWELFTHDISTRICT', 0, 0),
(201603000001017, 201602000000270, 1, 150, 0, '2016-09-09 11:41:49', 'TWELFTHDISTRICT', 0, 0),
(201603000001018, 201602000000490, 1, 240, 0, '2016-09-09 11:43:33', 'STYLECREW', 0, 0),
(201603000001019, 201602000000182, 1, 150, 0, '2016-09-09 11:50:27', 'STYLECREW', 0, 0),
(201603000001020, 201602000000558, 1, 175, 0, '2016-09-09 11:54:21', '8THGRAVITY', 0, 0),
(201603000001021, 201602000000212, 1, 35, 0, '2016-09-09 12:44:23', 'GETGLAM', 0, 0),
(201603000001022, 201602000000105, 1, 450, 22.5, '2016-09-09 14:06:55', '8THGRAVITY', 0, 0),
(201603000001023, 201602000000211, 1, 99, 0, '2016-09-09 14:09:17', 'GETGLAM', 0, 0),
(201603000001024, 201602000000261, 1, 299, 0, '2016-09-09 15:29:27', 'PURPLEROW', 0, 1),
(201603000001025, 201602000000261, 1, 299, 0, '2016-09-09 15:29:33', 'PURPLEROW', 0, 0),
(201603000001026, 201602000000261, 1, 299, 0, '2016-09-09 15:30:26', 'PURPLEROW', 0, 1),
(201603000001027, 201602000000090, 1, 300, 0, '2016-09-09 15:30:26', '8THGRAVITY', 0, 0),
(201603000001028, 201602000000262, 1, 250, 0, '2016-09-09 16:03:44', 'PURPLEROW', 0, 0),
(201603000001029, 201602000000498, 1, 199, 0, '2016-09-09 16:22:03', 'STYLECREW', 0, 0),
(201603000001030, 201602000000185, 1, 77, 0, '2016-09-09 16:22:03', 'UCOMPLETEME', 0, 0),
(201603000001031, 201602000000578, 1, 485, 0, '2016-09-09 17:09:12', '8THGRAVITY', 0, 0),
(201603000001032, 201602000000030, 1, 165, 0, '2016-09-09 17:10:37', '8THGRAVITY', 0, 0),
(201603000001033, 201602000000671, 1, 490, 0, '2016-09-09 17:12:36', 'ZERO2TEN', 0, 0),
(201603000001034, 201602000000561, 1, 150, 0, '2016-09-09 17:39:23', '8THGRAVITY', 0, 0),
(201603000001035, 201602000000457, 1, 185, 0, '2016-09-09 17:39:23', '8THGRAVITY', 0, 0),
(201603000001036, 201602000000187, 1, 88, 0, '2016-09-09 17:52:02', 'UCOMPLETEME', 0, 0),
(201603000001037, 201602000000395, 1, 25, 0, '2016-09-09 17:52:02', 'SIMPLYFAB', 0, 0),
(201603000001038, 201602000000513, 1, 650, 0, '2016-09-09 18:29:54', 'ZERO2TEN', 0, 0),
(201603000001039, 201602000000061, 1, 250, 0, '2016-09-09 18:34:57', 'TWELFTHDISTRICT', 0, 0),
(201603000001040, 201602000000410, 1, 100, 0, '2016-09-09 18:34:57', 'TWELFTHDISTRICT', 0, 0),
(201603000001041, 201602000000131, 1, 199, 0, '2016-09-09 18:48:56', '8THGRAVITY', 0, 0),
(201603000001042, 201602000000242, 1, 170, 0, '2016-09-09 18:48:56', 'GETGLAM', 0, 0),
(201603000001043, 201602000000229, 1, 120, 0, '2016-09-09 18:48:56', 'GETGLAM', 0, 0),
(201603000001044, 201602000000228, 1, 120, 0, '2016-09-09 18:48:56', 'GETGLAM', 0, 0),
(201603000001045, 201602000000441, 1, 450, 0, '2016-09-09 18:48:56', '8THGRAVITY', 0, 0),
(201603000001046, 201602000000427, 1, 300, 0, '2016-09-09 18:48:56', '8THGRAVITY', 0, 0),
(201603000001047, 201602000000556, 1, 250, 0, '2016-09-09 18:48:56', '8THGRAVITY', 0, 0),
(201603000001048, 201602000000127, 1, 385, 0, '2016-09-09 18:48:56', '8THGRAVITY', 0, 0),
(201603000001049, 201602000000569, 1, 185, 0, '2016-09-09 18:55:45', '8THGRAVITY', 0, 0),
(201603000001050, 201602000000678, 1, 250, 0, '2016-09-09 19:51:35', 'LIZPICKS', 0, 0),
(201603000001051, 201602000000622, 1, 300, 0, '2016-09-09 19:51:35', 'LIZPICKS', 0, 0),
(201603000001052, 201602000000030, 1, 165, 0, '2016-09-09 19:51:35', '8THGRAVITY', 0, 0),
(201603000001053, 201602000000091, 1, 250, 12.5, '2016-09-09 19:51:35', '8THGRAVITY', 0, 0),
(201603000001054, 201602000000045, 1, 220, 11, '2016-09-09 19:51:35', '8THGRAVITY', 0, 0),
(201603000001055, 201602000000444, 1, 250, 12.5, '2016-09-09 19:51:35', '8THGRAVITY', 0, 0),
(201603000001056, 201602000000563, 1, 250, 12.5, '2016-09-09 19:51:35', '8THGRAVITY', 0, 0),
(201603000001057, 201602000000567, 1, 199, 10, '2016-09-09 19:51:35', '8THGRAVITY', 0, 0),
(201603000001058, 201602000000262, 1, 250, 0, '2016-09-09 19:51:35', 'PURPLEROW', 0, 0),
(201603000001059, 201602000000523, 1, 300, 0, '2016-09-09 19:51:35', 'UCOMPLETEME', 0, 0),
(201603000001060, 201602000000218, 1, 150, 0, '2016-09-09 19:52:40', 'GETGLAM', 0, 0),
(201603000001061, 201602000000103, 1, 300, 0, '2016-09-09 19:52:40', '8THGRAVITY', 0, 0),
(201603000001062, 201602000000180, 1, 249, 0, '2016-09-09 19:52:40', 'STYLECREW', 0, 0),
(201603000001063, 201602000000207, 1, 250, 0, '2016-09-09 19:59:14', 'TWELFTHDISTRICT', 0, 0),
(201603000001064, 201602000000227, 1, 120, 0, '2016-09-09 20:04:34', 'GETGLAM', 0, 0),
(201603000001065, 201602000000228, 1, 120, 0, '2016-09-09 20:04:34', 'GETGLAM', 0, 0),
(201603000001066, 201602000000229, 1, 120, 0, '2016-09-09 20:06:06', 'GETGLAM', 0, 0),
(201603000001067, 201602000000503, 1, 250, 0, '2016-09-09 20:11:44', 'STYLECREW', 0, 0),
(201603000001068, 201602000000444, 1, 250, 0, '2016-09-09 20:20:35', '8THGRAVITY', 0, 0),
(201603000001069, 201602000000596, 1, 180, 0, '2016-09-09 20:20:35', '27THFASHION', 0, 0),
(201603000001070, 201602000000016, 1, 200, 0, '2016-09-09 20:20:35', '27THFASHION', 0, 0),
(201603000001071, 201602000000016, 1, 200, 0, '2016-09-09 20:20:35', '27THFASHION', 0, 0),
(201603000001072, 201602000000390, 1, 35, 0, '2016-09-09 20:20:35', 'SIMPLYFAB', 0, 0),
(201603000001073, 201602000000687, 1, 199, 0, '2016-09-10 10:56:25', 'STYLECREW', 0, 0),
(201603000001074, 201602000000601, 1, 350, 0, '2016-09-10 10:56:25', '27THFASHION', 0, 0),
(201603000001075, 201602000000493, 1, 150, 0, '2016-09-10 10:56:25', 'STYLECREW', 0, 0),
(201603000001076, 201602000000639, 1, 220, 0, '2016-09-10 11:20:15', '8THGRAVITY', 0, 0),
(201603000001077, 201602000000185, 1, 77, 0, '2016-09-10 11:44:45', 'UCOMPLETEME', 0, 0),
(201603000001078, 201602000000187, 1, 88, 0, '2016-09-10 11:44:45', 'UCOMPLETEME', 0, 0),
(201603000001079, 201602000000607, 1, 230, 0, '2016-09-10 11:48:07', '27THFASHION', 0, 0),
(201603000001080, 201602000000393, 1, 40, 0, '2016-09-10 12:38:03', 'SIMPLYFAB', 0, 0),
(201603000001081, 201602000000569, 1, 185, 0, '2016-09-10 12:44:28', '8THGRAVITY', 0, 0),
(201603000001082, 201602000000569, 1, 185, 0, '2016-09-10 12:44:28', '8THGRAVITY', 0, 0),
(201603000001083, 201602000000444, 1, 250, 0, '2016-09-10 14:23:10', '8THGRAVITY', 0, 0),
(201603000001084, 201602000000516, 1, 300, 0, '2016-09-10 14:23:10', 'ZERO2TEN', 0, 0),
(201603000001085, 201602000000407, 1, 150, 0, '2016-09-10 14:23:10', 'TWELFTHDISTRICT', 0, 0),
(201603000001086, 201602000000226, 1, 160, 0, '2016-09-10 14:23:10', 'GETGLAM', 0, 0),
(201603000001087, 201602000000360, 1, 89, 0, '2016-09-10 14:23:10', 'SKULMATE', 0, 0),
(201603000001088, 201602000000641, 1, 170, 0, '2016-09-10 14:25:47', '8THGRAVITY', 0, 0),
(201603000001089, 201602000000500, 1, 199, 0, '2016-09-10 14:25:47', 'STYLECREW', 0, 0),
(201603000001090, 201602000000643, 1, 199, 0, '2016-09-10 14:25:47', '8THGRAVITY', 0, 0),
(201603000001091, 201602000000104, 1, 300, 0, '2016-09-10 14:28:49', '8THGRAVITY', 0, 0),
(201603000001092, 201602000000265, 1, 350, 0, '2016-09-10 14:28:49', 'PURPLEROW', 0, 0),
(201603000001093, 201602000000545, 1, 650, 0, '2016-09-10 14:32:21', 'ZERO2TEN', 0, 0),
(201603000001094, 201602000000393, 1, 40, 0, '2016-09-10 14:32:21', 'SIMPLYFAB', 0, 0),
(201603000001095, 201602000000123, 1, 360, 0, '2016-09-10 14:34:33', '8THGRAVITY', 0, 0),
(201603000001096, 201602000000131, 1, 199, 0, '2016-09-10 14:41:38', '8THGRAVITY', 0, 0),
(201603000001097, 201602000000091, 1, 250, 0, '2016-09-10 14:46:06', '8THGRAVITY', 0, 0),
(201603000001098, 201602000000421, 1, 300, 0, '2016-09-10 14:49:39', 'ZERO2TEN', 0, 0),
(201603000001099, 201602000000444, 1, 250, 0, '2016-09-10 14:54:43', '8THGRAVITY', 0, 0),
(201603000001100, 201602000000225, 1, 250, 0, '2016-09-10 15:04:38', 'GETGLAM', 0, 0),
(201603000001101, 201602000000516, 1, 300, 15, '2016-09-10 15:06:05', 'ZERO2TEN', 0, 0),
(201603000001102, 201602000000186, 1, 125, 0, '2016-09-10 15:37:00', 'UCOMPLETEME', 0, 0),
(201603000001103, 201602000000076, 1, 60, 0, '2016-09-10 16:05:20', 'TWELFTHDISTRICT', 0, 0),
(201603000001104, 201602000000210, 1, 230, 0, '2016-09-10 16:05:20', 'TWELFTHDISTRICT', 0, 0),
(201603000001105, 201602000000025, 1, 280, 14, '2016-09-10 16:19:19', '8THGRAVITY', 0, 0),
(201603000001106, 201602000000522, 1, 599, 0, '2016-09-10 16:59:51', 'STYLECREW', 0, 0),
(201603000001107, 201602000000343, 1, 199, 0, '2016-09-10 16:59:51', 'SKULMATE', 0, 0),
(201603000001108, 201602000000463, 1, 270, 0, '2016-09-10 17:16:33', '8THGRAVITY', 0, 0),
(201603000001109, 201602000000467, 1, 200, 0, '2016-09-10 17:16:33', '8THGRAVITY', 0, 0),
(201603000001110, 201602000000571, 1, 245, 0, '2016-09-10 17:19:00', '8THGRAVITY', 0, 0),
(201603000001111, 201602000000472, 1, 200, 0, '2016-09-10 17:19:00', '8THGRAVITY', 0, 0),
(201603000001112, 201602000000211, 1, 99, 0, '2016-09-10 17:19:00', 'GETGLAM', 0, 0),
(201603000001113, 201602000000556, 1, 250, 0, '2016-09-10 17:26:14', '8THGRAVITY', 0, 0),
(201603000001114, 201602000000565, 1, 199, 0, '2016-09-10 17:26:14', '8THGRAVITY', 0, 0),
(201603000001115, 201602000000553, 1, 199, 0, '2016-09-10 17:26:14', 'STYLECREW', 0, 0),
(201603000001116, 201602000000103, 1, 300, 0, '2016-09-10 17:28:28', '8THGRAVITY', 0, 0),
(201603000001117, 201602000000472, 1, 200, 0, '2016-09-10 18:28:31', '8THGRAVITY', 0, 0),
(201603000001118, 201602000000240, 1, 380, 0, '2016-09-10 18:28:31', 'GETGLAM', 0, 0),
(201603000001119, 201602000000187, 1, 88, 0, '2016-09-10 18:42:46', 'UCOMPLETEME', 0, 0),
(201603000001120, 201602000000569, 1, 185, 0, '2016-09-10 18:59:44', '8THGRAVITY', 0, 0),
(201603000001121, 201602000000393, 1, 40, 0, '2016-09-10 19:39:41', 'SIMPLYFAB', 0, 0),
(201603000001122, 201602000000394, 1, 25, 0, '2016-09-10 19:39:41', 'SIMPLYFAB', 0, 0),
(201603000001123, 201602000000267, 1, 380, 0, '2016-09-10 19:43:10', 'PURPLEROW', 0, 1),
(201603000001124, 201602000000267, 1, 380, 0, '2016-09-10 19:43:11', 'PURPLEROW', 0, 0),
(201603000001125, 201602000000393, 1, 40, 0, '2016-09-10 19:43:31', 'SIMPLYFAB', 0, 0),
(201603000001126, 201602000000469, 1, 300, 0, '2016-09-10 19:57:52', '8THGRAVITY', 0, 0),
(201603000001127, 201602000000593, 1, 550, 0, '2016-09-10 19:57:52', '27THFASHION', 0, 0),
(201603000001128, 201602000000529, 1, 399, 0, '2016-09-10 20:39:48', 'PURPLEROW', 0, 0),
(201603000001129, 201602000000276, 1, 250, 0, '2016-09-10 20:39:48', 'TWELFTHDISTRICT', 0, 0),
(201603000001130, 201602000000552, 1, 250, 0, '2016-09-10 20:39:48', 'STYLECREW', 0, 0),
(201603000001131, 201602000000538, 1, 220, 0, '2016-09-10 20:39:48', 'ZERO2TEN', 0, 0),
(201603000001132, 201602000000229, 1, 120, 0, '2016-09-10 20:44:53', 'GETGLAM', 0, 0),
(201603000001133, 201602000000567, 1, 199, 0, '2016-09-10 20:44:53', '8THGRAVITY', 0, 0),
(201603000001134, 201602000000187, 1, 88, 0, '2016-09-10 20:53:36', 'UCOMPLETEME', 0, 0);
INSERT INTO `pos_sales` (`sales_id`, `sales_item`, `sales_quantity`, `sales_total`, `sales_discount`, `sales_date`, `sales_supplier`, `sales_st`, `sales_status`) VALUES
(201603000001135, 201602000000086, 1, 250, 0, '2016-09-11 11:41:25', '8THGRAVITY', 0, 0),
(201603000001136, 201602000000639, 1, 220, 0, '2016-09-11 12:23:37', '8THGRAVITY', 0, 0),
(201603000001137, 201602000000195, 1, 150, 0, '2016-09-11 12:23:37', 'TWELFTHDISTRICT', 0, 0),
(201603000001138, 201602000000197, 1, 190, 0, '2016-09-11 12:56:29', 'TWELFTHDISTRICT', 0, 0),
(201603000001139, 201602000000131, 1, 199, 0, '2016-09-11 13:38:29', '8THGRAVITY', 0, 0),
(201603000001140, 201602000000561, 1, 150, 0, '2016-09-11 15:14:23', '8THGRAVITY', 0, 0),
(201603000001141, 201602000000627, 1, 250, 0, '2016-09-11 15:33:17', 'LIZPICKS', 0, 0),
(201603000001142, 201602000000268, 1, 550, 0, '2016-09-11 16:31:27', 'PURPLEROW', 0, 0),
(201603000001143, 201602000000215, 1, 80, 0, '2016-09-11 17:11:30', 'GETGLAM', 0, 0),
(201603000001144, 201602000000219, 1, 180, 0, '2016-09-11 17:11:30', 'GETGLAM', 0, 0),
(201603000001145, 201602000000257, 1, 299, 0, '2016-09-11 17:11:30', 'PURPLEROW', 0, 0),
(201603000001146, 201602000000261, 1, 299, 0, '2016-09-11 17:31:42', 'PURPLEROW', 0, 0),
(201603000001147, 201602000000355, 1, 20, 0, '2016-09-11 17:31:42', 'SKULMATE', 0, 0),
(201603000001148, 201602000000597, 1, 450, 0, '2016-09-11 17:54:34', '27THFASHION', 0, 0),
(201603000001149, 201602000000204, 1, 250, 0, '2016-09-11 17:56:37', 'TWELFTHDISTRICT', 0, 0),
(201603000001150, 201602000000568, 1, 245, 0, '2016-09-11 17:56:37', '8THGRAVITY', 0, 0),
(201603000001151, 201602000000646, 1, 499, 0, '2016-09-11 18:00:42', '8THGRAVITY', 0, 0),
(201603000001152, 201602000000079, 1, 175, 0, '2016-09-11 18:00:42', '8THGRAVITY', 0, 0),
(201603000001153, 201602000000552, 1, 250, 0, '2016-09-11 18:00:42', 'STYLECREW', 0, 0),
(201603000001154, 201602000000205, 1, 250, 0, '2016-09-11 18:00:42', 'TWELFTHDISTRICT', 0, 0),
(201603000001155, 201602000000187, 1, 88, 0, '2016-09-12 11:15:11', 'UCOMPLETEME', 0, 0),
(201603000001156, 201602000000088, 1, 350, 0, '2016-09-12 13:05:50', '8THGRAVITY', 0, 0),
(201603000001157, 201602000000188, 1, 250, 0, '2016-09-12 13:05:50', 'UCOMPLETEME', 0, 0),
(201603000001158, 201602000000226, 1, 160, 0, '2016-09-12 13:16:28', 'GETGLAM', 0, 0),
(201603000001159, 201602000000128, 1, 365, 0, '2016-09-12 14:53:33', '8THGRAVITY', 0, 0),
(201603000001160, 201602000000079, 1, 175, 0, '2016-09-12 16:48:18', '8THGRAVITY', 0, 0),
(201603000001161, 201602000000466, 1, 250, 0, '2016-09-12 16:53:46', '8THGRAVITY', 0, 0),
(201603000001162, 201602000000405, 1, 150, 0, '2016-09-12 17:12:10', 'TWELFTHDISTRICT', 0, 0),
(201603000001163, 201602000000687, 1, 199, 0, '2016-09-12 17:12:10', 'STYLECREW', 0, 0),
(201603000001164, 201602000000571, 1, 245, 0, '2016-09-12 17:12:10', '8THGRAVITY', 0, 0),
(201603000001165, 201602000000436, 1, 450, 0, '2016-09-12 17:38:48', '8THGRAVITY', 0, 0),
(201603000001166, 201602000000559, 1, 250, 0, '2016-09-12 17:38:48', '8THGRAVITY', 0, 0),
(201603000001167, 201602000000565, 1, 199, 0, '2016-09-12 17:38:48', '8THGRAVITY', 0, 0),
(201603000001168, 201602000000564, 1, 260, 0, '2016-09-12 17:38:48', '8THGRAVITY', 0, 0),
(201603000001169, 201602000000370, 1, 150, 0, '2016-09-12 19:58:58', 'SIMPLYFAB', 0, 0),
(201603000001170, 201602000000242, 1, 170, 0, '2016-09-12 20:02:17', 'GETGLAM', 0, 0),
(201603000001171, 201602000000467, 1, 200, 0, '2016-09-13 12:25:32', '8THGRAVITY', 0, 0),
(201603000001172, 201602000000046, 1, 99, 0, '2016-09-13 12:26:13', '8THGRAVITY', 0, 0),
(201603000001173, 201602000000186, 1, 125, 0, '2016-09-13 12:46:54', 'UCOMPLETEME', 0, 0),
(201603000001174, 201602000000189, 1, 35, 0, '2016-09-13 12:46:54', 'UCOMPLETEME', 0, 0),
(201603000001175, 201602000000457, 1, 185, 0, '2016-09-13 15:13:07', '8THGRAVITY', 0, 0),
(201603000001176, 201602000000660, 1, 150, 0, '2016-09-13 15:56:33', '8THGRAVITY', 0, 0),
(201603000001177, 201602000000501, 1, 199, 0, '2016-09-13 15:56:33', 'STYLECREW', 0, 0),
(201603000001178, 201602000000427, 1, 300, 0, '2016-09-13 16:07:39', '8THGRAVITY', 0, 0),
(201603000001179, 201602000000500, 1, 199, 0, '2016-09-13 16:45:11', 'STYLECREW', 0, 0),
(201603000001180, 201602000000279, 1, 160, 0, '2016-09-13 16:49:18', '27THFASHION', 0, 0),
(201603000001181, 201602000000538, 1, 220, 0, '2016-09-13 16:49:18', 'ZERO2TEN', 0, 0),
(201603000001182, 201602000000289, 1, 180, 0, '2016-09-13 16:51:08', '27THFASHION', 0, 0),
(201603000001183, 201602000000229, 1, 120, 0, '2016-09-13 17:59:35', 'GETGLAM', 0, 0),
(201603000001184, 201602000000202, 1, 150, 7.5, '2016-09-13 18:25:46', 'TWELFTHDISTRICT', 0, 0),
(201603000001185, 201602000000644, 1, 380, 19, '2016-09-13 18:25:46', '8THGRAVITY', 0, 0),
(201603000001186, 201602000000550, 1, 400, 20, '2016-09-13 18:25:46', 'ZERO2TEN', 0, 0),
(201603000001187, 201602000000212, 1, 35, 0, '2016-09-13 18:30:58', 'GETGLAM', 0, 0),
(201603000001188, 201602000000218, 1, 150, 0, '2016-09-13 18:30:58', 'GETGLAM', 0, 0),
(201603000001189, 201602000000091, 1, 250, 0, '2016-09-13 18:30:58', '8THGRAVITY', 0, 0),
(201603000001190, 201602000000040, 1, 200, 0, '2016-09-13 18:39:03', '8THGRAVITY', 0, 0),
(201603000001191, 201602000000547, 1, 400, 0, '2016-09-13 18:46:28', 'ZERO2TEN', 0, 0),
(201603000001192, 201602000000378, 1, 50, 0, '2016-09-13 19:03:01', 'SIMPLYFAB', 0, 0),
(201603000001193, 201602000000378, 1, 50, 0, '2016-09-13 19:03:01', 'SIMPLYFAB', 0, 0),
(201603000001194, 201602000000390, 1, 35, 0, '2016-09-13 20:20:12', 'SIMPLYFAB', 0, 0),
(201603000001195, 201602000000654, 1, 249, 0, '2016-09-13 20:21:54', '8THGRAVITY', 0, 0),
(201603000001196, 201602000000493, 1, 150, 0, '2016-09-13 20:21:54', 'STYLECREW', 0, 0),
(201603000001197, 201602000000103, 1, 300, 0, '2016-09-14 11:06:50', '8THGRAVITY', 0, 0),
(201603000001198, 201602000000582, 1, 250, 0, '2016-09-14 11:06:50', '27THFASHION', 0, 0),
(201603000001199, 201602000000644, 1, 380, 0, '2016-09-14 11:06:50', '8THGRAVITY', 0, 0),
(201603000001200, 201602000000047, 1, 150, 0, '2016-09-14 12:29:27', '8THGRAVITY', 0, 0),
(201603000001201, 201602000000012, 1, 450, 0, '2016-09-14 13:14:55', '27THFASHION', 0, 0),
(201603000001202, 201602000000637, 1, 189, 0, '2016-09-14 14:50:08', '8THGRAVITY', 0, 0),
(201603000001203, 201602000000642, 1, 185, 0, '2016-09-14 15:17:49', '8THGRAVITY', 0, 0),
(201603000001204, 201602000000700, 1, 299, 0, '2016-09-14 15:44:11', '27THFASHION', 0, 0),
(201603000001205, 201602000000255, 1, 250, 0, '2016-09-14 15:44:11', 'PURPLEROW', 0, 0),
(201603000001206, 201602000000229, 1, 120, 0, '2016-09-14 16:10:32', 'GETGLAM', 0, 0),
(201603000001207, 201602000000711, 1, 320, 0, '2016-09-14 16:31:19', '8THGRAVITY', 0, 0),
(201603000001208, 201602000000272, 1, 185, 0, '2016-09-14 16:31:19', 'TWELFTHDISTRICT', 0, 0),
(201603000001209, 201602000000500, 1, 199, 0, '2016-09-14 16:50:14', 'STYLECREW', 0, 0),
(201603000001210, 201602000000217, 1, 150, 0, '2016-09-14 17:11:20', 'GETGLAM', 0, 0),
(201603000001211, 201602000000723, 1, 250, 0, '2016-09-14 17:29:20', '8THGRAVITY', 0, 0),
(201603000001212, 201602000000730, 1, 285, 0, '2016-09-14 17:29:20', '8THGRAVITY', 0, 0),
(201603000001213, 201602000000186, 1, 125, 0, '2016-09-14 17:31:50', 'UCOMPLETEME', 0, 0),
(201603000001214, 201602000000189, 1, 35, 0, '2016-09-14 17:31:50', 'UCOMPLETEME', 0, 0),
(201603000001215, 201602000000723, 1, 250, 0, '2016-09-14 18:22:40', '8THGRAVITY', 0, 0),
(201603000001216, 201602000000187, 1, 88, 0, '2016-09-14 18:32:49', 'UCOMPLETEME', 0, 0),
(201603000001217, 201602000000195, 1, 150, 0, '2016-09-14 18:42:07', 'TWELFTHDISTRICT', 0, 0),
(201603000001218, 201602000000465, 1, 230, 0, '2016-09-14 19:15:24', '8THGRAVITY', 0, 0),
(201603000001219, 201602000000465, 1, 230, 0, '2016-09-14 19:15:24', '8THGRAVITY', 0, 0),
(201603000001220, 201602000000601, 1, 350, 0, '2016-09-14 19:15:24', '27THFASHION', 0, 0),
(201603000001221, 201602000000724, 1, 185, 0, '2016-09-14 19:15:24', '8THGRAVITY', 0, 0),
(201603000001222, 201602000000731, 1, 235, 0, '2016-09-14 19:15:24', '8THGRAVITY', 0, 0),
(201603000001223, 201602000000601, 1, 350, 0, '2016-09-14 19:15:24', '27THFASHION', 0, 0),
(201603000001224, 201602000000724, 1, 185, 0, '2016-09-14 19:15:24', '8THGRAVITY', 0, 0),
(201603000001225, 201602000000548, 1, 450, 0, '2016-09-14 19:17:02', 'ZERO2TEN', 0, 0),
(201603000001226, 201602000000548, 1, 450, 0, '2016-09-14 19:17:02', 'ZERO2TEN', 0, 1),
(201603000001227, 201602000000350, 1, 149, 0, '2016-09-14 19:27:04', 'SKULMATE', 0, 0),
(201603000001228, 201602000000350, 1, 149, 0, '2016-09-14 19:27:04', 'SKULMATE', 0, 0),
(201603000001229, 201602000000430, 1, 149, 0, '2016-09-14 19:27:04', '8THGRAVITY', 0, 0),
(201603000001230, 201602000000424, 1, 450, 0, '2016-09-14 19:27:56', '8THGRAVITY', 0, 0),
(201603000001231, 201602000000502, 1, 280, 0, '2016-09-14 19:30:46', 'STYLECREW', 0, 0),
(201603000001232, 201602000000688, 1, 250, 0, '2016-09-15 11:22:50', 'STYLECREW', 0, 0),
(201603000001233, 201602000000045, 1, 220, 0, '2016-09-15 11:31:50', '8THGRAVITY', 0, 0),
(201603000001234, 201602000000733, 1, 249, 0, '2016-09-15 13:55:26', '8THGRAVITY', 0, 0),
(201603000001235, 201602000000733, 1, 249, 0, '2016-09-15 13:55:26', '8THGRAVITY', 0, 0),
(201603000001236, 201602000000295, 1, 50, 0, '2016-09-15 13:55:26', '27THFASHION', 0, 0),
(201603000001237, 201602000000291, 1, 100, 0, '2016-09-15 13:55:26', '27THFASHION', 0, 0),
(201603000001238, 201602000000464, 1, 170, 0, '2016-09-15 16:09:22', '8THGRAVITY', 0, 0),
(201603000001239, 201602000000495, 1, 150, 0, '2016-09-15 16:09:22', 'STYLECREW', 0, 0),
(201603000001240, 201602000000228, 1, 120, 0, '2016-09-15 16:31:49', 'GETGLAM', 0, 0),
(201603000001241, 201602000000231, 1, 180, 0, '2016-09-15 16:31:49', 'GETGLAM', 0, 0),
(201603000001242, 201602000000215, 1, 80, 0, '2016-09-15 16:31:49', 'GETGLAM', 0, 0),
(201603000001243, 201602000000217, 1, 150, 0, '2016-09-15 16:31:49', 'GETGLAM', 0, 0),
(201603000001244, 201602000000723, 1, 250, 0, '2016-09-15 16:34:52', '8THGRAVITY', 0, 0),
(201603000001245, 201602000000229, 1, 120, 0, '2016-09-15 17:50:20', 'GETGLAM', 0, 0),
(201603000001246, 201602000000457, 1, 185, 0, '2016-09-15 17:50:20', '8THGRAVITY', 0, 0),
(201603000001247, 201602000000721, 1, 99, 0, '2016-09-15 17:50:20', '8THGRAVITY', 0, 0),
(201603000001248, 201602000000088, 1, 350, 0, '2016-09-15 17:59:23', '8THGRAVITY', 0, 0),
(201603000001249, 201602000000187, 1, 88, 0, '2016-09-15 18:00:47', 'UCOMPLETEME', 0, 0),
(201603000001250, 201602000000211, 1, 99, 0, '2016-09-15 18:23:46', 'GETGLAM', 0, 0),
(201603000001251, 201602000000565, 1, 199, 0, '2016-09-15 18:56:37', '8THGRAVITY', 0, 0),
(201603000001252, 201602000000490, 1, 240, 0, '2016-09-15 18:56:37', 'STYLECREW', 0, 0),
(201603000001253, 201602000000289, 1, 180, 0, '2016-09-15 19:12:18', '27THFASHION', 0, 0),
(201603000001254, 201602000000694, 1, 160, 0, '2016-09-16 10:58:22', 'STYLECREW', 0, 0),
(201603000001255, 201602000000565, 1, 199, 0, '2016-09-16 10:58:22', '8THGRAVITY', 0, 0),
(201603000001256, 201602000000271, 1, 190, 0, '2016-09-16 11:08:55', 'TWELFTHDISTRICT', 0, 0),
(201603000001257, 201602000000534, 1, 300, 0, '2016-09-16 11:38:50', 'ZERO2TEN', 0, 0),
(201603000001258, 201602000000389, 1, 35, 0, '2016-09-16 12:31:05', 'SIMPLYFAB', 0, 0),
(201603000001259, 201602000000131, 1, 199, 0, '2016-09-16 12:54:43', '8THGRAVITY', 0, 0),
(201603000001260, 201602000000719, 1, 195, 0, '2016-09-16 13:41:44', '8THGRAVITY', 0, 0),
(201603000001261, 201602000000396, 1, 10, 0, '2016-09-16 15:24:38', 'SIMPLYFAB', 0, 0),
(201603000001262, 201602000000699, 1, 150, 0, '2016-09-16 15:49:44', 'STYLECREW', 0, 0),
(201603000001263, 201602000000719, 1, 195, 0, '2016-09-16 15:56:53', '8THGRAVITY', 0, 0),
(201603000001264, 201602000000440, 1, 179, 0, '2016-09-16 16:19:55', '8THGRAVITY', 0, 0),
(201603000001265, 201602000000699, 1, 150, 0, '2016-09-16 16:19:55', 'STYLECREW', 0, 0),
(201603000001266, 201602000000265, 1, 350, 0, '2016-09-16 16:19:55', 'PURPLEROW', 0, 0),
(201603000001267, 201602000000090, 1, 300, 0, '2016-09-16 16:19:55', '8THGRAVITY', 0, 0),
(201603000001268, 201602000000425, 1, 250, 0, '2016-09-16 16:21:40', '8THGRAVITY', 0, 0),
(201603000001269, 201602000000547, 1, 400, 0, '2016-09-16 16:23:18', 'ZERO2TEN', 0, 0),
(201603000001270, 201602000000546, 1, 500, 0, '2016-09-16 17:15:21', 'ZERO2TEN', 0, 0),
(201603000001271, 201602000000525, 1, 350, 0, '2016-09-16 17:15:21', 'PURPLEROW', 0, 0),
(201603000001272, 201602000000150, 1, 199, 0, '2016-09-16 17:27:54', '27THFASHION', 0, 0),
(201603000001273, 201602000000233, 1, 250, 0, '2016-09-16 17:48:09', 'GETGLAM', 0, 0),
(201603000001274, 201602000000294, 1, 75, 0, '2016-09-16 17:48:09', '27THFASHION', 0, 0),
(201603000001275, 201602000000294, 1, 75, 0, '2016-09-16 17:48:09', '27THFASHION', 0, 0),
(201603000001276, 201602000000620, 1, 360, 0, '2016-09-16 19:08:41', 'LIZPICKS', 0, 0),
(201603000001277, 201602000000493, 1, 150, 0, '2016-09-16 19:11:04', 'STYLECREW', 0, 0),
(201603000001278, 201602000000664, 1, 280, 0, '2016-09-16 19:11:04', 'TWELFTHDISTRICT', 0, 0),
(201603000001279, 201602000000733, 1, 249, 0, '2016-09-16 19:14:11', '8THGRAVITY', 0, 0),
(201603000001280, 201602000000484, 1, 180, 0, '2016-09-16 19:14:11', '8THGRAVITY', 0, 0),
(201603000001281, 201602000000690, 1, 250, 0, '2016-09-16 19:14:11', 'STYLECREW', 0, 0),
(201603000001282, 201602000000230, 1, 160, 0, '2016-09-16 19:15:01', 'GETGLAM', 0, 0),
(201603000001283, 201602000000226, 1, 160, 0, '2016-09-16 19:16:52', 'GETGLAM', 0, 0),
(201603000001284, 201602000000191, 1, 200, 0, '2016-09-16 19:20:35', 'UCOMPLETEME', 0, 0),
(201603000001285, 201602000000185, 1, 77, 0, '2016-09-16 19:20:35', 'UCOMPLETEME', 0, 0),
(201603000001286, 201602000000275, 1, 250, 0, '2016-09-16 19:20:35', 'TWELFTHDISTRICT', 0, 0),
(201603000001287, 201602000000537, 1, 250, 0, '2016-09-16 19:20:35', 'ZERO2TEN', 0, 0),
(201603000001288, 201602000000405, 1, 150, 0, '2016-09-16 19:27:59', 'TWELFTHDISTRICT', 0, 0),
(201603000001289, 201602000000723, 1, 250, 0, '2016-09-16 19:42:52', '8THGRAVITY', 0, 0),
(201603000001290, 201602000000688, 1, 250, 0, '2016-09-16 19:44:59', 'STYLECREW', 0, 0),
(201603000001291, 201602000000510, 1, 320, 0, '2016-09-16 19:44:59', 'ZERO2TEN', 0, 0),
(201603000001292, 201602000000692, 1, 150, 0, '2016-09-16 19:45:53', 'STYLECREW', 0, 0),
(201603000001293, 201602000000131, 1, 199, 0, '2016-09-16 19:49:13', '8THGRAVITY', 0, 0),
(201603000001294, 201602000000733, 1, 249, 0, '2016-09-16 19:56:32', '8THGRAVITY', 0, 0),
(201603000001295, 201602000000646, 1, 499, 0, '2016-09-16 20:00:26', '8THGRAVITY', 0, 0),
(201603000001296, 201602000000467, 1, 200, 0, '2016-09-16 20:28:41', '8THGRAVITY', 0, 0),
(201603000001297, 201602000000393, 1, 40, 0, '2016-09-16 20:32:02', 'SIMPLYFAB', 0, 0),
(201603000001298, 201602000000697, 1, 199, 0, '2016-09-16 20:34:46', 'STYLECREW', 0, 0),
(201603000001299, 201602000000663, 1, 180, 0, '2016-09-17 11:30:25', 'TWELFTHDISTRICT', 0, 0),
(201603000001300, 201602000000715, 1, 190, 0, '2016-09-17 11:54:05', '8THGRAVITY', 0, 0),
(201603000001301, 201602000000720, 1, 260, 0, '2016-09-17 12:32:03', '8THGRAVITY', 0, 0),
(201603000001302, 201602000000639, 1, 220, 0, '2016-09-17 14:53:31', '8THGRAVITY', 0, 0),
(201603000001303, 201602000000383, 1, 30, 0, '2016-09-17 14:53:31', 'SIMPLYFAB', 0, 0),
(201603000001304, 201602000000721, 1, 99, 0, '2016-09-17 15:04:23', '8THGRAVITY', 0, 0),
(201603000001305, 201602000000253, 1, 200, 0, '2016-09-17 15:39:55', 'GETGLAM', 0, 0),
(201603000001306, 201602000000252, 1, 250, 0, '2016-09-17 16:03:23', 'GETGLAM', 0, 0),
(201603000001307, 201602000000458, 1, 250, 0, '2016-09-17 16:23:19', '8THGRAVITY', 0, 0),
(201603000001308, 201602000000202, 1, 150, 0, '2016-09-17 16:23:19', 'TWELFTHDISTRICT', 0, 0),
(201603000001309, 201602000000493, 1, 150, 0, '2016-09-17 16:24:29', 'STYLECREW', 0, 0),
(201603000001310, 201602000000694, 1, 160, 0, '2016-09-17 16:24:29', 'STYLECREW', 0, 0),
(201603000001311, 201602000000731, 1, 235, 0, '2016-09-17 16:26:40', '8THGRAVITY', 0, 0),
(201603000001312, 201602000000695, 1, 250, 0, '2016-09-17 16:26:40', 'STYLECREW', 0, 0),
(201603000001313, 201602000000424, 1, 450, 0, '2016-09-17 16:26:40', '8THGRAVITY', 0, 0),
(201603000001314, 201602000000569, 1, 185, 0, '2016-09-17 16:28:54', '8THGRAVITY', 0, 0),
(201603000001315, 201602000000187, 1, 88, 0, '2016-09-17 16:28:54', 'UCOMPLETEME', 0, 0),
(201603000001316, 201602000000394, 1, 25, 0, '2016-09-17 16:28:54', 'SIMPLYFAB', 0, 0),
(201603000001317, 201602000000457, 1, 185, 0, '2016-09-17 16:31:05', '8THGRAVITY', 0, 0),
(201603000001318, 201602000000270, 1, 150, 0, '2016-09-17 16:45:31', 'TWELFTHDISTRICT', 0, 0),
(201603000001319, 201602000000693, 1, 150, 0, '2016-09-17 16:51:28', 'STYLECREW', 0, 0),
(201603000001320, 201602000000717, 1, 299, 0, '2016-09-17 17:22:25', '8THGRAVITY', 0, 0),
(201603000001321, 201602000000186, 1, 125, 0, '2016-09-17 17:22:25', 'UCOMPLETEME', 0, 0),
(201603000001322, 201602000000727, 1, 270, 0, '2016-09-17 17:22:25', '8THGRAVITY', 0, 0),
(201603000001323, 201602000000733, 1, 249, 0, '2016-09-17 17:42:40', '8THGRAVITY', 0, 0),
(201603000001324, 201602000000294, 1, 75, 0, '2016-09-17 17:47:43', '27THFASHION', 0, 0),
(201603000001325, 201602000000260, 1, 250, 0, '2016-09-17 17:52:32', 'PURPLEROW', 0, 0),
(201603000001326, 201602000000731, 1, 235, 0, '2016-09-17 17:56:54', '8THGRAVITY', 0, 0),
(201603000001327, 201602000000731, 1, 235, 0, '2016-09-17 17:56:54', '8THGRAVITY', 0, 0),
(201603000001328, 201602000000493, 1, 150, 0, '2016-09-17 18:02:55', 'STYLECREW', 0, 0),
(201603000001329, 201602000000729, 1, 195, 0, '2016-09-17 18:02:55', '8THGRAVITY', 0, 0),
(201603000001330, 201602000000123, 1, 360, 0, '2016-09-17 18:07:35', '8THGRAVITY', 0, 0),
(201603000001331, 201602000000167, 1, 250, 0, '2016-09-17 18:07:35', 'STYLECREW', 0, 0),
(201603000001332, 201602000000723, 1, 250, 0, '2016-09-17 18:07:35', '8THGRAVITY', 0, 0),
(201603000001333, 201602000000457, 1, 185, 0, '2016-09-17 18:40:01', '8THGRAVITY', 0, 0),
(201603000001334, 201602000000211, 1, 99, 4, '2016-09-17 19:00:27', 'GETGLAM', 0, 0),
(201603000001335, 201602000000381, 1, 25, 0, '2016-09-17 19:08:34', 'SIMPLYFAB', 0, 0),
(201603000001336, 201602000000389, 1, 35, 0, '2016-09-17 19:08:34', 'SIMPLYFAB', 0, 0),
(201603000001337, 201602000000030, 1, 165, 0, '2016-09-17 19:34:52', '8THGRAVITY', 0, 0),
(201603000001338, 201602000000723, 1, 250, 0, '2016-09-17 19:49:25', '8THGRAVITY', 0, 0),
(201603000001339, 201602000000427, 1, 300, 0, '2016-09-17 19:49:25', '8THGRAVITY', 0, 0),
(201603000001340, 201602000000201, 1, 190, 0, '2016-09-17 19:49:25', 'TWELFTHDISTRICT', 0, 0),
(201603000001341, 201602000000498, 1, 199, 0, '2016-09-17 19:49:25', 'STYLECREW', 0, 0),
(201603000001342, 201602000000269, 1, 380, 0, '2016-09-17 20:09:44', 'PURPLEROW', 0, 0),
(201603000001343, 201602000000559, 1, 250, 0, '2016-09-17 20:09:44', '8THGRAVITY', 0, 0),
(201603000001344, 201602000000435, 1, 249, 0, '2016-09-17 20:09:44', '8THGRAVITY', 0, 0),
(201603000001345, 201602000000486, 1, 299, 0, '2016-09-17 20:09:44', 'STYLECREW', 0, 0),
(201603000001346, 201602000000329, 1, 50, 0, '2016-09-17 20:09:44', 'SKULMATE', 0, 0),
(201603000001347, 201602000000289, 1, 180, 0, '2016-09-17 20:09:44', '27THFASHION', 0, 0),
(201603000001348, 201602000000664, 1, 280, 0, '2016-09-17 20:09:44', 'TWELFTHDISTRICT', 0, 0),
(201603000001349, 201602000000719, 1, 195, 0, '2016-09-17 20:14:09', '8THGRAVITY', 0, 0),
(201603000001350, 201602000000563, 1, 250, 0, '2016-09-17 20:27:27', '8THGRAVITY', 0, 0),
(201603000001351, 201602000000259, 1, 350, 0, '2016-09-18 11:34:03', 'PURPLEROW', 0, 0),
(201603000001352, 201602000000714, 1, 215, 0, '2016-09-18 11:37:53', '8THGRAVITY', 0, 0),
(201603000001353, 201602000000009, 1, 230, 0, '2016-09-18 12:45:59', '27THFASHION', 0, 0),
(201603000001354, 201602000000595, 1, 250, 0, '2016-09-18 12:45:59', '27THFASHION', 0, 0),
(201603000001355, 201602000000194, 1, 150, 0, '2016-09-18 12:45:59', 'TWELFTHDISTRICT', 0, 0),
(201603000001356, 201602000000724, 1, 185, 0, '2016-09-18 12:45:59', '8THGRAVITY', 0, 0),
(201603000001357, 201602000000523, 1, 300, 0, '2016-09-18 12:45:59', 'UCOMPLETEME', 0, 0),
(201603000001358, 201602000000381, 1, 25, 5, '2016-09-18 13:33:03', 'SIMPLYFAB', 0, 0),
(201603000001359, 201602000000507, 1, 300, 0, '2016-09-18 15:43:35', 'ZERO2TEN', 0, 0),
(201603000001360, 201602000000624, 1, 380, 0, '2016-09-18 15:52:59', 'LIZPICKS', 0, 0),
(201603000001361, 201602000000289, 1, 180, 0, '2016-09-18 16:14:36', '27THFASHION', 0, 0),
(201603000001362, 201602000000289, 1, 180, 0, '2016-09-18 16:14:36', '27THFASHION', 0, 0),
(201603000001363, 201602000000389, 1, 35, 0, '2016-09-18 16:38:32', 'SIMPLYFAB', 0, 0),
(201603000001364, 201602000000748, 1, 160, 0, '2016-09-18 16:38:32', 'GETGLAM', 0, 0),
(201603000001365, 201602000000500, 1, 199, 0, '2016-09-18 16:40:45', 'STYLECREW', 0, 0),
(201603000001366, 201602000000484, 1, 180, 0, '2016-09-19 13:42:57', '8THGRAVITY', 0, 0),
(201603000001367, 201602000000186, 1, 125, 0, '2016-09-19 13:50:28', 'UCOMPLETEME', 0, 0),
(201603000001368, 201602000000187, 1, 88, 0, '2016-09-19 13:50:28', 'UCOMPLETEME', 0, 0),
(201603000001369, 201602000000760, 1, 50, 0, '2016-09-19 13:52:49', 'GETGLAM', 0, 0),
(201603000001370, 201602000000211, 1, 99, 0, '2016-09-19 13:53:48', 'GETGLAM', 0, 0),
(201603000001371, 201602000000212, 1, 35, 0, '2016-09-19 13:53:48', 'GETGLAM', 0, 0),
(201603000001372, 201602000000714, 1, 215, 0, '2016-09-19 14:23:49', '8THGRAVITY', 0, 0),
(201603000001373, 201602000000484, 1, 180, 0, '2016-09-19 15:00:38', '8THGRAVITY', 0, 0),
(201603000001374, 201602000000349, 1, 25, 0, '2016-09-19 15:32:26', 'SKULMATE', 0, 0),
(201603000001375, 201602000000727, 1, 270, 0, '2016-09-19 16:37:00', '8THGRAVITY', 0, 0),
(201603000001376, 201602000000248, 1, 199, 0, '2016-09-19 16:37:55', 'GETGLAM', 0, 0),
(201603000001377, 201602000000559, 1, 250, 0, '2016-09-19 17:33:29', '8THGRAVITY', 0, 0),
(201603000001378, 201602000000727, 1, 270, 0, '2016-09-19 17:33:29', '8THGRAVITY', 0, 0),
(201603000001379, 201602000000138, 1, 250, 0, '2016-09-19 17:54:58', '8THGRAVITY', 0, 0),
(201603000001380, 201602000000721, 1, 99, 0, '2016-09-19 17:54:58', '8THGRAVITY', 0, 0),
(201603000001381, 201602000000721, 1, 99, 0, '2016-09-19 17:54:58', '8THGRAVITY', 0, 0),
(201603000001382, 201602000000721, 1, 99, 0, '2016-09-19 17:54:58', '8THGRAVITY', 0, 0),
(201603000001383, 201602000000556, 1, 250, 0, '2016-09-19 17:54:58', '8THGRAVITY', 0, 0),
(201603000001384, 201602000000556, 1, 250, 0, '2016-09-19 17:54:58', '8THGRAVITY', 0, 0),
(201603000001385, 201602000000647, 1, 249, 0, '2016-09-19 17:54:58', '8THGRAVITY', 0, 0),
(201603000001386, 201602000000723, 1, 250, 0, '2016-09-19 17:54:58', '8THGRAVITY', 0, 0),
(201603000001387, 201602000000630, 1, 270, 0, '2016-09-19 17:54:58', 'LIZPICKS', 0, 0),
(201603000001388, 201602000000275, 1, 250, 0, '2016-09-19 17:54:58', 'TWELFTHDISTRICT', 0, 0),
(201603000001389, 201602000000715, 1, 190, 0, '2016-09-19 17:56:54', '8THGRAVITY', 0, 0),
(201603000001390, 201602000000459, 1, 170, 0, '2016-09-19 17:56:54', '8THGRAVITY', 0, 0),
(201603000001391, 201602000000720, 1, 260, 0, '2016-09-19 17:56:54', '8THGRAVITY', 0, 0),
(201603000001392, 201602000000601, 1, 350, 0, '2016-09-19 17:56:54', '27THFASHION', 0, 0),
(201603000001393, 201602000000727, 1, 270, 0, '2016-09-19 17:58:09', '8THGRAVITY', 0, 0),
(201603000001394, 201602000000592, 1, 350, 0, '2016-09-19 18:22:31', '27THFASHION', 0, 0),
(201603000001395, 201602000000718, 1, 265, 0, '2016-09-19 18:42:14', '8THGRAVITY', 0, 0),
(201603000001396, 201602000000689, 1, 250, 0, '2016-09-19 18:42:14', 'STYLECREW', 0, 0),
(201603000001397, 201602000000226, 1, 160, 0, '2016-09-19 18:42:14', 'GETGLAM', 0, 0),
(201603000001398, 201602000000388, 1, 25, 0, '2016-09-19 18:42:14', 'SIMPLYFAB', 0, 0),
(201603000001399, 201602000000386, 1, 15, 0, '2016-09-19 18:42:14', 'SIMPLYFAB', 0, 0),
(201603000001400, 201602000000394, 1, 25, 0, '2016-09-19 18:42:14', 'SIMPLYFAB', 0, 0),
(201603000001401, 201602000000009, 1, 230, 0, '2016-09-19 19:19:46', '27THFASHION', 0, 0),
(201603000001402, 201602000000733, 1, 249, 0, '2016-09-19 19:19:46', '8THGRAVITY', 0, 0),
(201603000001403, 201602000000289, 1, 180, 0, '2016-09-19 19:19:46', '27THFASHION', 0, 0),
(201603000001404, 201602000000698, 1, 280, 50, '2016-09-20 11:25:44', 'STYLECREW', 0, 0),
(201603000001405, 201602000000669, 1, 180, 9, '2016-09-20 11:25:44', 'TWELFTHDISTRICT', 0, 0),
(201603000001406, 201602000000731, 1, 235, 0, '2016-09-20 11:37:37', '8THGRAVITY', 0, 0),
(201603000001407, 201602000000731, 1, 235, 0, '2016-09-20 11:37:37', '8THGRAVITY', 0, 0),
(201603000001408, 201602000000394, 1, 25, 0, '2016-09-20 11:39:42', 'SIMPLYFAB', 0, 0),
(201603000001409, 201602000000748, 1, 160, 0, '2016-09-20 12:38:42', 'GETGLAM', 0, 0),
(201603000001410, 201602000000733, 1, 249, 0, '2016-09-20 13:18:56', '8THGRAVITY', 0, 0),
(201603000001411, 201602000000165, 1, 199, 0, '2016-09-20 13:39:30', 'STYLECREW', 0, 0),
(201603000001412, 201602000000537, 1, 250, 0, '2016-09-20 13:39:30', 'ZERO2TEN', 0, 0),
(201603000001413, 201602000000013, 1, 499, 0, '2016-09-20 13:39:30', '27THFASHION', 0, 0),
(201603000001414, 201602000000172, 1, 250, 0, '2016-09-20 13:46:30', 'STYLECREW', 0, 0),
(201603000001415, 201602000000720, 1, 260, 0, '2016-09-20 13:57:25', '8THGRAVITY', 0, 0),
(201603000001416, 201602000000229, 1, 120, 0, '2016-09-20 14:24:56', 'GETGLAM', 0, 0),
(201603000001417, 201602000000559, 1, 250, 0, '2016-09-20 14:24:56', '8THGRAVITY', 0, 0),
(201603000001418, 201602000000552, 1, 250, 0, '2016-09-20 14:24:56', 'STYLECREW', 0, 0),
(201603000001419, 201602000000714, 1, 215, 0, '2016-09-20 14:24:56', '8THGRAVITY', 0, 0),
(201603000001420, 201602000000460, 1, 300, 0, '2016-09-20 16:43:05', '8THGRAVITY', 0, 0),
(201603000001421, 201602000000092, 1, 380, 0, '2016-09-20 17:03:40', '8THGRAVITY', 0, 0),
(201603000001422, 201602000000092, 1, 380, 0, '2016-09-20 17:03:40', '8THGRAVITY', 0, 1),
(201603000001423, 201602000000414, 1, 200, 0, '2016-09-20 17:26:02', 'TWELFTHDISTRICT', 0, 0),
(201603000001424, 201602000000723, 1, 250, 0, '2016-09-20 17:26:02', '8THGRAVITY', 0, 0),
(201603000001425, 201602000000644, 1, 380, 0, '2016-09-20 17:35:13', '8THGRAVITY', 0, 0),
(201603000001426, 201602000000125, 1, 399, 0, '2016-09-20 18:08:07', '8THGRAVITY', 0, 0),
(201603000001427, 201602000000565, 1, 199, 0, '2016-09-20 18:50:52', '8THGRAVITY', 0, 0),
(201603000001428, 201602000000716, 1, 295, 0, '2016-09-20 18:50:52', '8THGRAVITY', 0, 0),
(201603000001429, 201602000000229, 1, 120, 0, '2016-09-20 19:57:44', 'GETGLAM', 0, 0),
(201603000001430, 201602000000748, 1, 160, 0, '2016-09-20 20:15:54', 'GETGLAM', 0, 0),
(201603000001431, 201602000000748, 1, 160, 0, '2016-09-20 20:15:54', 'GETGLAM', 0, 0),
(201603000001432, 201602000000035, 1, 200, 0, '2016-09-21 11:02:26', '8THGRAVITY', 0, 0),
(201603000001433, 201602000000035, 1, 200, 0, '2016-09-21 11:11:39', '8THGRAVITY', 0, 0),
(201603000001434, 201602000000739, 1, 250, 0, '2016-09-21 11:35:57', 'LIZPICKS', 0, 0),
(201603000001435, 201602000000717, 1, 299, 0, '2016-09-21 11:35:57', '8THGRAVITY', 0, 0),
(201603000001436, 201602000000639, 1, 220, 0, '2016-09-21 12:41:10', '8THGRAVITY', 0, 0),
(201603000001437, 201602000000730, 1, 285, 0, '2016-09-21 12:44:00', '8THGRAVITY', 0, 0),
(201603000001438, 201602000000228, 1, 120, 0, '2016-09-21 13:09:04', 'GETGLAM', 0, 0),
(201603000001439, 201602000000460, 1, 300, 0, '2016-09-21 13:17:20', '8THGRAVITY', 0, 0),
(201603000001440, 201602000000215, 1, 80, 0, '2016-09-21 14:29:51', 'GETGLAM', 0, 0),
(201603000001441, 201602000000247, 1, 250, 0, '2016-09-21 14:29:51', 'GETGLAM', 0, 0),
(201603000001442, 201602000000054, 1, 100, 0, '2016-09-21 14:29:51', 'TWELFTHDISTRICT', 0, 0),
(201603000001443, 201602000000723, 1, 250, 0, '2016-09-21 14:31:41', '8THGRAVITY', 0, 0),
(201603000001444, 201602000000749, 1, 180, 0, '2016-09-21 14:31:41', 'GETGLAM', 0, 0),
(201603000001445, 201602000000407, 1, 150, 0, '2016-09-21 15:17:51', 'TWELFTHDISTRICT', 0, 0),
(201603000001446, 201602000000229, 1, 120, 0, '2016-09-21 15:49:27', 'GETGLAM', 0, 0),
(201603000001447, 201602000000634, 1, 290, 0, '2016-09-21 15:49:27', 'LIZPICKS', 0, 0),
(201603000001448, 201602000000699, 1, 150, 0, '2016-09-21 15:49:27', 'STYLECREW', 0, 0),
(201603000001449, 201602000000568, 1, 245, 0, '2016-09-21 16:46:34', '8THGRAVITY', 0, 0),
(201603000001450, 201602000000720, 1, 260, 0, '2016-09-21 17:19:30', '8THGRAVITY', 0, 0),
(201603000001451, 201602000000079, 1, 175, 0, '2016-09-21 17:26:32', '8THGRAVITY', 0, 0),
(201603000001452, 201602000000289, 1, 180, 0, '2016-09-21 17:30:13', '27THFASHION', 0, 0),
(201603000001453, 201602000000294, 1, 75, 0, '2016-09-21 17:30:13', '27THFASHION', 0, 0),
(201603000001454, 201602000000634, 1, 290, 0, '2016-09-21 17:38:11', 'LIZPICKS', 0, 0),
(201603000001455, 201602000000035, 1, 200, 0, '2016-09-21 17:42:19', '8THGRAVITY', 0, 0),
(201603000001456, 201602000000567, 1, 199, 0, '2016-09-21 17:45:42', '8THGRAVITY', 0, 0),
(201603000001457, 201602000000615, 1, 160, 0, '2016-09-21 17:47:14', '27THFASHION', 0, 0),
(201603000001458, 201602000000053, 1, 100, 0, '2016-09-21 17:53:36', 'TWELFTHDISTRICT', 0, 0),
(201603000001459, 201602000000553, 1, 199, 0, '2016-09-21 17:58:54', 'STYLECREW', 0, 0),
(201603000001460, 201602000000500, 1, 199, 0, '2016-09-21 19:06:06', 'STYLECREW', 0, 0),
(201603000001461, 201602000000590, 1, 350, 0, '2016-09-21 19:06:06', '27THFASHION', 0, 0),
(201603000001462, 201602000000185, 1, 77, 0, '2016-09-21 19:15:55', 'UCOMPLETEME', 0, 0),
(201603000001463, 201602000000185, 1, 77, 0, '2016-09-21 19:15:55', 'UCOMPLETEME', 0, 0),
(201603000001464, 201602000000728, 1, 265, 0, '2016-09-22 12:42:26', '8THGRAVITY', 0, 0),
(201603000001465, 201602000000490, 1, 240, 0, '2016-09-22 12:42:26', 'STYLECREW', 0, 0),
(201603000001466, 201602000000738, 1, 370, 0, '2016-09-22 12:42:26', 'LIZPICKS', 0, 0),
(201603000001467, 201602000000724, 1, 185, 0, '2016-09-22 13:05:47', '8THGRAVITY', 0, 0),
(201603000001468, 201602000000506, 1, 250, 0, '2016-09-22 13:05:47', 'STYLECREW', 0, 0),
(201603000001469, 201602000000276, 1, 250, 0, '2016-09-22 13:05:47', 'TWELFTHDISTRICT', 0, 0),
(201603000001470, 201602000000126, 1, 383, 0, '2016-09-22 13:05:47', '8THGRAVITY', 0, 0),
(201603000001471, 201602000000680, 1, 240, 0, '2016-09-22 13:09:08', 'LIZPICKS', 0, 0),
(201603000001472, 201602000000591, 1, 250, 0, '2016-09-22 13:09:08', '27THFASHION', 0, 0),
(201603000001473, 201602000000187, 1, 88, 0, '2016-09-22 13:09:08', 'UCOMPLETEME', 0, 0),
(201603000001474, 201602000000228, 1, 120, 0, '2016-09-22 13:09:40', 'GETGLAM', 0, 0),
(201603000001475, 201602000000241, 1, 220, 0, '2016-09-22 13:10:57', 'GETGLAM', 0, 0),
(201603000001476, 201602000000393, 1, 40, 0, '2016-09-22 13:44:19', 'SIMPLYFAB', 0, 0),
(201603000001477, 201602000000393, 1, 40, 0, '2016-09-22 13:44:19', 'SIMPLYFAB', 0, 0),
(201603000001478, 201602000000393, 1, 40, 0, '2016-09-22 13:45:24', 'SIMPLYFAB', 0, 0),
(201603000001479, 201602000000553, 1, 199, 0, '2016-09-22 14:14:12', 'STYLECREW', 0, 0),
(201603000001480, 201602000000186, 1, 125, 0, '2016-09-22 14:14:12', 'UCOMPLETEME', 0, 0),
(201603000001481, 201602000000724, 1, 185, 37, '2016-09-22 14:28:14', '8THGRAVITY', 0, 0),
(201603000001482, 201602000000724, 1, 185, 0, '2016-09-22 15:14:12', '8THGRAVITY', 0, 0),
(201603000001483, 201602000000263, 1, 280, 0, '2016-09-22 15:41:51', 'PURPLEROW', 0, 0),
(201603000001484, 201602000000743, 1, 360, 0, '2016-09-22 15:48:37', 'LIZPICKS', 0, 0),
(201603000001485, 201602000000749, 1, 180, 0, '2016-09-22 16:08:07', 'GETGLAM', 0, 0),
(201603000001486, 201602000000749, 1, 180, 0, '2016-09-22 16:08:07', 'GETGLAM', 0, 0),
(201603000001487, 201602000000225, 1, 250, 0, '2016-09-22 16:58:51', 'GETGLAM', 0, 0),
(201603000001488, 201602000000724, 1, 185, 9.25, '2016-09-22 17:24:24', '8THGRAVITY', 0, 0),
(201603000001489, 201602000000733, 1, 249, 0, '2016-09-22 17:29:25', '8THGRAVITY', 0, 0),
(201603000001490, 201602000000697, 1, 199, 0, '2016-09-22 17:44:22', 'STYLECREW', 0, 0),
(201603000001491, 201602000000065, 1, 150, 0, '2016-09-22 17:45:12', 'TWELFTHDISTRICT', 0, 0),
(201603000001492, 201602000000045, 1, 220, 0, '2016-09-22 18:15:16', '8THGRAVITY', 0, 0),
(201603000001493, 201602000000552, 1, 250, 0, '2016-09-22 18:18:04', 'STYLECREW', 0, 0),
(201603000001494, 201602000000601, 1, 350, 0, '2016-09-22 18:36:09', '27THFASHION', 0, 0),
(201603000001495, 201602000000424, 1, 450, 0, '2016-09-22 19:05:48', '8THGRAVITY', 0, 0),
(201603000001496, 201602000000211, 1, 99, 0, '2016-09-22 19:07:02', 'GETGLAM', 0, 0),
(201603000001497, 201602000000099, 1, 290, 0, '2016-09-22 20:12:32', '8THGRAVITY', 0, 0),
(201603000001498, 201602000000210, 1, 230, 0, '2016-09-23 11:03:18', 'TWELFTHDISTRICT', 0, 0),
(201603000001499, 201602000000490, 1, 240, 0, '2016-09-23 11:50:52', 'STYLECREW', 0, 0),
(201603000001500, 201602000000381, 1, 25, 0, '2016-09-23 12:14:56', 'SIMPLYFAB', 0, 0),
(201603000001501, 201602000000242, 1, 170, 0, '2016-09-23 12:47:43', 'GETGLAM', 0, 0),
(201603000001502, 201602000000749, 1, 180, 0, '2016-09-23 12:47:43', 'GETGLAM', 0, 0),
(201603000001503, 201602000000748, 1, 160, 0, '2016-09-23 13:22:19', 'GETGLAM', 0, 0),
(201603000001504, 201602000000719, 1, 195, 0, '2016-09-23 14:20:38', '8THGRAVITY', 0, 0),
(201603000001505, 201602000000083, 1, 260, 0, '2016-09-23 14:23:07', '8THGRAVITY', 0, 0),
(201603000001506, 201602000000725, 1, 185, 0, '2016-09-23 14:23:07', '8THGRAVITY', 0, 0),
(201603000001507, 201602000000499, 1, 250, 0, '2016-09-23 14:23:07', 'STYLECREW', 0, 0),
(201603000001508, 201602000000427, 1, 300, 0, '2016-09-23 14:26:04', '8THGRAVITY', 0, 0),
(201603000001509, 201602000000671, 1, 490, 0, '2016-09-23 14:33:43', 'ZERO2TEN', 0, 0),
(201603000001510, 201602000000105, 1, 450, 0, '2016-09-23 14:33:43', '8THGRAVITY', 0, 0),
(201603000001511, 201602000000711, 1, 320, 0, '2016-09-23 14:33:43', '8THGRAVITY', 0, 0),
(201603000001512, 201602000000383, 1, 30, 0, '2016-09-23 14:35:28', 'SIMPLYFAB', 0, 0),
(201603000001513, 201602000000388, 1, 25, 0, '2016-09-23 14:35:28', 'SIMPLYFAB', 0, 0),
(201603000001514, 201602000000724, 1, 185, 0, '2016-09-23 14:42:52', '8THGRAVITY', 0, 0),
(201603000001515, 201602000000218, 1, 150, 0, '2016-09-23 14:59:14', 'GETGLAM', 0, 0),
(201603000001516, 201602000000228, 1, 120, 0, '2016-09-23 14:59:14', 'GETGLAM', 0, 0),
(201603000001517, 201602000000457, 1, 185, 0, '2016-09-23 14:59:14', '8THGRAVITY', 0, 0),
(201603000001518, 201602000000699, 1, 150, 0, '2016-09-23 15:12:12', 'STYLECREW', 0, 0),
(201603000001519, 201602000000745, 1, 180, 0, '2016-09-23 15:12:12', 'LIZPICKS', 0, 0),
(201603000001520, 201602000000668, 1, 199, 0, '2016-09-23 15:13:38', 'TWELFTHDISTRICT', 0, 0),
(201603000001521, 201602000000092, 1, 380, 0, '2016-09-23 15:16:40', '8THGRAVITY', 0, 0),
(201603000001522, 201602000000646, 1, 499, 0, '2016-09-23 15:16:40', '8THGRAVITY', 0, 0),
(201603000001523, 201602000000723, 1, 250, 0, '2016-09-23 15:16:40', '8THGRAVITY', 0, 0),
(201603000001524, 201602000000260, 1, 250, 0, '2016-09-23 15:20:37', 'PURPLEROW', 0, 0),
(201603000001525, 201602000000036, 1, 185, 0, '2016-09-23 15:20:37', '8THGRAVITY', 0, 0),
(201603000001526, 201602000000723, 1, 250, 0, '2016-09-23 15:24:44', '8THGRAVITY', 0, 0),
(201603000001527, 201602000000185, 1, 77, 0, '2016-09-23 16:39:08', 'UCOMPLETEME', 0, 0),
(201603000001528, 201602000000725, 1, 185, 0, '2016-09-23 17:03:32', '8THGRAVITY', 0, 0),
(201603000001529, 201602000000781, 1, 60, 0, '2016-09-23 17:11:50', '8THGRAVITY', 0, 0),
(201603000001530, 201602000000381, 1, 25, 0, '2016-09-23 17:11:50', 'SIMPLYFAB', 0, 0),
(201603000001531, 201602000000391, 1, 45, 0, '2016-09-23 17:11:50', 'SIMPLYFAB', 0, 0),
(201603000001532, 201602000000557, 1, 198, 0, '2016-09-23 17:11:50', '8THGRAVITY', 0, 0),
(201603000001533, 201602000000273, 1, 220, 0, '2016-09-23 17:15:36', 'TWELFTHDISTRICT', 0, 0),
(201603000001534, 201602000000208, 1, 200, 0, '2016-09-23 17:15:36', 'TWELFTHDISTRICT', 0, 0),
(201603000001535, 201602000000212, 1, 35, 0, '2016-09-23 17:28:07', 'GETGLAM', 0, 0),
(201603000001536, 201602000000125, 1, 399, 0, '2016-09-23 17:33:15', '8THGRAVITY', 0, 0),
(201603000001537, 201602000000093, 1, 249, 0, '2016-09-23 17:33:15', '8THGRAVITY', 0, 0),
(201603000001538, 201602000000425, 1, 250, 12.5, '2016-09-23 18:36:58', '8THGRAVITY', 0, 0),
(201603000001539, 201602000000103, 1, 300, 15, '2016-09-23 18:36:58', '8THGRAVITY', 0, 0),
(201603000001540, 201602000000558, 1, 175, 8, '2016-09-23 18:36:58', '8THGRAVITY', 0, 0),
(201603000001541, 201602000000043, 1, 200, 10, '2016-09-23 18:36:58', '8THGRAVITY', 0, 0),
(201603000001542, 201602000000383, 1, 30, 0, '2016-09-23 18:40:20', 'SIMPLYFAB', 0, 0),
(201603000001543, 201602000000687, 1, 199, 0, '2016-09-23 18:40:20', 'STYLECREW', 0, 0),
(201603000001544, 201602000000723, 1, 250, 0, '2016-09-23 19:06:16', '8THGRAVITY', 0, 0),
(201603000001545, 201602000000692, 1, 150, 0, '2016-09-23 19:06:16', 'STYLECREW', 0, 0),
(201603000001546, 201602000000604, 1, 120, 0, '2016-09-23 19:06:16', '27THFASHION', 0, 0),
(201603000001547, 201602000000594, 1, 580, 29, '2016-09-23 19:06:16', '27THFASHION', 0, 0),
(201603000001548, 201602000000235, 1, 350, 0, '2016-09-23 19:06:16', 'GETGLAM', 0, 0),
(201603000001549, 201602000000597, 1, 450, 22, '2016-09-23 19:06:16', '27THFASHION', 0, 0),
(201603000001550, 201602000000386, 1, 15, 0, '2016-09-23 19:06:16', 'SIMPLYFAB', 0, 0),
(201603000001551, 201602000000729, 1, 195, 39, '2016-09-23 19:41:05', '8THGRAVITY', 0, 0),
(201603000001552, 201602000000027, 1, 200, 40, '2016-09-23 19:41:05', '8THGRAVITY', 0, 0),
(201603000001553, 201602000000187, 1, 88, 0, '2016-09-23 19:41:05', 'UCOMPLETEME', 0, 0),
(201603000001554, 201602000000140, 1, 200, 0, '2016-09-23 19:53:15', '27THFASHION', 0, 0),
(201603000001555, 201602000000723, 1, 250, 0, '2016-09-23 20:09:51', '8THGRAVITY', 0, 0),
(201603000001556, 201602000000724, 1, 185, 0, '2016-09-23 20:11:49', '8THGRAVITY', 0, 0),
(201603000001557, 201602000000726, 1, 265, 0, '2016-09-23 20:11:49', '8THGRAVITY', 0, 0),
(201603000001558, 201602000000724, 1, 185, 0, '2016-09-23 20:11:49', '8THGRAVITY', 0, 0),
(201603000001559, 201602000000261, 1, 299, 0, '2016-09-23 20:29:44', 'PURPLEROW', 0, 0),
(201603000001560, 201602000000289, 1, 180, 0, '2016-09-23 20:32:01', '27THFASHION', 0, 0),
(201603000001561, 201602000000289, 1, 180, 0, '2016-09-23 20:32:01', '27THFASHION', 0, 0),
(201603000001562, 201602000000122, 1, 365, 0, '2016-09-23 20:37:08', '8THGRAVITY', 0, 0),
(201603000001563, 201602000000078, 1, 220, 0, '2016-09-23 20:37:08', '8THGRAVITY', 0, 0),
(201603000001564, 201602000000644, 1, 380, 0, '2016-09-23 20:37:08', '8THGRAVITY', 0, 0),
(201603000001565, 201602000000556, 1, 250, 0, '2016-09-23 20:37:08', '8THGRAVITY', 0, 0),
(201603000001566, 201602000000424, 1, 450, 22.5, '2016-09-23 20:47:39', '8THGRAVITY', 0, 0),
(201603000001567, 201602000000013, 1, 499, 25, '2016-09-23 20:47:39', '27THFASHION', 0, 0),
(201603000001568, 201602000000261, 1, 299, 0, '2016-09-23 20:47:39', 'PURPLEROW', 0, 0),
(201603000001569, 201602000000589, 1, 350, 0, '2016-09-24 11:54:08', '27THFASHION', 0, 0),
(201603000001570, 201602000000456, 1, 165, 0, '2016-09-24 11:54:08', '8THGRAVITY', 0, 0),
(201603000001571, 201602000000045, 1, 220, 0, '2016-09-24 11:54:08', '8THGRAVITY', 0, 0),
(201603000001572, 201602000000294, 1, 75, 0, '2016-09-24 11:54:08', '27THFASHION', 0, 0),
(201603000001573, 201602000000225, 1, 250, 0, '2016-09-24 12:11:53', 'GETGLAM', 0, 0),
(201603000001574, 201602000000199, 1, 150, 0, '2016-09-24 12:15:14', 'TWELFTHDISTRICT', 0, 0),
(201603000001575, 201602000000088, 1, 350, 0, '2016-09-24 12:15:14', '8THGRAVITY', 0, 0),
(201603000001576, 201602000000682, 1, 380, 0, '2016-09-24 12:17:23', 'LIZPICKS', 0, 0),
(201603000001577, 201602000000666, 1, 160, 0, '2016-09-24 12:17:23', 'TWELFTHDISTRICT', 0, 0),
(201603000001578, 201602000000457, 1, 185, 0, '2016-09-24 12:52:10', '8THGRAVITY', 0, 0),
(201603000001579, 201602000000169, 1, 150, 0, '2016-09-24 13:28:32', 'STYLECREW', 0, 0),
(201603000001580, 201602000000078, 1, 220, 0, '2016-09-24 15:09:29', '8THGRAVITY', 0, 0),
(201603000001581, 201602000000552, 1, 250, 0, '2016-09-24 16:27:54', 'STYLECREW', 0, 0),
(201603000001582, 201602000000502, 1, 280, 0, '2016-09-24 17:18:19', 'STYLECREW', 0, 0),
(201603000001583, 201602000000502, 1, 280, 0, '2016-09-24 17:18:19', 'STYLECREW', 0, 0),
(201603000001584, 201602000000699, 1, 150, 0, '2016-09-24 17:31:11', 'STYLECREW', 0, 0),
(201603000001585, 201602000000533, 1, 220, 0, '2016-09-24 18:15:09', 'ZERO2TEN', 0, 0),
(201603000001586, 201602000000698, 1, 280, 0, '2016-09-24 18:31:48', 'STYLECREW', 0, 0),
(201603000001587, 201602000000724, 1, 185, 0, '2016-09-24 18:56:28', '8THGRAVITY', 0, 0),
(201603000001588, 201602000000189, 1, 35, 0, '2016-09-24 19:39:15', 'UCOMPLETEME', 0, 0),
(201603000001589, 201602000000186, 1, 125, 0, '2016-09-24 19:39:15', 'UCOMPLETEME', 0, 0),
(201603000001590, 201602000000521, 1, 2300, 0, '2016-09-24 19:48:36', 'ZERO2TEN', 0, 0),
(201603000001591, 201602000000123, 1, 360, 0, '2016-09-24 19:48:36', '8THGRAVITY', 0, 0),
(201603000001592, 201602000000122, 1, 365, 0, '2016-09-24 19:48:36', '8THGRAVITY', 0, 0),
(201603000001593, 201602000000225, 1, 250, 0, '2016-09-24 20:17:42', 'GETGLAM', 0, 0),
(201603000001594, 201602000000464, 1, 170, 0, '2016-09-24 20:18:40', '8THGRAVITY', 0, 0),
(201603000001595, 201602000000453, 1, 349, 0, '2016-09-25 11:56:39', '8THGRAVITY', 0, 0),
(201603000001596, 201602000000562, 1, 250, 0, '2016-09-25 11:56:39', '8THGRAVITY', 0, 0),
(201603000001597, 201602000000122, 1, 365, 0, '2016-09-25 11:56:39', '8THGRAVITY', 0, 0),
(201603000001598, 201602000000185, 1, 77, 0, '2016-09-25 11:56:39', 'UCOMPLETEME', 0, 0),
(201603000001599, 201602000000020, 1, 250, 0, '2016-09-25 12:01:21', '27THFASHION', 0, 0),
(201603000001600, 201602000000726, 1, 265, 0, '2016-09-25 12:01:21', '8THGRAVITY', 0, 0),
(201603000001601, 201602000000724, 1, 185, 0, '2016-09-25 12:01:21', '8THGRAVITY', 0, 0),
(201603000001602, 201602000000748, 1, 160, 0, '2016-09-25 12:14:32', 'GETGLAM', 0, 0),
(201603000001603, 201602000000187, 1, 88, 0, '2016-09-25 14:20:43', 'UCOMPLETEME', 0, 0),
(201603000001604, 201602000000568, 1, 245, 0, '2016-09-25 15:19:39', '8THGRAVITY', 0, 0),
(201603000001605, 201602000000556, 1, 250, 0, '2016-09-25 16:56:37', '8THGRAVITY', 0, 0),
(201603000001606, 201602000000720, 1, 260, 0, '2016-09-25 17:07:41', '8THGRAVITY', 0, 0),
(201603000001607, 201602000000721, 1, 99, 0, '2016-09-25 17:07:41', '8THGRAVITY', 0, 0),
(201603000001608, 201602000000721, 1, 99, 0, '2016-09-25 17:07:41', '8THGRAVITY', 0, 0),
(201603000001609, 201602000000261, 1, 299, 0, '2016-09-25 17:35:38', 'PURPLEROW', 0, 0),
(201603000001610, 201602000000601, 1, 350, 0, '2016-09-25 17:35:38', '27THFASHION', 0, 0),
(201603000001611, 201602000000733, 1, 249, 0, '2016-09-25 17:35:38', '8THGRAVITY', 0, 0),
(201603000001612, 201602000000606, 1, 475, 0, '2016-09-25 17:35:38', '27THFASHION', 0, 0),
(201603000001613, 201602000000195, 1, 150, 0, '2016-09-25 17:35:38', 'TWELFTHDISTRICT', 0, 0),
(201603000001614, 201602000000719, 1, 195, 0, '2016-09-25 17:35:38', '8THGRAVITY', 0, 0),
(201603000001615, 201602000000064, 1, 150, 0, '2016-09-26 12:41:52', 'TWELFTHDISTRICT', 0, 0),
(201603000001616, 201602000000082, 1, 199, 0, '2016-09-26 14:35:35', '8THGRAVITY', 0, 0),
(201603000001617, 201602000000256, 1, 250, 0, '2016-09-26 17:46:17', 'PURPLEROW', 0, 0),
(201603000001618, 201602000000268, 1, 550, 0, '2016-09-26 17:52:50', 'PURPLEROW', 0, 0),
(201603000001619, 201602000000526, 1, 299, 0, '2016-09-26 17:52:50', 'PURPLEROW', 0, 0),
(201603000001620, 201602000000294, 1, 75, 0, '2016-09-26 17:52:50', '27THFASHION', 0, 0),
(201603000001621, 201602000000566, 1, 230, 0, '2016-09-26 17:54:15', '8THGRAVITY', 0, 0),
(201603000001622, 201602000000011, 1, 270, 0, '2016-09-26 17:54:15', '27THFASHION', 0, 0),
(201603000001623, 201602000000187, 1, 88, 0, '2016-09-26 17:55:43', 'UCOMPLETEME', 0, 0),
(201603000001624, 201602000000601, 1, 350, 0, '2016-09-26 18:07:59', '27THFASHION', 0, 0),
(201603000001625, 201602000000185, 1, 77, 0, '2016-09-26 18:08:55', 'UCOMPLETEME', 0, 0),
(201603000001626, 201602000000390, 1, 35, 0, '2016-09-26 18:20:33', 'SIMPLYFAB', 0, 0),
(201603000001627, 201602000000109, 1, 290, 0, '2016-09-26 18:36:14', '8THGRAVITY', 0, 0),
(201603000001628, 201602000000719, 1, 195, 0, '2016-09-26 18:37:14', '8THGRAVITY', 0, 0),
(201603000001629, 201602000000082, 1, 199, 10, '2016-09-26 18:49:05', '8THGRAVITY', 0, 0),
(201603000001630, 201602000000620, 1, 360, 0, '2016-09-26 19:02:58', 'LIZPICKS', 0, 0),
(201603000001631, 201602000000484, 1, 180, 0, '2016-09-26 19:02:58', '8THGRAVITY', 0, 0),
(201603000001632, 201602000000498, 1, 199, 0, '2016-09-26 19:18:14', 'STYLECREW', 0, 0),
(201603000001633, 201602000000532, 1, 220, 11, '2016-09-26 19:18:14', 'ZERO2TEN', 0, 0),
(201603000001634, 201602000000552, 1, 250, 0, '2016-09-26 19:18:14', 'STYLECREW', 0, 0),
(201603000001635, 201602000000589, 1, 350, 17, '2016-09-26 19:18:14', '27THFASHION', 0, 0),
(201603000001636, 201602000000760, 1, 50, 0, '2016-09-26 19:21:29', 'GETGLAM', 0, 0),
(201603000001637, 201602000000786, 1, 35, 0, '2016-09-26 19:24:47', 'SKULMATE', 0, 0),
(201603000001638, 201602000000751, 1, 80, 0, '2016-09-26 19:36:47', 'GETGLAM', 0, 0),
(201603000001639, 201602000000349, 1, 25, 0, '2016-09-26 19:53:08', 'SKULMATE', 0, 0),
(201603000001640, 201602000000786, 1, 35, 0, '2016-09-26 19:53:08', 'SKULMATE', 0, 0),
(201603000001641, 201602000000733, 1, 249, 0, '2016-09-26 20:11:34', '8THGRAVITY', 0, 0),
(201603000001642, 201602000000218, 1, 150, 0, '2016-09-26 20:25:28', 'GETGLAM', 0, 0),
(201603000001643, 201602000000212, 1, 35, 0, '2016-09-26 20:25:28', 'GETGLAM', 0, 0),
(201603000001644, 201602000000391, 1, 45, 0, '2016-09-26 20:29:26', 'SIMPLYFAB', 0, 0),
(201603000001645, 201602000000519, 1, 450, 0, '2016-09-27 12:06:10', 'ZERO2TEN', 0, 0),
(201603000001646, 201602000000748, 1, 160, 0, '2016-09-27 12:33:45', 'GETGLAM', 0, 0),
(201603000001647, 201602000000640, 1, 250, 0, '2016-09-27 13:47:16', '8THGRAVITY', 0, 0),
(201603000001648, 201602000000738, 1, 370, 0, '2016-09-27 14:05:06', 'LIZPICKS', 0, 0),
(201603000001649, 201602000000225, 1, 250, 0, '2016-09-27 14:05:06', 'GETGLAM', 0, 0),
(201603000001650, 201602000000748, 1, 160, 0, '2016-09-27 14:05:06', 'GETGLAM', 0, 0),
(201603000001651, 201602000000747, 1, 65, 0, '2016-09-27 14:05:06', 'GETGLAM', 0, 0),
(201603000001652, 201602000000748, 1, 160, 0, '2016-09-27 14:24:13', 'GETGLAM', 0, 0),
(201603000001653, 201602000000055, 1, 100, 0, '2016-09-27 15:46:47', 'TWELFTHDISTRICT', 0, 0),
(201603000001654, 201602000000731, 1, 235, 11, '2016-09-27 16:11:10', '8THGRAVITY', 0, 0),
(201603000001655, 201602000000731, 1, 235, 0, '2016-09-27 16:11:10', '8THGRAVITY', 0, 0),
(201603000001656, 201602000000721, 1, 99, 0, '2016-09-27 16:26:50', '8THGRAVITY', 0, 0),
(201603000001657, 201602000000383, 1, 30, 0, '2016-09-27 17:12:04', 'SIMPLYFAB', 0, 0),
(201603000001658, 201602000000186, 1, 125, 0, '2016-09-27 17:17:45', 'UCOMPLETEME', 0, 0),
(201603000001659, 201602000000189, 1, 35, 0, '2016-09-27 17:18:59', 'UCOMPLETEME', 0, 0),
(201603000001660, 201602000000217, 1, 150, 0, '2016-09-27 19:39:03', 'GETGLAM', 0, 0),
(201603000001661, 201602000000552, 1, 250, 0, '2016-09-27 19:45:41', 'STYLECREW', 0, 0),
(201603000001662, 201602000000484, 1, 180, 0, '2016-09-27 19:45:41', '8THGRAVITY', 0, 0),
(201603000001663, 201602000000005, 1, 275, 0, '2016-09-27 19:45:41', '27THFASHION', 0, 0),
(201603000001664, 201602000000066, 1, 125, 0, '2016-09-27 19:52:36', 'TWELFTHDISTRICT', 0, 0),
(201603000001665, 201602000000556, 1, 250, 0, '2016-09-27 20:06:04', '8THGRAVITY', 0, 0),
(201603000001666, 201602000000556, 1, 250, 0, '2016-09-27 20:06:04', '8THGRAVITY', 0, 0),
(201603000001667, 201602000000231, 1, 180, 0, '2016-09-27 20:21:33', 'GETGLAM', 0, 0),
(201603000001668, 201602000000748, 1, 160, 0, '2016-09-27 20:21:33', 'GETGLAM', 0, 0),
(201603000001669, 201602000000639, 1, 220, 0, '2016-09-27 20:36:08', '8THGRAVITY', 0, 0),
(201603000001670, 201602000000641, 1, 170, 0, '2016-09-28 11:06:31', '8THGRAVITY', 0, 0),
(201603000001671, 201602000000716, 1, 295, 0, '2016-09-28 12:27:55', '8THGRAVITY', 0, 0),
(201603000001672, 201602000000639, 1, 220, 0, '2016-09-28 12:29:57', '8THGRAVITY', 0, 0),
(201603000001673, 201602000000261, 1, 299, 0, '2016-09-28 12:44:39', 'PURPLEROW', 0, 0),
(201603000001674, 201602000000463, 1, 270, 0, '2016-09-28 13:20:34', '8THGRAVITY', 0, 0),
(201603000001675, 201602000000231, 1, 180, 0, '2016-09-28 14:55:29', 'GETGLAM', 0, 0),
(201603000001676, 201602000000261, 1, 299, 0, '2016-09-28 15:07:29', 'PURPLEROW', 0, 0),
(201603000001677, 201602000000289, 1, 180, 0, '2016-09-28 15:45:38', '27THFASHION', 0, 0),
(201603000001678, 201602000000812, 1, 280, 0, '2016-09-28 16:10:12', 'ZERO2TEN', 0, 0),
(201603000001679, 201602000000742, 1, 300, 0, '2016-09-28 16:10:12', 'LIZPICKS', 0, 0),
(201603000001680, 201602000000577, 1, 220, 0, '2016-09-28 16:10:12', '8THGRAVITY', 0, 0),
(201603000001681, 201602000000812, 1, 280, 0, '2016-09-28 16:10:13', 'ZERO2TEN', 0, 0),
(201603000001682, 201602000000742, 1, 300, 0, '2016-09-28 16:10:13', 'LIZPICKS', 0, 0),
(201603000001683, 201602000000577, 1, 220, 0, '2016-09-28 16:10:13', '8THGRAVITY', 0, 0),
(201603000001684, 201602000000523, 1, 300, 0, '2016-09-28 17:57:46', 'UCOMPLETEME', 0, 0),
(201603000001685, 201602000000818, 1, 150, 22, '2016-09-28 18:36:55', '8THGRAVITY', 0, 0),
(201603000001686, 201602000000835, 1, 245, 36, '2016-09-28 18:36:55', '8THGRAVITY', 0, 0),
(201603000001687, 201602000000035, 1, 200, 0, '2016-09-28 18:39:10', '8THGRAVITY', 0, 0),
(201603000001688, 201602000000801, 1, 450, 0, '2016-09-28 19:17:24', 'ZERO2TEN', 0, 0),
(201603000001689, 201602000000568, 1, 245, 0, '2016-09-29 11:14:52', '8THGRAVITY', 0, 0),
(201603000001690, 201602000000255, 1, 250, 25, '2016-09-29 12:35:17', 'PURPLEROW', 0, 0),
(201603000001691, 201602000000025, 1, 280, 14, '2016-09-29 12:35:17', '8THGRAVITY', 0, 0),
(201603000001692, 201602000000819, 1, 150, 0, '2016-09-29 12:35:17', '8THGRAVITY', 0, 0),
(201603000001693, 201602000000819, 1, 150, 0, '2016-09-29 12:35:17', '8THGRAVITY', 0, 0),
(201603000001694, 201602000000372, 1, 170, 0, '2016-09-29 12:58:17', 'SIMPLYFAB', 0, 0),
(201603000001695, 201602000000185, 1, 77, 0, '2016-09-29 13:13:02', 'UCOMPLETEME', 0, 0),
(201603000001696, 201602000000603, 1, 199, 19, '2016-09-29 13:26:05', '27THFASHION', 0, 0),
(201603000001697, 201602000000584, 1, 250, 25, '2016-09-29 13:30:56', '27THFASHION', 0, 0),
(201603000001698, 201602000000699, 1, 150, 20, '2016-09-29 13:30:56', 'STYLECREW', 0, 0),
(201603000001699, 201602000000668, 1, 199, 0, '2016-09-29 13:30:56', 'TWELFTHDISTRICT', 0, 0),
(201603000001700, 201602000000563, 1, 250, 0, '2016-09-29 13:30:56', '8THGRAVITY', 0, 0),
(201603000001701, 201602000000828, 1, 185, 0, '2016-09-29 13:30:56', '8THGRAVITY', 0, 0),
(201603000001702, 201602000000494, 1, 150, 15, '2016-09-29 13:46:49', 'STYLECREW', 0, 0);
INSERT INTO `pos_sales` (`sales_id`, `sales_item`, `sales_quantity`, `sales_total`, `sales_discount`, `sales_date`, `sales_supplier`, `sales_st`, `sales_status`) VALUES
(201603000001703, 201602000000496, 1, 199, 19, '2016-09-29 13:46:49', 'STYLECREW', 0, 0),
(201603000001704, 201602000000496, 1, 199, 29, '2016-09-29 13:49:04', 'STYLECREW', 0, 0),
(201603000001705, 201602000000169, 1, 150, 22, '2016-09-29 13:49:04', 'STYLECREW', 0, 0),
(201603000001706, 201602000000289, 1, 180, 18, '2016-09-29 14:56:27', '27THFASHION', 0, 0),
(201603000001707, 201602000000570, 1, 185, 18, '2016-09-29 15:25:33', '8THGRAVITY', 0, 0),
(201603000001708, 201602000000639, 1, 220, 22, '2016-09-29 15:35:04', '8THGRAVITY', 0, 0),
(201603000001709, 201602000000811, 1, 280, 0, '2016-09-29 15:41:04', 'ZERO2TEN', 0, 0),
(201603000001710, 201602000000290, 1, 125, 12, '2016-09-29 15:47:36', '27THFASHION', 0, 0),
(201603000001711, 201602000000378, 1, 50, 8, '2016-09-29 15:47:36', 'SIMPLYFAB', 0, 0),
(201603000001712, 201602000000699, 1, 150, 22, '2016-09-29 16:12:47', 'STYLECREW', 0, 0),
(201603000001713, 201602000000748, 1, 160, 16, '2016-09-29 16:31:54', 'GETGLAM', 0, 0),
(201603000001714, 201602000000826, 1, 199, 20, '2016-09-29 16:42:57', '8THGRAVITY', 0, 0),
(201603000001715, 201602000000491, 1, 150, 22, '2016-09-29 16:42:57', 'STYLECREW', 0, 0),
(201603000001716, 201602000000826, 1, 199, 20, '2016-09-29 16:44:24', '8THGRAVITY', 0, 0),
(201603000001717, 201602000000591, 1, 250, 25, '2016-09-29 16:44:24', '27THFASHION', 0, 0),
(201603000001718, 201602000000847, 1, 280, 0, '2016-09-29 16:47:28', 'LIZPICKS', 0, 0),
(201603000001719, 201602000000097, 1, 250, 25, '2016-09-29 16:47:28', '8THGRAVITY', 0, 0),
(201603000001720, 201602000000828, 1, 185, 18, '2016-09-29 16:48:37', '8THGRAVITY', 0, 0),
(201603000001721, 201602000000565, 1, 199, 20, '2016-09-29 16:49:39', '8THGRAVITY', 0, 0),
(201603000001722, 201602000000839, 1, 370, 37, '2016-09-29 16:51:16', 'LIZPICKS', 0, 0),
(201603000001723, 201602000000843, 1, 360, 36, '2016-09-29 16:54:22', 'LIZPICKS', 0, 0),
(201603000001724, 201602000000815, 1, 280, 56, '2016-09-29 17:05:38', 'TWELFTHDISTRICT', 0, 0),
(201603000001725, 201602000000819, 1, 150, 15, '2016-09-29 17:09:12', '8THGRAVITY', 0, 0),
(201603000001726, 201602000000748, 1, 160, 16, '2016-09-29 17:11:39', 'GETGLAM', 0, 0),
(201603000001727, 201602000000717, 1, 299, 30, '2016-09-29 17:15:51', '8THGRAVITY', 0, 0),
(201603000001728, 201602000000194, 1, 150, 30, '2016-09-29 17:15:51', 'TWELFTHDISTRICT', 0, 0),
(201603000001729, 201602000000421, 1, 300, 30, '2016-09-29 17:21:31', 'ZERO2TEN', 0, 0),
(201603000001730, 201602000000829, 1, 280, 28, '2016-09-29 17:21:31', '8THGRAVITY', 0, 0),
(201603000001731, 201602000000187, 1, 88, 8, '2016-09-29 17:22:42', 'UCOMPLETEME', 0, 0),
(201603000001732, 201602000000078, 1, 220, 44, '2016-09-29 17:49:11', '8THGRAVITY', 0, 0),
(201603000001733, 201602000000463, 1, 270, 0, '2016-09-29 17:50:53', '8THGRAVITY', 0, 0),
(201603000001734, 201602000000690, 1, 250, 38, '2016-09-29 17:50:53', 'STYLECREW', 0, 0),
(201603000001735, 201602000000698, 1, 280, 42, '2016-09-29 17:52:51', 'STYLECREW', 0, 0),
(201603000001736, 201602000000748, 1, 160, 16, '2016-09-29 17:52:51', 'GETGLAM', 0, 0),
(201603000001737, 201602000000605, 1, 400, 40, '2016-09-29 18:23:54', '27THFASHION', 0, 0),
(201603000001738, 201602000000749, 1, 180, 18, '2016-09-29 19:05:32', 'GETGLAM', 0, 0),
(201603000001739, 201602000000033, 1, 150, 15, '2016-09-29 19:07:46', '8THGRAVITY', 0, 0),
(201603000001740, 201602000000640, 1, 250, 25, '2016-09-29 19:07:46', '8THGRAVITY', 0, 0),
(201603000001741, 201602000000484, 1, 180, 36, '2016-09-29 19:10:26', '8THGRAVITY', 0, 0),
(201603000001742, 201602000000005, 1, 275, 27, '2016-09-29 19:13:43', '27THFASHION', 0, 0),
(201603000001743, 201602000000839, 1, 370, 37, '2016-09-29 19:15:34', 'LIZPICKS', 0, 0),
(201603000001744, 201602000000827, 1, 250, 25, '2016-09-29 19:16:33', '8THGRAVITY', 0, 0),
(201603000001745, 201602000000786, 1, 35, 4, '2016-09-29 19:31:30', 'SKULMATE', 0, 0),
(201603000001746, 201602000000563, 1, 250, 25, '2016-09-29 19:59:44', '8THGRAVITY', 0, 0),
(201603000001747, 201602000000394, 1, 25, 3, '2016-09-29 20:05:10', 'SIMPLYFAB', 0, 0),
(201603000001748, 201602000000728, 1, 265, 27, '2016-09-29 20:11:38', '8THGRAVITY', 0, 0),
(201603000001749, 201602000000231, 1, 180, 18, '2016-09-29 20:17:32', 'GETGLAM', 0, 0),
(201603000001750, 201602000000497, 1, 180, 27, '2016-09-30 11:36:25', 'STYLECREW', 0, 0),
(201603000001751, 201602000000463, 1, 270, 27, '2016-09-30 11:36:25', '8THGRAVITY', 0, 0),
(201603000001752, 201602000000490, 1, 240, 36, '2016-09-30 11:38:07', 'STYLECREW', 0, 0),
(201603000001753, 201602000000640, 1, 250, 25, '2016-09-30 11:39:31', '8THGRAVITY', 0, 0),
(201603000001754, 201602000000640, 1, 250, 0, '2016-09-30 11:39:31', '8THGRAVITY', 0, 0),
(201603000001755, 201602000000393, 1, 40, 6, '2016-09-30 11:42:50', 'SIMPLYFAB', 0, 0),
(201603000001756, 201602000000185, 1, 77, 39, '2016-09-30 12:00:14', 'UCOMPLETEME', 0, 0),
(201603000001757, 201602000000127, 1, 385, 39, '2016-09-30 12:09:09', '8THGRAVITY', 0, 0),
(201603000001758, 201602000000640, 1, 250, 25, '2016-09-30 12:19:17', '8THGRAVITY', 0, 0),
(201603000001759, 201602000000219, 1, 180, 18, '2016-09-30 12:25:32', 'GETGLAM', 0, 0),
(201603000001760, 201602000000378, 1, 50, 8, '2016-09-30 12:25:32', 'SIMPLYFAB', 0, 0),
(201603000001761, 201602000000360, 1, 89, 18, '2016-09-30 12:38:03', 'SKULMATE', 0, 0),
(201603000001762, 201602000000378, 1, 50, 8, '2016-09-30 12:45:03', 'SIMPLYFAB', 0, 0),
(201603000001763, 201602000000556, 1, 250, 25, '2016-09-30 13:20:37', '8THGRAVITY', 0, 0),
(201603000001764, 201602000000164, 1, 250, 38, '2016-09-30 13:36:48', 'STYLECREW', 0, 0),
(201603000001765, 201602000000385, 1, 20, 3, '2016-09-30 13:51:44', 'SIMPLYFAB', 0, 0),
(201603000001766, 201602000000388, 1, 25, 4, '2016-09-30 13:51:44', 'SIMPLYFAB', 0, 0),
(201603000001767, 201602000000723, 1, 250, 25, '2016-09-30 14:46:38', '8THGRAVITY', 0, 0),
(201603000001768, 201602000000490, 1, 240, 36, '2016-09-30 14:46:38', 'STYLECREW', 0, 0),
(201603000001769, 201602000000501, 1, 199, 30, '2016-09-30 14:46:38', 'STYLECREW', 0, 0),
(201603000001770, 201602000000188, 1, 250, 100, '2016-09-30 14:46:38', 'UCOMPLETEME', 0, 0),
(201603000001771, 201602000000188, 1, 250, 0, '2016-09-30 14:46:38', 'UCOMPLETEME', 0, 0),
(201603000001772, 201602000000724, 1, 185, 19, '2016-09-30 14:46:38', '8THGRAVITY', 0, 0),
(201603000001773, 201602000000826, 1, 199, 20, '2016-09-30 15:03:51', '8THGRAVITY', 0, 0),
(201603000001774, 201602000000302, 1, 349, 35, '2016-09-30 15:06:57', '27THFASHION', 0, 0),
(201603000001775, 201602000000212, 1, 35, 4, '2016-09-30 15:12:40', 'GETGLAM', 0, 0),
(201603000001776, 201602000000639, 1, 220, 22, '2016-09-30 15:21:43', '8THGRAVITY', 0, 0),
(201603000001777, 201602000000686, 1, 200, 0, '2016-09-30 15:43:42', 'LIZPICKS', 0, 0),
(201603000001778, 201602000000727, 1, 270, 27, '2016-09-30 15:43:42', '8THGRAVITY', 0, 0),
(201603000001779, 201602000000817, 1, 160, 32, '2016-09-30 15:43:42', 'TWELFTHDISTRICT', 0, 0),
(201603000001780, 201602000000817, 1, 160, 0, '2016-09-30 15:43:42', 'TWELFTHDISTRICT', 0, 0),
(201603000001781, 201602000000690, 1, 250, 38, '2016-09-30 15:43:42', 'STYLECREW', 0, 0),
(201603000001782, 201602000000556, 1, 250, 25, '2016-09-30 15:43:42', '8THGRAVITY', 0, 0),
(201603000001783, 201602000000289, 1, 180, 18, '2016-09-30 15:43:42', '27THFASHION', 0, 0),
(201603000001784, 201602000000456, 1, 165, 17, '2016-09-30 15:58:38', '8THGRAVITY', 0, 0),
(201603000001785, 201602000000457, 1, 185, 19, '2016-09-30 15:58:38', '8THGRAVITY', 0, 0),
(201603000001786, 201602000000448, 1, 220, 22, '2016-09-30 16:05:19', '8THGRAVITY', 0, 0),
(201603000001787, 201602000000565, 1, 199, 20, '2016-09-30 16:15:31', '8THGRAVITY', 0, 0),
(201603000001788, 201602000000166, 1, 150, 22, '2016-09-30 16:15:31', 'STYLECREW', 0, 0),
(201603000001789, 201602000000049, 1, 100, 10, '2016-09-30 16:15:31', 'TWELFTHDISTRICT', 0, 0),
(201603000001790, 201602000000077, 1, 50, 5, '2016-09-30 16:15:59', 'TWELFTHDISTRICT', 0, 0),
(201603000001791, 201602000000484, 1, 180, 36, '2016-09-30 16:42:27', '8THGRAVITY', 0, 0),
(201603000001792, 201602000000828, 1, 185, 19, '2016-09-30 16:42:27', '8THGRAVITY', 0, 0),
(201603000001793, 201602000000731, 1, 235, 24, '2016-09-30 17:20:50', '8THGRAVITY', 0, 0),
(201603000001794, 201602000000146, 1, 199, 20, '2016-09-30 17:20:50', '27THFASHION', 0, 0),
(201603000001795, 201602000000598, 1, 299, 30, '2016-09-30 17:20:50', '27THFASHION', 0, 0),
(201603000001796, 201602000000752, 1, 90, 9, '2016-09-30 17:20:50', 'GETGLAM', 0, 0),
(201603000001797, 201602000000720, 1, 260, 26, '2016-09-30 17:59:05', '8THGRAVITY', 0, 0),
(201603000001798, 201602000000460, 1, 300, 30, '2016-09-30 18:00:18', '8THGRAVITY', 0, 0),
(201603000001799, 201602000000783, 1, 170, 17, '2016-09-30 18:05:11', '8THGRAVITY', 0, 0),
(201603000001800, 201602000000135, 1, 230, 115, '2016-09-30 18:32:49', '8THGRAVITY', 0, 0),
(201603000001801, 201602000000553, 1, 199, 30, '2016-09-30 18:32:49', 'STYLECREW', 0, 0),
(201603000001802, 201602000000584, 1, 250, 25, '2016-09-30 18:32:49', '27THFASHION', 0, 0),
(201603000001803, 201602000000814, 1, 199, 40, '2016-09-30 18:34:54', 'TWELFTHDISTRICT', 0, 0),
(201603000001804, 201602000000662, 1, 150, 30, '2016-09-30 18:39:27', 'TWELFTHDISTRICT', 0, 0),
(201603000001805, 201602000000699, 1, 150, 22, '2016-09-30 18:44:56', 'STYLECREW', 0, 0),
(201603000001806, 201602000000495, 1, 150, 22, '2016-09-30 18:44:56', 'STYLECREW', 0, 0),
(201603000001807, 201602000000699, 1, 150, 0, '2016-09-30 18:44:56', 'STYLECREW', 0, 0),
(201603000001808, 201602000000724, 1, 185, 18, '2016-09-30 19:11:12', '8THGRAVITY', 0, 0),
(201603000001809, 201602000000566, 1, 230, 23, '2016-09-30 19:11:12', '8THGRAVITY', 0, 0),
(201603000001810, 201602000000490, 1, 240, 36, '2016-09-30 19:36:46', 'STYLECREW', 0, 0),
(201603000001811, 201602000000204, 1, 250, 50, '2016-09-30 19:40:11', 'TWELFTHDISTRICT', 0, 0),
(201603000001812, 201602000000644, 1, 380, 38, '2016-09-30 19:45:26', '8THGRAVITY', 0, 0),
(201603000001813, 201602000000560, 1, 149, 15, '2016-09-30 19:48:29', '8THGRAVITY', 0, 0),
(201603000001814, 201602000000724, 1, 185, 19, '2016-09-30 20:00:52', '8THGRAVITY', 0, 0),
(201603000001815, 201602000000669, 1, 180, 36, '2016-09-30 20:09:35', 'TWELFTHDISTRICT', 0, 0),
(201603000001816, 201602000000730, 1, 285, 28, '2016-09-30 20:09:35', '8THGRAVITY', 0, 0),
(201603000001817, 201602000000464, 1, 170, 17, '2016-09-30 20:31:47', '8THGRAVITY', 0, 0),
(201603000001818, 201602000000729, 1, 195, 19, '2016-09-30 20:31:47', '8THGRAVITY', 0, 0),
(201603000001819, 201602000000463, 1, 270, 27, '2016-09-30 20:31:47', '8THGRAVITY', 0, 0),
(201603000001820, 201602000000806, 1, 450, 67, '2016-09-30 20:34:00', 'ZERO2TEN', 0, 0),
(201603000001821, 201602000000136, 1, 250, 125, '2016-09-30 20:39:13', '8THGRAVITY', 0, 0),
(201603000001822, 201602000000558, 1, 175, 35, '2016-09-30 20:40:48', '8THGRAVITY', 0, 0),
(201603000001823, 201602000000463, 1, 270, 27, '2016-10-01 10:44:24', '8THGRAVITY', 0, 0),
(201603000001824, 201602000000835, 1, 245, 24, '2016-10-01 11:15:47', '8THGRAVITY', 0, 0),
(201603000001825, 201602000000587, 1, 580, 58, '2016-10-01 11:28:09', '27THFASHION', 0, 0),
(201603000001826, 201602000000245, 1, 250, 25, '2016-10-01 11:31:15', 'GETGLAM', 0, 0),
(201603000001827, 201602000000827, 1, 250, 25, '2016-10-01 12:12:39', '8THGRAVITY', 0, 0),
(201603000001828, 201602000000821, 1, 160, 16, '2016-10-01 12:12:39', '8THGRAVITY', 0, 0),
(201603000001829, 201602000000587, 1, 580, 58, '2016-10-01 12:12:39', '27THFASHION', 0, 0),
(201603000001830, 201602000000853, 1, 350, 35, '2016-10-01 12:12:39', 'LIZPICKS', 0, 0),
(201603000001831, 201602000000567, 1, 199, 19, '2016-10-01 12:55:55', '8THGRAVITY', 0, 0),
(201603000001832, 201602000000201, 1, 190, 38, '2016-10-01 12:55:55', 'TWELFTHDISTRICT', 0, 0),
(201603000001833, 201602000000467, 1, 200, 20, '2016-10-01 13:03:25', '8THGRAVITY', 0, 0),
(201603000001834, 201602000000582, 1, 250, 25, '2016-10-01 13:03:25', '27THFASHION', 0, 0),
(201603000001835, 201602000000725, 1, 185, 18, '2016-10-01 13:03:25', '8THGRAVITY', 0, 0),
(201603000001836, 201602000000512, 1, 320, 0, '2016-10-01 13:03:25', 'ZERO2TEN', 0, 0),
(201603000001837, 201602000000644, 1, 380, 38, '2016-10-01 13:03:25', '8THGRAVITY', 0, 0),
(201603000001838, 201602000000225, 1, 250, 25, '2016-10-01 13:23:59', 'GETGLAM', 0, 0),
(201603000001839, 201602000000643, 1, 199, 19, '2016-10-01 13:38:36', '8THGRAVITY', 0, 0),
(201603000001840, 201602000000185, 1, 77, 0, '2016-10-01 13:40:52', 'UCOMPLETEME', 0, 0),
(201603000001841, 201602000000553, 1, 199, 29, '2016-10-01 14:14:30', 'STYLECREW', 0, 0),
(201603000001842, 201602000000081, 1, 180, 18, '2016-10-01 14:59:57', '8THGRAVITY', 0, 0),
(201603000001843, 201602000000045, 1, 220, 22, '2016-10-01 14:59:57', '8THGRAVITY', 0, 0),
(201603000001844, 201602000000818, 1, 150, 15, '2016-10-01 15:02:52', '8THGRAVITY', 0, 0),
(201603000001845, 201602000000828, 1, 185, 0, '2016-10-01 15:44:07', '8THGRAVITY', 0, 0),
(201603000001846, 201602000000814, 1, 199, 39, '2016-10-01 15:50:29', 'TWELFTHDISTRICT', 0, 0),
(201603000001847, 201602000000253, 1, 200, 20, '2016-10-01 15:50:29', 'GETGLAM', 0, 0),
(201603000001848, 201602000000565, 1, 199, 19, '2016-10-01 16:24:28', '8THGRAVITY', 0, 0),
(201603000001849, 201602000000140, 1, 200, 20, '2016-10-01 16:24:28', '27THFASHION', 0, 0),
(201603000001850, 201602000000643, 1, 199, 19, '2016-10-01 16:24:28', '8THGRAVITY', 0, 0),
(201603000001851, 201602000000821, 1, 160, 16, '2016-10-01 16:44:55', '8THGRAVITY', 0, 0),
(201603000001852, 201602000000821, 1, 160, 0, '2016-10-01 16:44:55', '8THGRAVITY', 0, 0),
(201603000001853, 201602000000405, 1, 150, 30, '2016-10-01 16:47:13', 'TWELFTHDISTRICT', 0, 0),
(201603000001854, 201602000000016, 1, 200, 20, '2016-10-01 16:47:13', '27THFASHION', 0, 0),
(201603000001855, 201602000000089, 1, 450, 45, '2016-10-01 16:53:23', '8THGRAVITY', 0, 0),
(201603000001856, 201602000000169, 1, 150, 22, '2016-10-01 16:53:23', 'STYLECREW', 0, 0),
(201603000001857, 201602000000570, 1, 185, 18, '2016-10-01 16:53:23', '8THGRAVITY', 0, 0),
(201603000001858, 201602000000450, 1, 399, 39, '2016-10-01 16:57:47', '8THGRAVITY', 0, 0),
(201603000001859, 201602000000428, 1, 300, 30, '2016-10-01 16:57:47', '8THGRAVITY', 0, 0),
(201603000001860, 201602000000428, 1, 300, 0, '2016-10-01 16:57:47', '8THGRAVITY', 0, 0),
(201603000001861, 201602000000427, 1, 300, 30, '2016-10-01 16:57:47', '8THGRAVITY', 0, 0),
(201603000001862, 201602000000185, 1, 77, 7, '2016-10-01 17:28:41', 'UCOMPLETEME', 0, 0),
(201603000001863, 201602000000725, 1, 185, 18, '2016-10-01 17:28:41', '8THGRAVITY', 0, 0),
(201603000001864, 201602000000695, 1, 250, 37, '2016-10-01 17:29:17', 'STYLECREW', 0, 0),
(201603000001865, 201602000000044, 1, 200, 20, '2016-10-01 17:32:10', '8THGRAVITY', 0, 0),
(201603000001866, 201602000000558, 1, 175, 17, '2016-10-01 17:37:09', '8THGRAVITY', 0, 0),
(201603000001867, 201602000000558, 1, 175, 0, '2016-10-01 17:37:09', '8THGRAVITY', 0, 0),
(201603000001868, 201602000000218, 1, 150, 15, '2016-10-01 17:47:29', 'GETGLAM', 0, 0),
(201603000001869, 201602000000658, 1, 150, 15, '2016-10-01 17:53:41', '8THGRAVITY', 0, 0),
(201603000001870, 201602000000391, 1, 45, 4.5, '2016-10-01 17:53:41', 'SIMPLYFAB', 0, 0),
(201603000001871, 201602000000388, 1, 25, 2.5, '2016-10-01 17:53:41', 'SIMPLYFAB', 0, 0),
(201603000001872, 201602000000854, 1, 650, 65, '2016-10-01 18:15:25', 'LIZPICKS', 0, 0),
(201603000001873, 201602000000463, 1, 270, 27, '2016-10-01 18:15:25', '8THGRAVITY', 0, 0),
(201603000001874, 201602000000463, 1, 270, 0, '2016-10-01 18:15:25', '8THGRAVITY', 0, 0),
(201603000001875, 201602000000174, 1, 150, 22.5, '2016-10-01 18:42:15', 'STYLECREW', 0, 0),
(201603000001876, 201602000000040, 1, 200, 20, '2016-10-01 19:00:32', '8THGRAVITY', 0, 0),
(201603000001877, 201602000000040, 1, 200, 20, '2016-10-01 19:00:33', '8THGRAVITY', 0, 0),
(201603000001878, 201602000000242, 1, 170, 17, '2016-10-01 19:26:44', 'GETGLAM', 0, 0),
(201603000001879, 201602000000040, 1, 200, 20, '2016-10-01 19:26:44', '8THGRAVITY', 0, 0),
(201603000001880, 201602000000414, 1, 200, 40, '2016-10-01 19:45:46', 'TWELFTHDISTRICT', 0, 0),
(201603000001881, 201602000000099, 1, 290, 29, '2016-10-01 19:45:46', '8THGRAVITY', 0, 0),
(201603000001882, 201602000000712, 1, 190, 19, '2016-10-01 19:47:44', '8THGRAVITY', 0, 0),
(201603000001883, 201602000000642, 1, 185, 18, '2016-10-01 20:33:10', '8THGRAVITY', 0, 0),
(201603000001884, 201602000000463, 1, 270, 27, '2016-10-01 20:41:27', '8THGRAVITY', 0, 0),
(201603000001885, 201602000000503, 1, 250, 50, '2016-10-01 20:41:27', 'STYLECREW', 0, 0),
(201603000001886, 201602000000187, 1, 88, 8, '2016-10-01 20:44:03', 'UCOMPLETEME', 0, 0),
(201603000001887, 201602000000043, 1, 200, 20, '2016-10-01 20:44:26', '8THGRAVITY', 0, 0),
(201603000001888, 201602000000827, 1, 250, 25, '2016-10-02 11:43:46', '8THGRAVITY', 0, 0),
(201603000001889, 201602000000583, 1, 399, 39, '2016-10-02 12:24:14', '27THFASHION', 0, 0),
(201603000001890, 201602000000827, 1, 250, 25, '2016-10-02 12:24:14', '8THGRAVITY', 0, 0),
(201603000001891, 201602000000214, 1, 150, 15, '2016-10-02 13:38:42', 'GETGLAM', 0, 0),
(201603000001892, 201602000000185, 1, 77, 7, '2016-10-02 13:44:29', 'UCOMPLETEME', 0, 0),
(201603000001893, 201602000000523, 1, 300, 30, '2016-10-02 13:55:24', 'UCOMPLETEME', 0, 0),
(201603000001894, 201602000000552, 1, 250, 37, '2016-10-02 14:54:13', 'STYLECREW', 0, 0),
(201603000001895, 201602000000455, 1, 165, 16, '2016-10-02 14:54:13', '8THGRAVITY', 0, 0),
(201603000001896, 201602000000814, 1, 199, 39, '2016-10-02 15:55:47', 'TWELFTHDISTRICT', 0, 0),
(201603000001897, 201602000000687, 1, 199, 29, '2016-10-02 15:55:47', 'STYLECREW', 0, 0),
(201603000001898, 201602000000034, 1, 150, 15, '2016-10-02 15:55:47', '8THGRAVITY', 0, 0),
(201603000001899, 201602000000042, 1, 250, 25, '2016-10-02 15:59:09', '8THGRAVITY', 0, 0),
(201603000001900, 201602000000733, 1, 249, 24, '2016-10-02 15:59:09', '8THGRAVITY', 0, 0),
(201603000001901, 201602000000730, 1, 285, 28, '2016-10-02 15:59:09', '8THGRAVITY', 0, 0),
(201603000001902, 201602000000740, 1, 260, 13, '2016-10-02 16:01:21', 'LIZPICKS', 0, 0),
(201603000001903, 201602000000612, 1, 299, 29, '2016-10-02 16:14:49', '27THFASHION', 0, 0),
(201603000001904, 201602000000517, 1, 300, 120, '2016-10-02 16:14:49', 'ZERO2TEN', 0, 0),
(201603000001905, 201602000000832, 1, 175, 17, '2016-10-02 16:17:02', '8THGRAVITY', 0, 0),
(201603000001906, 201602000000723, 1, 250, 25, '2016-10-02 16:17:02', '8THGRAVITY', 0, 0),
(201603000001907, 201602000000648, 1, 249, 24, '2016-10-02 16:18:16', '8THGRAVITY', 0, 0),
(201603000001908, 201602000000642, 1, 185, 18, '2016-10-02 16:41:11', '8THGRAVITY', 0, 0),
(201603000001909, 201602000000714, 1, 215, 21, '2016-10-02 16:45:09', '8THGRAVITY', 0, 0),
(201603000001910, 201602000000519, 1, 450, 22, '2016-10-02 16:53:01', 'ZERO2TEN', 0, 0),
(201603000001911, 201602000000484, 1, 180, 36, '2016-10-02 17:08:10', '8THGRAVITY', 0, 0),
(201603000001912, 201602000000484, 1, 180, 0, '2016-10-02 17:08:10', '8THGRAVITY', 0, 0),
(201603000001913, 201602000000260, 1, 250, 25, '2016-10-02 17:08:10', 'PURPLEROW', 0, 0),
(201603000001914, 201602000000261, 1, 299, 29, '2016-10-02 17:08:10', 'PURPLEROW', 0, 0),
(201603000001915, 201602000000502, 1, 280, 42, '2016-10-02 17:18:22', 'STYLECREW', 0, 0),
(201603000001916, 201602000000709, 1, 250, 25, '2016-10-02 17:18:22', '27THFASHION', 0, 0),
(201603000001917, 201602000000724, 1, 185, 18, '2016-10-03 10:48:42', '8THGRAVITY', 0, 0),
(201603000001918, 201602000000425, 1, 250, 25, '2016-10-03 12:56:39', '8THGRAVITY', 0, 0),
(201603000001919, 201602000000422, 1, 280, 0, '2016-10-03 13:09:54', 'ZERO2TEN', 0, 0),
(201603000001920, 201602000000790, 1, 199, 19, '2016-10-03 13:30:21', 'SKULMATE', 0, 0),
(201603000001921, 201602000000381, 1, 25, 0, '2016-10-03 14:26:00', 'SIMPLYFAB', 0, 0),
(201603000001922, 201602000000381, 1, 25, 0, '2016-10-03 14:26:00', 'SIMPLYFAB', 0, 0),
(201603000001923, 201602000000381, 1, 25, 0, '2016-10-03 14:26:00', 'SIMPLYFAB', 0, 0),
(201603000001924, 201602000000380, 1, 25, 0, '2016-10-03 14:26:00', 'SIMPLYFAB', 0, 0),
(201603000001925, 201602000000386, 1, 15, 0, '2016-10-03 14:26:00', 'SIMPLYFAB', 0, 0),
(201603000001926, 201602000000699, 1, 150, 0, '2016-10-03 14:26:00', 'STYLECREW', 0, 0),
(201603000001927, 201602000000060, 1, 170, 0, '2016-10-03 14:27:08', 'TWELFTHDISTRICT', 0, 0),
(201603000001928, 201602000000748, 1, 160, 0, '2016-10-03 15:38:59', 'GETGLAM', 0, 0),
(201603000001929, 201602000000748, 1, 160, 0, '2016-10-03 15:38:59', 'GETGLAM', 0, 0),
(201603000001930, 201602000000421, 1, 300, 30, '2016-10-03 16:01:17', 'ZERO2TEN', 0, 0),
(201603000001931, 201602000000748, 1, 160, 0, '2016-10-03 16:17:15', 'GETGLAM', 0, 0),
(201603000001932, 201602000000751, 1, 80, 0, '2016-10-03 16:17:15', 'GETGLAM', 0, 0),
(201603000001933, 201602000000748, 1, 160, 0, '2016-10-03 16:20:42', 'GETGLAM', 0, 0),
(201603000001934, 201602000000226, 1, 160, 0, '2016-10-03 16:20:42', 'GETGLAM', 0, 0),
(201603000001935, 201602000000721, 1, 99, 9, '2016-10-03 16:23:54', '8THGRAVITY', 0, 0),
(201603000001936, 201602000000721, 1, 99, 0, '2016-10-03 16:23:54', '8THGRAVITY', 0, 0),
(201603000001937, 201602000000721, 1, 99, 0, '2016-10-03 16:23:54', '8THGRAVITY', 0, 0),
(201603000001938, 201602000000165, 1, 199, 0, '2016-10-03 16:23:54', 'STYLECREW', 0, 0),
(201603000001939, 201602000000792, 1, 200, 0, '2016-10-03 16:23:54', 'SKULMATE', 0, 0),
(201603000001940, 201602000000790, 1, 199, 0, '2016-10-03 16:23:54', 'SKULMATE', 0, 0),
(201603000001941, 201602000000390, 1, 35, 0, '2016-10-03 16:23:54', 'SIMPLYFAB', 0, 0),
(201603000001942, 201602000000221, 1, 160, 0, '2016-10-03 16:25:27', 'GETGLAM', 0, 0),
(201603000001943, 201602000000218, 1, 150, 0, '2016-10-03 16:25:27', 'GETGLAM', 0, 0),
(201603000001944, 201602000000720, 1, 260, 26, '2016-10-03 17:28:07', '8THGRAVITY', 0, 0),
(201603000001945, 201602000000815, 1, 280, 0, '2016-10-03 17:32:36', 'TWELFTHDISTRICT', 0, 0),
(201603000001946, 201602000000765, 1, 280, 0, '2016-10-03 17:32:36', 'PURPLEROW', 0, 0),
(201603000001947, 201602000000375, 1, 25, 2.5, '2016-10-03 17:47:36', 'SIMPLYFAB', 0, 0),
(201603000001948, 201602000000729, 1, 195, 19, '2016-10-03 17:47:36', '8THGRAVITY', 0, 0),
(201603000001949, 201602000000448, 1, 220, 22, '2016-10-03 18:19:35', '8THGRAVITY', 0, 0),
(201603000001950, 201602000000830, 1, 195, 19.5, '2016-10-03 18:19:35', '8THGRAVITY', 0, 0),
(201603000001951, 201602000000724, 1, 185, 18.5, '2016-10-03 18:19:35', '8THGRAVITY', 0, 0),
(201603000001952, 201602000000202, 1, 150, 0, '2016-10-03 18:19:35', 'TWELFTHDISTRICT', 0, 0),
(201603000001953, 201602000000618, 1, 499, 0, '2016-10-03 18:19:35', '27THFASHION', 0, 0),
(201603000001954, 201602000000725, 1, 185, 0, '2016-10-03 18:19:35', '8THGRAVITY', 0, 0),
(201603000001955, 201602000000798, 1, 450, 0, '2016-10-03 18:19:35', 'ZERO2TEN', 0, 0),
(201603000001956, 201602000000247, 1, 250, 0, '2016-10-03 18:26:09', 'GETGLAM', 0, 0),
(201603000001957, 201602000000229, 1, 120, 0, '2016-10-03 18:26:09', 'GETGLAM', 0, 0),
(201603000001958, 201602000000225, 1, 250, 0, '2016-10-03 18:26:09', 'GETGLAM', 0, 0),
(201603000001959, 201602000000231, 1, 180, 0, '2016-10-03 18:26:09', 'GETGLAM', 0, 0),
(201603000001960, 201602000000238, 1, 99, 0, '2016-10-03 18:27:26', 'GETGLAM', 0, 0),
(201603000001961, 201602000000229, 1, 120, 0, '2016-10-03 18:27:26', 'GETGLAM', 0, 0),
(201603000001962, 201602000000135, 1, 230, 23, '2016-10-03 18:54:08', '8THGRAVITY', 0, 0),
(201603000001963, 201602000000780, 1, 250, 25, '2016-10-03 18:54:08', '8THGRAVITY', 0, 0),
(201603000001964, 201602000000109, 1, 290, 29, '2016-10-03 18:54:08', '8THGRAVITY', 0, 0),
(201603000001965, 201602000000431, 1, 300, 30, '2016-10-03 19:22:26', '8THGRAVITY', 0, 0),
(201603000001966, 201602000000441, 1, 450, 45, '2016-10-03 19:22:26', '8THGRAVITY', 0, 0),
(201603000001967, 201602000000499, 1, 250, 0, '2016-10-03 19:22:54', 'STYLECREW', 0, 0),
(201603000001968, 201602000000495, 1, 150, 0, '2016-10-03 19:52:31', 'STYLECREW', 0, 0),
(201603000001969, 201602000000769, 1, 250, 0, '2016-10-03 20:16:07', 'PURPLEROW', 0, 0),
(201603000001970, 201602000000230, 1, 160, 0, '2016-10-03 20:28:34', 'GETGLAM', 0, 0),
(201603000001971, 201602000000713, 1, 330, 0, '2016-10-04 11:09:22', '8THGRAVITY', 0, 0),
(201603000001972, 201602000000751, 1, 80, 0, '2016-10-04 13:25:57', 'GETGLAM', 0, 0),
(201603000001973, 201602000000463, 1, 270, 57, '2016-10-04 14:01:55', '8THGRAVITY', 0, 0),
(201603000001974, 201602000000567, 1, 199, 13, '2016-10-04 14:11:17', '8THGRAVITY', 0, 0),
(201603000001975, 201602000000185, 1, 77, 0, '2016-10-04 16:06:01', 'UCOMPLETEME', 0, 0),
(201603000001976, 201602000000056, 1, 250, 25, '2016-10-04 17:37:17', 'TWELFTHDISTRICT', 0, 0),
(201603000001977, 201602000000385, 1, 20, 0, '2016-10-04 18:22:37', 'SIMPLYFAB', 0, 0),
(201603000001978, 201602000000388, 1, 25, 0, '2016-10-04 18:22:37', 'SIMPLYFAB', 0, 0),
(201603000001979, 201602000000664, 1, 280, 0, '2016-10-04 18:26:16', 'TWELFTHDISTRICT', 0, 0),
(201603000001980, 201602000000464, 1, 170, 17, '2016-10-04 18:56:19', '8THGRAVITY', 0, 0),
(201603000001981, 201602000000833, 1, 160, 16, '2016-10-04 19:50:38', '8THGRAVITY', 0, 0),
(201603000001982, 201602000000405, 1, 150, 0, '2016-10-04 19:50:38', 'TWELFTHDISTRICT', 0, 0),
(201603000001983, 201602000000818, 1, 150, 14, '2016-10-04 19:53:05', '8THGRAVITY', 0, 0),
(201603000001984, 201602000000689, 1, 250, 0, '2016-10-04 19:53:05', 'STYLECREW', 0, 0),
(201603000001985, 201602000000523, 1, 300, 0, '2016-10-04 19:58:30', 'UCOMPLETEME', 0, 0),
(201603000001986, 201602000000836, 1, 285, 28, '2016-10-04 20:21:45', '8THGRAVITY', 0, 0),
(201603000001987, 201602000000187, 1, 88, 0, '2016-10-05 10:42:19', 'UCOMPLETEME', 0, 0),
(201603000001988, 201602000000187, 1, 88, 0, '2016-10-05 10:42:19', 'UCOMPLETEME', 0, 0),
(201603000001989, 201602000000727, 1, 270, 27, '2016-10-05 11:35:44', '8THGRAVITY', 0, 0),
(201603000001990, 201602000000667, 1, 168, 0, '2016-10-05 12:36:46', 'TWELFTHDISTRICT', 0, 0),
(201603000001991, 201602000000508, 1, 300, 0, '2016-10-05 12:36:46', 'ZERO2TEN', 0, 0),
(201603000001992, 201602000000566, 1, 230, 23, '2016-10-05 12:36:46', '8THGRAVITY', 0, 0),
(201603000001993, 201602000000089, 1, 450, 45, '2016-10-05 13:30:06', '8THGRAVITY', 0, 0),
(201603000001994, 201602000000185, 1, 77, 0, '2016-10-05 14:53:30', 'UCOMPLETEME', 0, 0),
(201603000001995, 201602000000229, 1, 120, 0, '2016-10-05 15:02:16', 'GETGLAM', 0, 0),
(201603000001996, 201602000000724, 1, 185, 18, '2016-10-05 15:30:30', '8THGRAVITY', 0, 0),
(201603000001997, 201602000000724, 1, 185, 18, '2016-10-05 15:30:59', '8THGRAVITY', 0, 0),
(201603000001998, 201602000000138, 1, 250, 125, '2016-10-05 15:32:42', '8THGRAVITY', 0, 0),
(201603000001999, 201602000000103, 1, 300, 30, '2016-10-05 16:30:51', '8THGRAVITY', 0, 0),
(201603000002000, 201602000000294, 1, 75, 0, '2016-10-05 17:18:48', '27THFASHION', 0, 0),
(201603000002001, 201602000000707, 1, 250, 0, '2016-10-05 17:38:02', '27THFASHION', 0, 0),
(201603000002002, 201602000000346, 1, 190, 28.5, '2016-10-05 18:02:32', 'SKULMATE', 0, 0),
(201603000002003, 201602000000064, 1, 150, 0, '2016-10-05 18:36:25', 'TWELFTHDISTRICT', 0, 0),
(201603000002004, 201602000000346, 1, 190, 28, '2016-10-05 18:55:20', 'SKULMATE', 0, 0),
(201603000002005, 201602000000705, 1, 299, 0, '2016-10-05 19:10:22', '27THFASHION', 0, 0),
(201603000002006, 201602000000705, 1, 299, 0, '2016-10-05 19:11:55', '27THFASHION', 0, 0),
(201603000002007, 201602000000218, 1, 150, 0, '2016-10-05 19:17:38', 'GETGLAM', 0, 0),
(201603000002008, 201602000000744, 1, 360, 0, '2016-10-05 19:17:38', 'LIZPICKS', 0, 0),
(201603000002009, 201602000000527, 1, 399, 0, '2016-10-05 19:17:38', 'PURPLEROW', 0, 0),
(201603000002010, 201602000000845, 1, 250, 0, '2016-10-05 19:17:38', 'LIZPICKS', 0, 0),
(201603000002011, 201602000000253, 1, 200, 0, '2016-10-05 19:54:38', 'GETGLAM', 0, 0),
(201603000002012, 201602000000709, 1, 250, 0, '2016-10-05 19:54:38', '27THFASHION', 0, 0),
(201603000002013, 201602000000629, 1, 340, 0, '2016-10-05 19:54:38', 'LIZPICKS', 0, 0),
(201603000002014, 201602000000643, 1, 199, 0, '2016-10-05 19:54:38', '8THGRAVITY', 0, 0),
(201603000002015, 201602000000780, 1, 250, 0, '2016-10-05 20:01:25', '8THGRAVITY', 0, 0),
(201603000002016, 201602000000077, 1, 50, 0, '2016-10-05 20:18:26', 'TWELFTHDISTRICT', 0, 0),
(201603000002017, 201602000000405, 1, 150, 0, '2016-10-05 20:19:15', 'TWELFTHDISTRICT', 0, 0),
(201603000002018, 201602000000090, 1, 300, 0, '2016-10-05 20:19:15', '8THGRAVITY', 0, 0),
(201603000002019, 201602000000400, 1, 190, 0, '2016-10-05 20:19:15', 'SIMPLYFAB', 0, 0),
(201603000002020, 201602000000394, 1, 25, 0, '2016-10-06 11:07:49', 'SIMPLYFAB', 0, 0),
(201603000002021, 201602000000577, 1, 220, 0, '2016-10-06 11:43:48', '8THGRAVITY', 0, 0),
(201603000002022, 201602000000093, 1, 249, 24, '2016-10-06 12:10:12', '8THGRAVITY', 0, 0),
(201603000002023, 201602000000218, 1, 150, 0, '2016-10-06 12:12:52', 'GETGLAM', 0, 0),
(201603000002024, 201602000000748, 1, 160, 0, '2016-10-06 12:16:17', 'GETGLAM', 0, 0),
(201603000002025, 201602000000804, 1, 300, 0, '2016-10-06 12:44:50', 'ZERO2TEN', 0, 0),
(201603000002026, 201602000000828, 1, 185, 0, '2016-10-06 14:23:15', '8THGRAVITY', 0, 0),
(201603000002027, 201602000000394, 1, 25, 0, '2016-10-06 14:23:15', 'SIMPLYFAB', 0, 0),
(201603000002028, 201602000000495, 1, 150, 0, '2016-10-06 14:26:01', 'STYLECREW', 0, 0),
(201603000002029, 201602000000863, 1, 99, 0, '2016-10-06 14:26:01', '8THGRAVITY', 0, 0),
(201603000002030, 201602000000887, 1, 199, 0, '2016-10-06 14:29:23', '8THGRAVITY', 0, 0),
(201603000002031, 201602000000765, 1, 280, 0, '2016-10-06 15:08:09', 'PURPLEROW', 0, 0),
(201603000002032, 201602000000295, 1, 50, 0, '2016-10-06 15:08:09', '27THFASHION', 0, 0),
(201603000002033, 201602000000167, 1, 250, 0, '2016-10-06 15:37:19', 'STYLECREW', 0, 0),
(201603000002034, 201602000000765, 1, 280, 0, '2016-10-06 15:37:19', 'PURPLEROW', 0, 0),
(201603000002035, 201602000000748, 1, 160, 0, '2016-10-06 15:56:46', 'GETGLAM', 0, 0),
(201603000002036, 201602000000463, 1, 270, 54, '2016-10-06 16:21:46', '8THGRAVITY', 0, 0),
(201603000002037, 201602000000243, 1, 250, 0, '2016-10-06 16:36:06', 'GETGLAM', 0, 0),
(201603000002038, 201602000000225, 1, 250, 0, '2016-10-06 16:36:06', 'GETGLAM', 0, 0),
(201603000002039, 201602000000364, 1, 25, 0, '2016-10-06 16:36:06', 'SIMPLYFAB', 0, 0),
(201603000002040, 201602000000832, 1, 175, 17, '2016-10-06 17:00:54', '8THGRAVITY', 0, 0),
(201603000002041, 201602000000484, 1, 180, 18, '2016-10-06 17:22:39', '8THGRAVITY', 0, 0),
(201603000002042, 201602000000037, 1, 170, 17, '2016-10-06 17:22:39', '8THGRAVITY', 0, 0),
(201603000002043, 201602000000748, 1, 160, 0, '2016-10-06 17:22:39', 'GETGLAM', 0, 0),
(201603000002044, 201602000000786, 1, 35, 0, '2016-10-06 17:22:39', 'SKULMATE', 0, 0),
(201603000002045, 201602000000455, 1, 165, 0, '2016-10-06 17:34:58', '8THGRAVITY', 0, 0),
(201603000002046, 201602000000229, 1, 120, 0, '2016-10-06 17:35:28', 'GETGLAM', 0, 0),
(201603000002047, 201602000000868, 1, 190, 0, '2016-10-06 17:47:39', '8THGRAVITY', 0, 0),
(201603000002048, 201602000000821, 1, 160, 0, '2016-10-06 17:47:39', '8THGRAVITY', 0, 0),
(201603000002049, 201602000000044, 1, 200, 0, '2016-10-06 17:48:46', '8THGRAVITY', 0, 0),
(201603000002050, 201602000000831, 1, 250, 0, '2016-10-06 17:48:46', '8THGRAVITY', 0, 0),
(201603000002051, 201602000000428, 1, 300, 0, '2016-10-06 17:48:46', '8THGRAVITY', 0, 0),
(201603000002052, 201602000000723, 1, 250, 0, '2016-10-06 17:50:04', '8THGRAVITY', 0, 0),
(201603000002053, 201602000000555, 1, 200, 0, '2016-10-06 17:50:04', '8THGRAVITY', 0, 0),
(201603000002054, 201602000000821, 1, 160, 0, '2016-10-06 17:50:04', '8THGRAVITY', 0, 0),
(201603000002055, 201602000000598, 1, 299, 0, '2016-10-06 18:37:17', '27THFASHION', 0, 0),
(201603000002056, 201602000000556, 1, 250, 0, '2016-10-06 18:37:17', '8THGRAVITY', 0, 0),
(201603000002057, 201602000000902, 1, 220, 0, '2016-10-06 18:42:13', 'TWELFTHDISTRICT', 0, 0),
(201603000002058, 201602000000166, 1, 150, 0, '2016-10-06 18:42:13', 'STYLECREW', 0, 0),
(201603000002059, 201602000000385, 1, 20, 0, '2016-10-06 18:45:02', 'SIMPLYFAB', 0, 0),
(201603000002060, 201602000000869, 1, 180, 0, '2016-10-06 19:17:10', '8THGRAVITY', 0, 0),
(201603000002061, 201602000000657, 1, 400, 0, '2016-10-06 19:19:34', '8THGRAVITY', 0, 0),
(201603000002062, 201602000000824, 1, 280, 0, '2016-10-06 19:19:34', '8THGRAVITY', 0, 0),
(201603000002063, 201602000000913, 1, 250, 0, '2016-10-06 19:19:34', 'LIZPICKS', 0, 0),
(201603000002064, 201602000000900, 1, 180, 0, '2016-10-06 19:20:49', 'TWELFTHDISTRICT', 0, 0),
(201603000002065, 201602000000867, 1, 160, 0, '2016-10-06 19:20:49', '8THGRAVITY', 0, 0),
(201603000002066, 201602000000872, 1, 180, 0, '2016-10-06 19:20:49', '8THGRAVITY', 0, 0),
(201603000002067, 201602000000824, 1, 280, 0, '2016-10-06 19:21:54', '8THGRAVITY', 0, 0),
(201603000002068, 201602000000828, 1, 185, 0, '2016-10-06 19:24:20', '8THGRAVITY', 0, 0),
(201603000002069, 201602000000908, 1, 360, 0, '2016-10-06 19:24:20', 'LIZPICKS', 0, 0),
(201603000002070, 201602000000484, 1, 180, 0, '2016-10-06 19:30:41', '8THGRAVITY', 0, 0),
(201603000002071, 201602000000568, 1, 245, 0, '2016-10-06 19:30:41', '8THGRAVITY', 0, 0),
(201603000002072, 201602000000752, 1, 90, 0, '2016-10-06 19:51:26', 'GETGLAM', 0, 0),
(201603000002073, 201602000000761, 1, 160, 0, '2016-10-06 20:13:04', 'GETGLAM', 0, 0),
(201603000002074, 201602000000761, 1, 160, 0, '2016-10-06 20:13:04', 'GETGLAM', 0, 0),
(201603000002075, 201602000000761, 1, 160, 0, '2016-10-06 20:13:04', 'GETGLAM', 0, 0),
(201603000002076, 201602000000761, 1, 160, 0, '2016-10-06 20:13:04', 'GETGLAM', 0, 0),
(201603000002077, 201602000000229, 1, 120, 0, '2016-10-06 20:13:04', 'GETGLAM', 0, 0),
(201603000002078, 201602000000229, 1, 120, 0, '2016-10-06 20:13:04', 'GETGLAM', 0, 0),
(201603000002079, 201602000000759, 1, 160, 0, '2016-10-06 20:13:04', 'GETGLAM', 0, 0),
(201603000002080, 201602000000759, 1, 160, 0, '2016-10-06 20:13:04', 'GETGLAM', 0, 0),
(201603000002081, 201602000000229, 1, 120, 0, '2016-10-06 20:13:04', 'GETGLAM', 0, 0),
(201603000002082, 201602000000237, 1, 180, 0, '2016-10-06 20:13:04', 'GETGLAM', 0, 0),
(201603000002083, 201602000000868, 1, 190, 0, '2016-10-06 20:29:53', '8THGRAVITY', 0, 0),
(201603000002084, 201602000000796, 1, 450, 0, '2016-10-07 10:54:23', 'ZERO2TEN', 0, 0),
(201603000002085, 201602000000227, 1, 120, 0, '2016-10-07 11:53:56', 'GETGLAM', 0, 0),
(201603000002086, 201602000000228, 1, 120, 0, '2016-10-07 11:53:56', 'GETGLAM', 0, 0),
(201603000002087, 201602000000748, 1, 160, 0, '2016-10-07 11:58:57', 'GETGLAM', 0, 0),
(201603000002088, 201602000000290, 1, 125, 0, '2016-10-07 12:56:38', '27THFASHION', 0, 0),
(201603000002089, 201602000000383, 1, 30, 0, '2016-10-07 13:28:50', 'SIMPLYFAB', 0, 0),
(201603000002090, 201602000000391, 1, 45, 0, '2016-10-07 13:28:50', 'SIMPLYFAB', 0, 0),
(201603000002091, 201602000000832, 1, 175, 0, '2016-10-07 14:09:20', '8THGRAVITY', 0, 0),
(201603000002092, 201602000000060, 1, 170, 0, '2016-10-07 14:20:26', 'TWELFTHDISTRICT', 0, 0),
(201603000002093, 201602000000786, 1, 35, 0, '2016-10-07 14:23:13', 'SKULMATE', 0, 0),
(201603000002094, 201602000000786, 1, 35, 0, '2016-10-07 14:23:13', 'SKULMATE', 0, 0),
(201603000002095, 201602000000786, 1, 35, 0, '2016-10-07 14:23:13', 'SKULMATE', 0, 0),
(201603000002096, 201602000000892, 1, 130, 0, '2016-10-07 14:23:13', '8THGRAVITY', 0, 0),
(201603000002097, 201602000000294, 1, 75, 0, '2016-10-07 14:23:13', '27THFASHION', 0, 0),
(201603000002098, 201602000000153, 1, 390, 0, '2016-10-07 14:41:08', '27THFASHION', 0, 0),
(201603000002099, 201602000000186, 1, 125, 0, '2016-10-07 15:05:38', 'UCOMPLETEME', 0, 0),
(201603000002100, 201602000000045, 1, 220, 0, '2016-10-07 15:42:28', '8THGRAVITY', 0, 0),
(201603000002101, 201602000000887, 1, 199, 0, '2016-10-07 16:00:16', '8THGRAVITY', 0, 0),
(201603000002102, 201602000000425, 1, 250, 0, '2016-10-07 16:00:16', '8THGRAVITY', 0, 0),
(201603000002103, 201602000000887, 1, 199, 0, '2016-10-07 16:00:16', '8THGRAVITY', 0, 0),
(201603000002104, 201602000000394, 1, 25, 0, '2016-10-07 17:11:21', 'SIMPLYFAB', 0, 0),
(201603000002105, 201602000000380, 1, 25, 0, '2016-10-07 17:11:21', 'SIMPLYFAB', 0, 0),
(201603000002106, 201602000000743, 1, 360, 0, '2016-10-07 17:11:21', 'LIZPICKS', 0, 0),
(201603000002107, 201602000000865, 1, 160, 0, '2016-10-07 17:11:21', '8THGRAVITY', 0, 0),
(201603000002108, 201602000000901, 1, 199, 0, '2016-10-07 17:15:08', 'TWELFTHDISTRICT', 0, 0),
(201603000002109, 201602000000865, 1, 160, 0, '2016-10-07 17:24:26', '8THGRAVITY', 0, 0),
(201603000002110, 201602000000400, 1, 190, 0, '2016-10-07 17:25:36', 'SIMPLYFAB', 0, 0),
(201603000002111, 201602000000873, 1, 180, 0, '2016-10-07 18:01:48', '8THGRAVITY', 0, 0),
(201603000002112, 201602000000748, 1, 160, 0, '2016-10-07 18:01:48', 'GETGLAM', 0, 0),
(201603000002113, 201602000000020, 1, 250, 0, '2016-10-07 18:05:05', '27THFASHION', 0, 0),
(201603000002114, 201602000000868, 1, 190, 0, '2016-10-07 19:09:58', '8THGRAVITY', 0, 0),
(201603000002115, 201602000000866, 1, 195, 0, '2016-10-07 19:09:58', '8THGRAVITY', 0, 0),
(201603000002116, 201602000000013, 1, 499, 0, '2016-10-07 19:09:58', '27THFASHION', 0, 0),
(201603000002117, 201602000000289, 1, 180, 0, '2016-10-07 19:09:58', '27THFASHION', 0, 0),
(201603000002118, 201602000000388, 1, 25, 0, '2016-10-07 19:09:58', 'SIMPLYFAB', 0, 0),
(201603000002119, 201602000000664, 1, 280, 0, '2016-10-07 19:09:58', 'TWELFTHDISTRICT', 0, 0),
(201603000002120, 201602000000905, 1, 250, 0, '2016-10-07 19:14:19', 'TWELFTHDISTRICT', 0, 0),
(201603000002121, 201602000000865, 1, 160, 0, '2016-10-07 19:32:50', '8THGRAVITY', 0, 0),
(201603000002122, 201602000000364, 1, 25, 0, '2016-10-07 19:35:24', 'SIMPLYFAB', 0, 0),
(201603000002123, 201602000000364, 1, 25, 0, '2016-10-07 19:35:24', 'SIMPLYFAB', 0, 0),
(201603000002124, 201602000000587, 1, 580, 0, '2016-10-07 19:35:24', '27THFASHION', 0, 0),
(201603000002125, 201602000000583, 1, 399, 0, '2016-10-07 19:55:22', '27THFASHION', 0, 0),
(201603000002126, 201602000000803, 1, 300, 0, '2016-10-07 19:55:22', 'ZERO2TEN', 0, 0),
(201603000002127, 201602000000268, 1, 550, 0, '2016-10-07 20:04:29', 'PURPLEROW', 0, 0),
(201603000002128, 201602000000229, 1, 120, 0, '2016-10-07 20:06:28', 'GETGLAM', 0, 0),
(201603000002129, 201602000000217, 1, 150, 0, '2016-10-07 20:06:28', 'GETGLAM', 0, 0),
(201603000002130, 201602000000887, 1, 199, 0, '2016-10-07 20:24:05', '8THGRAVITY', 0, 0),
(201603000002131, 201602000000772, 1, 380, 0, '2016-10-08 11:49:32', 'PURPLEROW', 0, 0),
(201603000002132, 201602000000865, 1, 160, 0, '2016-10-08 11:59:58', '8THGRAVITY', 0, 0),
(201603000002133, 201602000000901, 1, 199, 0, '2016-10-08 12:14:06', 'TWELFTHDISTRICT', 0, 0),
(201603000002134, 201602000000903, 1, 250, 0, '2016-10-08 13:40:24', 'TWELFTHDISTRICT', 0, 0),
(201603000002135, 201602000000769, 1, 250, 0, '2016-10-08 14:43:31', 'PURPLEROW', 0, 0),
(201603000002136, 201602000000186, 1, 125, 0, '2016-10-08 14:53:55', 'UCOMPLETEME', 0, 0),
(201603000002137, 201602000000900, 1, 180, 0, '2016-10-08 15:27:59', 'TWELFTHDISTRICT', 0, 0),
(201603000002138, 201602000000446, 1, 249, 0, '2016-10-08 15:31:08', '8THGRAVITY', 0, 0),
(201603000002139, 201602000000747, 1, 65, 0, '2016-10-08 15:33:36', 'GETGLAM', 0, 0),
(201603000002140, 201602000000294, 1, 75, 0, '2016-10-08 15:37:48', '27THFASHION', 0, 0),
(201603000002141, 201602000000502, 1, 280, 0, '2016-10-08 15:43:50', 'STYLECREW', 0, 0),
(201603000002142, 201602000000868, 1, 190, 0, '2016-10-08 16:10:50', '8THGRAVITY', 0, 0),
(201603000002143, 201602000000587, 1, 580, 0, '2016-10-08 16:27:26', '27THFASHION', 0, 0),
(201603000002144, 201602000000876, 1, 185, 0, '2016-10-08 16:27:26', '8THGRAVITY', 0, 0),
(201603000002145, 201602000000871, 1, 175, 0, '2016-10-08 16:27:26', '8THGRAVITY', 0, 0),
(201603000002146, 201602000000464, 1, 170, 0, '2016-10-08 16:33:34', '8THGRAVITY', 0, 0),
(201603000002147, 201602000000424, 1, 450, 0, '2016-10-08 16:33:34', '8THGRAVITY', 0, 0),
(201603000002148, 201602000000867, 1, 160, 0, '2016-10-08 16:33:34', '8THGRAVITY', 0, 0),
(201603000002149, 201602000000555, 1, 200, 0, '2016-10-08 17:31:46', '8THGRAVITY', 0, 0),
(201603000002150, 201602000000355, 1, 20, 0, '2016-10-08 18:06:31', 'SKULMATE', 0, 0),
(201603000002151, 201602000000514, 1, 480, 0, '2016-10-08 18:38:57', 'ZERO2TEN', 0, 0),
(201603000002152, 201602000000890, 1, 150, 30, '2016-10-08 19:19:25', '8THGRAVITY', 0, 0),
(201603000002153, 201602000000033, 1, 150, 0, '2016-10-08 19:56:49', '8THGRAVITY', 0, 0),
(201603000002154, 201602000000552, 1, 250, 0, '2016-10-08 20:20:22', 'STYLECREW', 0, 0),
(201603000002155, 201602000000584, 1, 250, 0, '2016-10-08 20:22:04', '27THFASHION', 0, 0),
(201603000002156, 201602000000915, 1, 350, 0, '2016-10-08 20:22:04', 'LIZPICKS', 0, 0),
(201603000002157, 201602000000187, 1, 88, 0, '2016-10-09 13:11:04', 'UCOMPLETEME', 0, 0),
(201603000002158, 201602000000523, 1, 300, 0, '2016-10-09 13:11:04', 'UCOMPLETEME', 0, 0),
(201603000002159, 201602000000427, 1, 300, 0, '2016-10-09 13:11:51', '8THGRAVITY', 0, 0),
(201603000002160, 201602000000801, 1, 450, 0, '2016-10-09 13:37:38', 'ZERO2TEN', 0, 0),
(201603000002161, 201602000000642, 1, 185, 0, '2016-10-09 13:37:38', '8THGRAVITY', 0, 0),
(201603000002162, 201602000000865, 1, 160, 0, '2016-10-09 13:37:38', '8THGRAVITY', 0, 0),
(201603000002163, 201602000000867, 1, 160, 0, '2016-10-09 13:37:38', '8THGRAVITY', 0, 0),
(201603000002164, 201602000000263, 1, 280, 0, '2016-10-09 13:37:38', 'PURPLEROW', 0, 0),
(201603000002165, 201602000000228, 1, 120, 0, '2016-10-09 13:37:38', 'GETGLAM', 0, 0),
(201603000002166, 201602000000218, 1, 150, 0, '2016-10-09 13:37:38', 'GETGLAM', 0, 0),
(201603000002167, 201602000000573, 1, 285, 0, '2016-10-09 13:37:38', '8THGRAVITY', 0, 0),
(201603000002168, 201602000000261, 1, 299, 0, '2016-10-09 13:37:38', 'PURPLEROW', 0, 0),
(201603000002169, 201602000000274, 1, 180, 0, '2016-10-09 13:37:38', 'TWELFTHDISTRICT', 0, 0),
(201603000002170, 201602000000556, 1, 250, 0, '2016-10-09 13:37:38', '8THGRAVITY', 0, 0),
(201603000002171, 201602000000404, 1, 180, 0, '2016-10-09 13:37:38', 'TWELFTHDISTRICT', 0, 0),
(201603000002172, 201602000000822, 1, 145, 0, '2016-10-09 13:58:44', '8THGRAVITY', 0, 0),
(201603000002173, 201602000000863, 1, 99, 0, '2016-10-09 14:02:50', '8THGRAVITY', 0, 0),
(201603000002174, 201602000000059, 1, 100, 0, '2016-10-09 14:06:48', 'TWELFTHDISTRICT', 0, 0),
(201603000002175, 201602000000865, 1, 160, 0, '2016-10-09 14:06:48', '8THGRAVITY', 0, 0),
(201603000002176, 201602000000225, 1, 250, 0, '2016-10-09 15:54:44', 'GETGLAM', 0, 0),
(201603000002177, 201602000000256, 1, 250, 0, '2016-10-09 15:54:44', 'PURPLEROW', 0, 0),
(201603000002178, 201602000000565, 1, 199, 0, '2016-10-09 15:54:44', '8THGRAVITY', 0, 0),
(201603000002179, 201602000000186, 1, 125, 0, '2016-10-10 11:36:09', 'UCOMPLETEME', 0, 0),
(201603000002180, 201602000000869, 1, 180, 0, '2016-10-10 13:33:20', '8THGRAVITY', 0, 0),
(201603000002181, 201602000000087, 1, 300, 0, '2016-10-10 13:33:20', '8THGRAVITY', 0, 0),
(201603000002182, 201602000000836, 1, 285, 0, '2016-10-10 13:34:47', '8THGRAVITY', 0, 0),
(201603000002183, 201602000000773, 1, 280, 0, '2016-10-10 14:40:06', 'PURPLEROW', 0, 0),
(201603000002184, 201602000000774, 1, 280, 0, '2016-10-10 14:40:06', 'PURPLEROW', 0, 0),
(201603000002185, 201602000000772, 1, 380, 0, '2016-10-10 14:40:06', 'PURPLEROW', 0, 0),
(201603000002186, 201602000000567, 1, 199, 0, '2016-10-10 17:09:30', '8THGRAVITY', 0, 0),
(201603000002187, 201602000000790, 1, 199, 0, '2016-10-10 17:11:01', 'SKULMATE', 0, 0),
(201603000002188, 201602000000069, 1, 200, 0, '2016-10-10 17:12:44', 'TWELFTHDISTRICT', 0, 0),
(201603000002189, 201602000000901, 1, 199, 0, '2016-10-10 17:12:44', 'TWELFTHDISTRICT', 0, 0),
(201603000002190, 201602000000729, 1, 195, 0, '2016-10-10 17:17:15', '8THGRAVITY', 0, 0),
(201603000002191, 201602000000535, 1, 150, 0, '2016-10-10 17:17:15', 'ZERO2TEN', 0, 0),
(201603000002192, 201602000000490, 1, 240, 0, '2016-10-10 17:17:15', 'STYLECREW', 0, 0),
(201603000002193, 201602000000891, 1, 150, 0, '2016-10-10 17:45:02', '8THGRAVITY', 0, 0),
(201603000002194, 201602000000569, 1, 185, 0, '2016-10-10 17:45:02', '8THGRAVITY', 0, 0),
(201603000002195, 201602000000019, 1, 200, 0, '2016-10-10 17:47:26', '27THFASHION', 0, 0),
(201603000002196, 201602000000394, 1, 25, 0, '2016-10-10 17:47:26', 'SIMPLYFAB', 0, 0),
(201603000002197, 201602000000104, 1, 300, 0, '2016-10-10 18:08:38', '8THGRAVITY', 0, 0),
(201603000002198, 201602000000104, 1, 300, 0, '2016-10-10 18:09:04', '8THGRAVITY', 0, 0),
(201603000002199, 201602000000733, 1, 249, 25, '2016-10-10 18:57:44', '8THGRAVITY', 0, 0),
(201603000002200, 201602000000140, 1, 200, 0, '2016-10-10 19:29:30', '27THFASHION', 0, 0),
(201603000002201, 201602000000364, 1, 25, 0, '2016-10-10 19:33:04', 'SIMPLYFAB', 0, 0),
(201603000002202, 201602000000083, 1, 260, 0, '2016-10-10 20:54:24', '8THGRAVITY', 0, 0),
(201603000002203, 201602000000083, 1, 260, 0, '2016-10-10 20:54:24', '8THGRAVITY', 0, 0),
(201603000002204, 201602000000864, 1, 180, 0, '2016-10-11 11:39:28', '8THGRAVITY', 0, 0),
(201603000002205, 201602000000871, 1, 175, 0, '2016-10-11 12:56:54', '8THGRAVITY', 0, 0),
(201603000002206, 201602000000810, 1, 300, 0, '2016-10-11 13:15:01', 'ZERO2TEN', 0, 0),
(201603000002207, 201602000000804, 1, 300, 0, '2016-10-11 13:15:01', 'ZERO2TEN', 0, 0),
(201603000002208, 201602000000227, 1, 120, 0, '2016-10-11 13:33:29', 'GETGLAM', 0, 0),
(201603000002209, 201602000000187, 1, 88, 0, '2016-10-11 13:36:54', 'UCOMPLETEME', 0, 0),
(201603000002210, 201602000000255, 1, 250, 0, '2016-10-11 15:19:41', 'PURPLEROW', 0, 0),
(201603000002211, 201602000000199, 1, 150, 0, '2016-10-11 15:19:41', 'TWELFTHDISTRICT', 0, 0),
(201603000002212, 201602000000868, 1, 190, 0, '2016-10-11 15:37:20', '8THGRAVITY', 0, 0),
(201603000002213, 201602000000817, 1, 160, 0, '2016-10-11 15:45:34', 'TWELFTHDISTRICT', 0, 0),
(201603000002214, 201602000000927, 1, 199, 0, '2016-10-11 15:45:34', '8THGRAVITY', 0, 0),
(201603000002215, 201602000000459, 1, 170, 0, '2016-10-11 16:26:34', '8THGRAVITY', 0, 0),
(201603000002216, 201602000000404, 1, 180, 0, '2016-10-11 16:26:34', 'TWELFTHDISTRICT', 0, 0),
(201603000002217, 201602000000884, 1, 99, 0, '2016-10-11 16:26:34', '8THGRAVITY', 0, 0),
(201603000002218, 201602000000873, 1, 180, 0, '2016-10-11 16:44:48', '8THGRAVITY', 0, 0),
(201603000002219, 201602000000563, 1, 250, 0, '2016-10-11 16:44:48', '8THGRAVITY', 0, 0),
(201603000002220, 201602000000812, 1, 280, 0, '2016-10-11 17:28:40', 'ZERO2TEN', 0, 0),
(201603000002221, 201602000000812, 1, 280, 0, '2016-10-11 18:41:45', 'ZERO2TEN', 0, 0),
(201603000002222, 201602000000560, 1, 149, 0, '2016-10-11 18:41:45', '8THGRAVITY', 0, 0),
(201603000002223, 201602000000803, 1, 300, 0, '2016-10-11 18:42:27', 'ZERO2TEN', 0, 0);

-- --------------------------------------------------------

--
-- Table structure for table `pos_supplier`
--

CREATE TABLE IF NOT EXISTS `pos_supplier` (
  `supplier_id` bigint(20) NOT NULL AUTO_INCREMENT,
  `supplier_name` varchar(255) NOT NULL,
  `supplier_user` bigint(20) NOT NULL,
  PRIMARY KEY (`supplier_id`),
  KEY `supplier_id` (`supplier_id`)
) ENGINE=InnoDB  DEFAULT CHARSET=latin1 AUTO_INCREMENT=201605000000004 ;

--
-- Dumping data for table `pos_supplier`
--

INSERT INTO `pos_supplier` (`supplier_id`, `supplier_name`, `supplier_user`) VALUES
(201605000000001, 'Bench', 201601000000002),
(201605000000002, 'Tenant Sample', 201601000000001),
(201605000000003, 'SixSpenshoppe', 201601000000010);

-- --------------------------------------------------------

--
-- Table structure for table `pos_user`
--

CREATE TABLE IF NOT EXISTS `pos_user` (
  `user_id` bigint(20) NOT NULL AUTO_INCREMENT,
  `user_username` varchar(255) NOT NULL,
  `user_password` varchar(255) NOT NULL,
  `user_type` int(11) NOT NULL,
  `user_status` int(11) NOT NULL,
  PRIMARY KEY (`user_id`),
  UNIQUE KEY `user_username` (`user_username`)
) ENGINE=InnoDB DEFAULT CHARSET=latin1 AUTO_INCREMENT=1 ;

-- --------------------------------------------------------

--
-- Table structure for table `uploads`
--

CREATE TABLE IF NOT EXISTS `uploads` (
  `upload_id` int(11) NOT NULL AUTO_INCREMENT,
  `img_name` varchar(32) NOT NULL,
  `ext` varchar(10) NOT NULL,
  `upload_date` varchar(20) NOT NULL,
  `path` varchar(255) NOT NULL,
  `type` int(11) NOT NULL,
  `fk_ID` int(11) NOT NULL,
  PRIMARY KEY (`upload_id`),
  KEY `id` (`upload_id`)
) ENGINE=InnoDB  DEFAULT CHARSET=latin1 AUTO_INCREMENT=151 ;

--
-- Dumping data for table `uploads`
--

INSERT INTO `uploads` (`upload_id`, `img_name`, `ext`, `upload_date`, `path`, `type`, `fk_ID`) VALUES
(119, '55c443b7e71f2', 'jpg', '1438925751', 'C:\\xampp\\htdocs\\ep-002-marketplace/uploads/55c443b7e71f2.jpg', 0, 0),
(120, '55d3f24c2e143', 'jpg', '1439953484', '', 0, 0),
(121, '55d3f2ad140f1', 'jpg', '1439953581', '', 0, 0),
(122, '55d3f2e522b09', 'jpeg', '1439953637', '', 0, 0),
(123, '55d3f34968129', 'jpg', '1439953737', '', 0, 0),
(124, '55d3f3ac09871', 'jpg', '1439953836', '', 0, 0),
(125, '55d3f4819fe30', 'jpg', '1439954049', '', 0, 0),
(126, '55d3f4b06c144', 'jpg', '1439954096', '', 0, 0),
(127, '55d3f8fbc0b24', 'jpg', '1439955195', '', 0, 0),
(128, '55d3f986a2f3e', 'jpg', '1439955334', '', 0, 0),
(129, '55d3f9afed494', 'jpeg', '1439955375', '', 0, 2),
(130, '55ded1d538434', 'png', '1440666069', '', 0, 3),
(131, '55ded21cdf71c', 'png', '1440666140', '', 0, 3),
(132, '55df84e708a8c', 'jpeg', '1440711911', '', 1, 3),
(133, '55df8e3ce1dc7', 'jpeg', '1440714300', '', 1, 3),
(134, '55df8f1c56313', 'png', '1440714524', '', 1, 0),
(135, '55df8f7f74e01', 'png', '1440714623', '', 1, 0),
(136, '55df900dde178', 'png', '1440714765', '', 1, 0),
(137, '55df90357e43b', 'png', '1440714805', '', 1, 0),
(138, '55df929f549aa', 'png', '1440715423', '', 1, 0),
(139, '55df931dcf684', 'png', '1440715549', '', 1, 0),
(140, '55df934ec2585', 'png', '1440715598', '', 1, 0),
(141, '55df9388a24b4', 'png', '1440715656', '', 1, 0),
(142, '55df9b3b63689', 'png', '1440717627', '', 1, 40),
(143, '55df9bb579cea', 'png', '1440717749', '', 1, 41),
(144, '55df9e470be2c', 'png', '1440718407', '', 1, 42),
(145, '55dfa06bd534d', 'png', '1440718955', '', 1, 46),
(146, '55dfa8facbe15', 'png', '1440721146', '', 1, 48),
(147, '55e168d9075af', 'png', '1440835801', '', 1, 49),
(148, '55e53a5a1dfa7', 'png', '1441086042', '', 1, 50),
(149, '55e56e7811dca', 'jpg', '1441099384', '', 1, 52),
(150, '55ee7c700bb50', 'png', '1441692784', '', 1, 53);

-- --------------------------------------------------------

--
-- Table structure for table `users`
--

CREATE TABLE IF NOT EXISTS `users` (
  `User_ID` int(11) NOT NULL AUTO_INCREMENT,
  `email` varchar(120) NOT NULL,
  `password` varchar(32) NOT NULL,
  `fullname` varchar(255) NOT NULL,
  `signup_date` date NOT NULL,
  `fbid` varchar(120) NOT NULL,
  PRIMARY KEY (`User_ID`),
  UNIQUE KEY `email` (`email`),
  KEY `ID` (`User_ID`)
) ENGINE=InnoDB  DEFAULT CHARSET=latin1 AUTO_INCREMENT=7 ;

--
-- Dumping data for table `users`
--

INSERT INTO `users` (`User_ID`, `email`, `password`, `fullname`, `signup_date`, `fbid`) VALUES
(3, 'jmalvarez@potatocodes.com', '21232f297a57a5a743894a0e4a801fc3', 'Juaning', '2015-08-27', ''),
(4, 'juanmiguelalvarez@yahoo.com', '21232f297a57a5a743894a0e4a801fc3', 'Rosa En Fiore', '2015-08-28', ''),
(5, 'Admin@yahoo.com', '21232f297a57a5a743894a0e4a801fc3', 'Admina', '2015-09-08', ''),
(6, 'octopi@gmail.com', '21232f297a57a5a743894a0e4a801fc3', 'Octopi', '2015-09-08', '');

/*!40101 SET CHARACTER_SET_CLIENT=@OLD_CHARACTER_SET_CLIENT */;
/*!40101 SET CHARACTER_SET_RESULTS=@OLD_CHARACTER_SET_RESULTS */;
/*!40101 SET COLLATION_CONNECTION=@OLD_COLLATION_CONNECTION */;
